code,from_date,end_date,days_missed,games_missed,reason
11948,2022-09-12,2023-04-20,221.0,29,Knee problems
11974,2023-04-13,2023-05-08,26.0,5,Leg injury
15033,2020-09-07,2020-09-18,12.0,1,Hamstring strain
15033,2021-01-22,2021-05-12,111.0,23,Back injury
15157,2020-07-09,2020-07-21,13.0,2,Hamstring strain
15157,2020-09-21,2020-09-27,7.0,1,Calf injury
15157,2020-11-28,2020-12-26,29.0,7,Hamstring injury
15157,2021-05-02,2021-05-17,16.0,3,unknown injury
15157,2021-08-15,2021-09-08,25.0,2,Muscle injury
15157,2021-10-24,2021-11-22,30.0,6,Hamstring injury
15157,2022-11-01,2022-11-11,11.0,3,concussion
15157,2022-12-22,2023-01-14,24.0,6,Hamstring injury
15157,2023-09-20,2023-10-15,26.0,6,Muscle injury
15157,2024-01-31,2024-06-12,134.0,19,Muscle injury
15157,2024-08-31,2024-09-14,15.0,2,Hamstring injury
15157,2024-10-01,2025-05-25,237.0,37,Thigh problems
15157,2025-10-31,2025-12-08,39.0,6,Muscle injury
15157,2026-04-10,2026-05-08,29.0,4,Muscle injury
17601,2021-01-06,2021-03-14,68.0,20,Virus
17745,2023-09-14,2023-09-21,8.0,1,Bruised ribs
17745,2024-04-24,2024-04-30,7.0,2,Groin injury
17745,2024-05-19,2024-05-31,13.0,2,minor knock
17745,2025-03-24,2025-05-05,43.0,6,Shoulder injury
17745,2025-12-22,2025-12-29,8.0,1,unknown injury
17745,2026-02-27,2027-02-28,367.0,14,Shoulder injury
17761,2020-09-16,2020-09-29,14.0,4,Toe injury
17761,2025-04-21,2025-07-14,85.0,5,Hamstring injury
17761,2026-03-13,2026-03-17,5.0,1,unknown injury
17997,2020-10-21,2020-11-05,16.0,2,Virus
17997,2020-11-24,2020-12-13,20.0,3,Chest injury
18073,2020-07-01,2020-07-04,4.0,1,Hamstring injury
18073,2020-09-13,2020-09-26,14.0,3,Ankle injury
18073,2020-10-25,2020-11-21,28.0,2,Chest injury
18499,2020-12-26,2021-04-01,97.0,23,Hamstring injury
18892,2020-10-11,2020-10-24,14.0,3,Corona virus
18892,2023-12-11,2024-01-25,46.0,8,Muscle injury
18892,2026-01-26,,246.0,19,Hip flexor problems
18987,2021-01-28,2021-01-29,2.0,0,Knee problems
18987,2023-03-06,2023-03-13,8.0,2,Knock
19188,2020-09-20,2020-10-02,13.0,1,bruise
19188,2022-01-11,2022-03-03,52.0,11,Hamstring injury
19419,2020-07-08,2020-10-17,102.0,9,Hamstring injury
19419,2020-10-23,2020-11-06,15.0,2,Calf injury
19419,2020-12-20,2021-01-13,25.0,4,Knock
20066,2020-10-16,2021-02-15,123.0,24,Hamstring strain
20452,2021-09-01,2021-09-19,19.0,4,Corona virus
20467,2020-11-07,2020-11-22,16.0,0,Hamstring injury
20467,2021-02-01,2021-03-25,53.0,11,Hamstring injury
20467,2022-12-20,2023-01-27,39.0,9,Calf strain
20480,2021-01-04,2021-01-18,15.0,2,Corona virus
21205,2020-11-10,2020-12-12,33.0,3,Knock
21205,2023-03-18,2023-05-17,61.0,13,Ankle injury
21205,2023-08-10,2023-09-17,39.0,5,Calf injury
27436,2020-07-06,2020-07-10,5.0,1,Foot injury
27436,2020-09-10,2020-09-13,4.0,0,Knock
27436,2020-10-10,2020-10-17,8.0,0,Knock
27436,2022-03-09,2022-05-08,61.0,11,Thigh problems
27436,2025-05-11,2025-05-27,17.0,1,Hamstring injury
28411,2020-08-10,2020-08-24,15.0,1,Hamstring muscle injury
28411,2020-08-31,2020-09-14,15.0,2,Corona virus
28411,2020-09-10,2020-09-17,8.0,3,Back injury
28411,2021-01-21,2021-02-01,12.0,2,Bruised ribs
28411,2021-02-01,2021-02-11,11.0,3,Adductor pain
28411,2021-04-15,2021-04-26,12.0,3,Shoulder injury
28411,2021-05-27,2021-06-28,33.0,3,Shoulder injury
28411,2021-10-14,2021-10-18,5.0,1,Adductor injury
28411,2021-11-04,2021-11-15,12.0,2,Elbow injury
28411,2022-08-20,2022-08-22,3.0,1,Lumbar vertebra problems
28411,2022-09-12,2022-09-15,4.0,1,minor knock
28411,2022-10-31,2022-11-10,11.0,3,Back injury
28411,2022-11-10,2022-11-14,5.0,1,Rest
28411,2023-05-20,2023-07-17,59.0,5,Groin injury
28411,2023-09-29,2023-10-04,6.0,2,Back injury
28411,2023-10-24,2023-12-21,59.0,14,Lumbar vertebra problems
28411,2025-07-13,2025-07-14,2.0,1,stomach problems
28411,2025-07-13,2025-07-14,2.0,1,Stomach problems
32259,2021-01-20,2021-04-18,89.0,18,Knock
36903,2020-09-09,2020-10-16,38.0,9,Knee problems
36903,2020-12-12,2020-12-19,8.0,2,Knock
36903,2020-12-23,2021-01-12,21.0,5,Calf problems
36903,2021-02-08,2021-02-12,5.0,1,unknown injury
36903,2021-09-11,2021-11-08,59.0,15,Knee injury
36903,2021-11-15,2021-12-10,26.0,7,Calf injury
36903,2021-12-16,2021-12-26,11.0,2,Corona virus
36903,2021-12-29,2022-01-18,21.0,5,Back problems
36903,2022-02-23,2022-03-01,7.0,1,muscular problems
36903,2022-03-19,2022-03-21,3.0,1,minor knock
36903,2022-04-19,2022-04-25,7.0,1,minor knock
36903,2022-04-29,2022-05-19,21.0,5,Back problems
36903,2022-10-19,2022-11-04,17.0,2,Leg injury
37096,2020-12-30,2021-01-15,17.0,2,Muscle strain
37096,2021-02-26,2021-03-05,8.0,1,Arm injury
37096,2024-12-27,2025-01-10,15.0,3,Head injury
37096,2025-09-19,,375.0,38,Back injury
37339,2020-07-22,2020-09-14,55.0,1,Hamstring injury
37402,2020-07-18,2020-09-12,57.0,2,Groin injury
37402,2022-05-08,2022-05-16,9.0,2,Thigh problems
37402,2022-06-10,2022-06-20,11.0,2,Hamstring injury
37572,2020-10-25,2020-11-20,27.0,6,Hamstring injury
37572,2020-11-26,2020-12-08,13.0,3,Knee injury
37572,2020-12-17,2020-12-18,2.0,0,Knock
37572,2021-01-07,2021-02-12,37.0,10,Corona virus
37572,2021-08-07,2021-10-16,71.0,9,Calf injury
37572,2021-10-31,2021-12-15,46.0,8,heart problems
37605,2021-01-18,2021-01-25,8.0,3,Quarantine
37605,2021-01-25,2021-02-01,8.0,2,Fitness
37605,2021-03-04,2021-04-12,40.0,7,Ankle ligament tear
37605,2021-03-18,2021-04-01,15.0,1,Corona virus
37605,2021-04-12,2021-04-26,15.0,3,Fitness
37605,2021-05-10,2021-05-17,8.0,2,minor knock
37605,2021-08-26,2021-09-06,12.0,2,Groin problems
37605,2021-09-27,2021-10-04,8.0,2,influenza
37605,2021-10-28,2021-11-04,8.0,2,Groin problems
37605,2021-11-18,2021-11-29,12.0,3,Injury to the ankle
37605,2022-01-20,2022-03-03,43.0,8,Lumbar vertebra problems
37605,2022-07-14,2022-08-11,29.0,5,Fitness
37605,2022-09-01,2022-09-05,5.0,1,influenza
37605,2022-09-26,2023-01-02,99.0,14,Back problems
37605,2023-01-02,2023-01-15,14.0,3,Fitness
37605,2023-02-02,2023-03-22,49.0,6,unknown injury
37642,2020-09-10,2020-09-26,17.0,3,Hamstring strain
37642,2020-10-15,2020-10-17,3.0,0,Knock
37642,2020-10-26,2020-11-07,13.0,3,Back injury
37642,2021-01-28,2021-01-29,2.0,0,Knock
37642,2021-05-06,2021-05-12,7.0,2,Muscle injury
37642,2021-08-01,2021-09-10,41.0,7,Foot injury
37642,2021-12-12,2022-03-31,110.0,21,Hamstring injury
37642,2022-10-10,2022-11-06,28.0,5,Calf problems
37642,2022-12-10,2023-05-02,144.0,26,Calf injury
37642,2023-11-08,2023-12-05,28.0,5,Hamstring strain
37642,2024-04-05,2024-05-01,27.0,5,Muscle injury
37642,2025-01-11,2025-04-18,98.0,21,Muscle injury
37915,2020-11-22,2020-11-28,7.0,1,Knock
37915,2020-11-30,2020-12-05,6.0,1,Knock
37915,2023-02-06,2023-03-22,45.0,9,Knee injury
37915,2023-04-24,2023-10-02,162.0,14,Thigh problems
37915,2025-06-28,2025-07-03,6.0,1,Arm injury
37915,2026-04-10,2026-04-13,4.0,1,Rest
37915,2026-05-15,2026-06-30,47.0,2,Leg injury
38588,2020-07-19,2021-02-28,225.0,30,Cruciate ligament tear
38588,2022-05-17,2022-06-30,45.0,2,unknown injury
38588,2022-08-10,2022-08-25,16.0,2,unknown injury
38588,2022-10-06,2022-10-14,9.0,1,unknown injury
39155,2020-11-22,2020-11-27,6.0,0,Groin strain
39155,2020-11-29,2020-12-15,17.0,2,Groin strain
39155,2020-12-28,2021-01-01,5.0,1,Groin strain
39155,2021-01-03,2021-01-26,24.0,4,Groin strain
39155,2021-12-01,2021-12-14,14.0,2,Leg injury
39155,2022-01-14,2022-01-22,9.0,2,Hamstring injury
39155,2022-03-12,2022-04-01,21.0,2,Hamstring injury
39155,2022-08-26,2022-09-28,34.0,3,Calf injury
39155,2023-01-22,2023-04-14,83.0,12,Thigh problems
39155,2025-02-10,2025-03-08,27.0,4,Thigh problems
39476,2020-09-11,2020-09-30,20.0,4,Calf injury
39476,2021-05-12,2021-05-21,10.0,2,Hamstring strain
39476,2021-07-21,2021-07-31,11.0,2,Quarantine
39476,2021-11-07,2021-11-16,10.0,1,muscular problems
39476,2021-11-25,2021-11-29,5.0,2,muscular problems
39476,2021-12-31,2022-01-09,10.0,1,Corona virus
39476,2022-01-23,2022-01-26,4.0,1,muscular problems
39476,2022-08-09,2022-08-30,22.0,5,muscular problems
39476,2022-10-23,2022-10-28,6.0,1,Contracture
39476,2022-11-14,2022-11-25,12.0,0,Hamstring muscle injury
39487,2020-10-20,2020-11-22,34.0,3,Calf injury
39487,2022-02-26,2022-05-02,66.0,14,Knee injury
40142,2020-07-06,2020-07-17,12.0,3,Muscle injury
40142,2020-11-22,2020-12-11,20.0,1,Calf injury
40142,2024-04-14,2024-05-31,48.0,6,Knee injury
40142,2025-01-19,2025-03-07,48.0,5,Hamstring injury
40146,2020-11-02,2020-11-22,21.0,1,Hamstring injury
40146,2021-12-26,2022-02-06,43.0,6,Knee problems
40146,2022-02-07,2023-07-01,510.0,71,Knee surgery
40349,2020-09-10,2020-09-14,5.0,1,Thigh problems
40349,2026-02-28,2026-03-28,29.0,5,Ankle injury
40383,2021-12-02,2021-12-25,24.0,3,unknown injury
40383,2023-07-10,2023-08-27,49.0,3,Back problems
40383,2024-02-16,2024-08-20,187.0,15,Ankle injury
40383,2025-01-01,2025-01-17,17.0,4,Ill
40386,2020-07-12,2020-07-15,4.0,0,Head injury
40386,2022-02-20,2022-04-11,51.0,10,Inner ligament injury
40386,2023-10-07,2024-11-01,392.0,38,Leg injury
40564,2020-07-01,2020-07-04,4.0,0,Knock
40669,2020-11-09,2020-11-19,11.0,0,Groin injury
40669,2021-02-11,2021-04-12,61.0,8,Ankle injury
40669,2021-11-08,2022-07-21,256.0,39,Cruciate ligament tear
40669,2023-04-14,2023-04-19,6.0,1,Back problems
40669,2023-05-11,2023-05-12,2.0,1,Ill
40669,2024-10-22,2024-12-16,56.0,10,Hamstring injury
40720,2020-09-01,2020-10-23,53.0,4,Corona virus
40720,2020-12-06,2020-12-18,13.0,3,Knock
40720,2021-02-15,2021-03-01,15.0,4,Muscle injury
40720,2021-03-05,2021-03-21,17.0,4,Knock
40720,2021-08-01,2021-08-15,15.0,1,Quarantine
40720,2021-09-09,2021-09-23,15.0,5,Knock
40720,2021-11-04,2021-12-22,49.0,10,Tendon irritation
40720,2022-02-11,2022-03-07,25.0,6,Groin problems
40720,2022-04-01,2022-04-30,30.0,6,Calf injury
40720,2022-10-30,2022-11-20,22.0,2,Ankle injury
40720,2023-02-12,2023-03-13,30.0,4,Muscle injury
40720,2023-02-12,2023-03-13,30.0,4,Muscle tear
40720,2023-11-12,2023-11-30,19.0,3,Torn muscle bundle
40720,2023-11-12,2023-11-30,19.0,2,Muscle tear
40720,2024-02-02,2024-02-16,15.0,3,Sore muscles
40720,2024-03-30,2024-04-08,10.0,3,Thigh problems
40720,2024-08-20,2024-09-16,28.0,5,Muscle injury
40720,2024-08-20,2024-09-16,28.0,5,Muscle tear
40720,2024-12-10,2024-12-17,8.0,1,muscular problems
40720,2025-02-09,2025-02-24,16.0,5,Vertebral injury
40720,2025-04-21,2025-05-18,28.0,3,Calf muscle tear
40720,2025-06-04,2025-06-23,20.0,2,Calf injury
40720,2025-07-10,2025-07-15,6.0,1,Knock
40720,2025-09-18,2025-10-01,14.0,2,muscular problems
40720,2025-10-15,2025-11-06,23.0,3,Hamstring injury
40720,2026-01-07,2026-02-15,40.0,4,Lumbago
40720,2026-02-22,2026-06-30,129.0,18,Herniated disc
40784,2020-07-21,2020-09-14,56.0,2,Hamstring injury
40784,2020-12-07,2020-12-27,21.0,4,Calf injury
40784,2021-01-10,2021-06-30,172.0,21,Knock
40784,2021-01-10,2021-06-30,172.0,21,Dead leg
40784,2021-09-17,2021-10-01,15.0,3,Dead leg
40784,2022-02-23,2022-04-01,38.0,4,Dead leg
40784,2022-05-13,2022-05-20,8.0,1,Back injury
40784,2022-08-22,2022-09-15,25.0,1,Head injury
40784,2022-09-12,2022-10-01,20.0,1,Calf injury
40784,2022-10-08,2022-10-29,22.0,3,Calf injury
40836,2026-01-12,,260.0,2,Shoulder injury
40845,2020-09-18,2020-09-25,8.0,2,Knock
40845,2020-11-19,2020-12-13,25.0,4,Hamstring injury
40845,2021-02-14,2021-02-18,5.0,1,Knock
41135,2020-09-23,2020-10-03,11.0,1,Knock
41270,2020-09-11,2020-09-18,8.0,1,Neck injury
41270,2020-10-26,2020-11-03,9.0,2,Hamstring injury
41270,2020-11-27,2020-11-28,2.0,0,Knock
41270,2020-12-01,2020-12-15,15.0,4,Head injury
41270,2020-12-25,2021-01-01,8.0,2,Ill
41270,2021-05-03,2021-05-24,22.0,5,Hamstring injury
41270,2023-05-15,2023-05-19,5.0,1,muscular problems
41270,2024-10-27,2024-11-02,7.0,1,Achilles tendon problems
41270,2024-11-14,2024-11-25,12.0,2,Fever
41270,2025-03-23,2025-03-28,6.0,1,Muscle injury
41270,2025-04-24,2025-04-28,5.0,2,Head injury
41270,2025-07-08,2025-08-03,27.0,6,Thigh problems
41270,2026-01-18,2026-01-26,9.0,1,Muscle injury
41270,2026-04-08,2026-04-21,14.0,2,Muscle injury
41328,2020-08-01,2020-09-13,44.0,4,Hamstring injury
41328,2022-02-27,2022-03-06,8.0,3,Knock
41328,2022-03-10,2022-03-15,6.0,2,Ill
41328,2022-04-08,2022-04-11,4.0,1,Corona virus
41328,2023-02-18,2023-03-10,21.0,4,Head injury
41328,2024-01-19,2024-03-10,52.0,13,Meniscus tear
41328,2024-09-22,2024-11-06,46.0,11,Muscle injury
41328,2025-10-18,2025-10-30,13.0,2,Muscle injury
41328,2025-11-08,2025-11-26,19.0,2,Calf muscle tear
41328,2025-12-11,2025-12-29,19.0,3,Left hip flexor problems
41328,2026-01-03,2026-01-28,26.0,4,Calf muscle tear
41328,2026-03-22,2026-04-27,37.0,4,Hamstring strain
41674,2020-12-30,2021-01-11,13.0,1,Ankle injury
41674,2023-11-08,2023-12-28,51.0,9,Calf injury
41674,2024-09-04,2024-09-20,17.0,2,Muscle injury
41674,2024-10-04,2024-10-09,6.0,1,concussion
41674,2025-03-27,2025-04-03,8.0,1,Leg injury
41674,2025-09-15,2026-04-01,199.0,7,Hamstring injury
41725,2020-07-12,2020-07-16,5.0,0,Knee injury
41725,2020-09-01,2020-09-24,24.0,4,Knee problems
41725,2020-09-28,2020-11-03,37.0,6,Knee injury
41725,2021-02-14,2021-05-06,82.0,16,Achilles tendon problems
41727,2020-12-03,2020-12-11,9.0,2,Hamstring injury
41727,2020-12-30,2021-01-25,27.0,5,Hamstring injury
41727,2021-02-20,2021-03-08,17.0,5,Calf injury
41727,2021-08-13,2021-08-23,11.0,3,Corona virus
41733,2021-11-25,2022-01-15,52.0,10,Knee problems
41733,2022-08-22,2023-02-01,164.0,35,Broken tibia
41733,2023-04-20,2023-05-05,16.0,4,Hamstring injury
41823,2020-11-02,2020-11-27,26.0,2,bruise
41823,2020-12-06,2021-02-03,60.0,12,Hamstring injury
41823,2021-08-27,2021-10-25,60.0,8,Shoulder injury
41823,2022-01-21,2022-04-05,75.0,12,Hamstring injury
42427,2020-11-21,2020-12-05,15.0,2,Virus
42427,2022-02-21,2022-03-17,25.0,3,unknown injury
42899,2022-01-11,2022-02-02,23.0,3,Corona virus
42899,2022-03-11,2022-05-29,80.0,11,Knee surgery
42899,2022-09-25,2022-11-10,47.0,9,Knee injury
42899,2023-01-18,2023-01-25,8.0,1,muscular problems
42899,2024-03-07,2024-04-08,33.0,6,Achilles tendon irritation
42899,2024-09-01,2024-09-11,11.0,2,Shoulder injury
42899,2024-12-04,2025-01-12,40.0,2,Knee injury
42899,2025-01-13,2025-08-27,227.0,31,Knee surgery
42899,2025-11-14,2025-12-20,37.0,3,Muscle injury
43250,2022-08-15,2023-02-06,176.0,29,Achilles tendon problems
43670,2021-02-25,2021-04-03,38.0,8,Muscle injury
43670,2022-09-08,2022-09-17,10.0,2,Fitness
43670,2025-02-01,2025-02-20,20.0,2,Hamstring injury
43670,2026-04-06,2026-04-22,17.0,2,Elbow fracture
44346,2021-09-02,2021-09-10,9.0,2,Corona virus
44346,2021-09-11,2021-09-13,3.0,1,Quarantine
44346,2021-09-16,2021-09-23,8.0,2,Lumbago
44346,2021-10-02,2021-10-06,5.0,1,Back injury
44346,2021-11-24,2021-12-17,24.0,6,Torn muscle fiber
44346,2022-03-06,2022-03-10,5.0,1,Ankle sprain
44346,2023-04-20,2023-04-27,8.0,1,Calf problems
44346,2025-03-13,2025-03-31,19.0,3,Leg injury
44346,2025-08-28,2025-09-10,14.0,1,Muscle strain
44346,2025-10-23,2025-10-27,5.0,1,unknown injury
44346,2026-03-06,2026-03-10,5.0,1,Ill
44683,2020-07-16,2020-07-17,2.0,0,Calf injury
44683,2020-09-23,2020-10-18,26.0,4,Ankle injury
44683,2020-12-28,2021-01-11,15.0,2,Knee injury
44683,2022-04-29,2022-08-07,101.0,7,unknown injury
44683,2022-11-05,2022-11-13,9.0,3,Hip problems
44683,2023-02-04,2023-04-18,74.0,17,Hip injury
44683,2023-02-04,2023-04-18,74.0,17,Calf injury
44683,2023-02-04,2023-04-18,74.0,17,Ankle injury
44683,2025-05-02,,134.0,7,Ankle injury
44699,2021-01-27,2021-02-05,10.0,3,bruise
44699,2021-11-18,2022-02-06,81.0,9,Groin injury
44699,2026-04-10,2026-04-27,18.0,3,Muscle injury
45034,2021-04-02,2021-04-11,10.0,3,Muscle fatigue
45034,2021-06-26,2021-07-14,19.0,1,Corona virus
45034,2022-03-04,2022-03-08,5.0,2,Muscle fatigue
45034,2022-05-22,2022-06-26,36.0,5,Leg injury
45034,2023-09-20,2024-02-28,162.0,23,Cruciate ligament tear
45268,2022-08-10,2022-09-08,30.0,6,Hamstring injury
45268,2026-02-03,2026-02-27,25.0,7,unknown injury
45268,2026-03-21,2026-05-18,59.0,7,Muscle strain
46483,2021-05-11,2021-05-21,11.0,2,Bruised knee
47247,2020-07-01,2020-07-15,15.0,4,Groin injury
47247,2020-10-11,2020-11-21,42.0,8,Back injury
47247,2021-06-01,2021-06-15,15.0,3,Corona virus
47247,2022-08-23,2022-10-15,54.0,9,Broken leg
47247,2024-02-17,,575.0,0,Shin injury
47390,2020-07-13,2020-07-25,13.0,2,Hamstring injury
47431,2020-07-31,2020-08-13,14.0,2,Ankle injury
47431,2020-10-18,2020-10-31,14.0,3,Calf injury
47431,2020-11-23,2020-11-28,6.0,1,Calf injury
47431,2020-12-25,2021-01-01,8.0,2,Ill
47431,2022-09-29,2022-10-12,14.0,2,Calf injury
47431,2023-03-10,2023-03-13,4.0,1,Thigh problems
47431,2023-04-25,2023-05-02,8.0,2,Torn muscle fiber
47431,2023-04-25,2023-05-02,8.0,2,Muscle tear
47431,2023-08-24,2023-09-01,9.0,2,Achilles tendon problems
47431,2023-12-20,2023-12-30,11.0,2,Hamstring injury
47431,2024-10-04,2024-10-21,18.0,2,Ankle injury
47431,2024-10-28,2024-11-15,19.0,4,Muscle injury
47431,2025-09-29,2025-11-24,57.0,10,Broken foot
47431,2026-02-16,2026-03-15,28.0,3,Muscle injury
47431,2026-03-23,2026-04-27,36.0,8,Hamstring injury
48615,2020-10-24,2020-11-03,11.0,2,Ankle injury
49083,2020-07-03,2020-08-28,57.0,6,Knock
49262,2021-01-12,2021-02-09,29.0,7,Knock
49262,2021-12-14,2021-12-28,15.0,2,Corona virus
49262,2025-01-22,2025-05-03,102.0,15,Shoulder injury
49413,2020-11-06,2020-11-26,21.0,2,Hip injury
49413,2021-01-18,2021-05-12,115.0,16,Ill
49440,2020-09-23,2020-09-26,4.0,1,Knock
49440,2020-10-06,2020-11-20,46.0,10,Broken arm
49440,2020-11-30,2021-01-15,47.0,8,Arm injury
49944,2020-11-21,2020-12-11,21.0,3,Virus
49957,2020-09-18,2020-12-01,75.0,16,Back injury
49957,2021-10-24,2021-11-10,18.0,2,unknown injury
49957,2022-02-27,2022-03-03,5.0,0,unknown injury
50175,2020-10-20,2020-10-25,6.0,0,bruise
50175,2020-12-30,2021-02-05,38.0,8,Knee problems
50175,2021-07-24,2021-08-27,35.0,3,Hamstring injury
50175,2021-09-27,2021-12-25,90.0,12,Hamstring injury
50175,2022-12-23,2023-01-04,13.0,3,unknown injury
50175,2023-02-04,2023-02-04,1.0,1,Calf injury
50175,2023-10-21,2023-12-16,57.0,12,Hamstring injury
50175,2024-12-11,2025-01-10,31.0,5,unknown injury
50175,2025-12-19,2025-12-21,3.0,1,Back problems
50229,2021-01-04,2021-01-25,22.0,3,Virus
50229,2023-01-27,2023-06-01,126.0,19,Leg injury
50232,2020-10-19,2020-11-20,33.0,3,Groin injury
50232,2020-12-23,2020-12-29,7.0,1,Groin injury
50232,2021-01-04,2021-01-17,14.0,2,Hamstring injury
50232,2021-08-15,2021-10-15,62.0,8,Calf injury
50232,2021-12-17,2021-12-26,10.0,1,Muscle injury
50232,2022-05-01,2022-05-25,25.0,3,Calf problems
50232,2022-07-26,2022-10-10,77.0,10,Hamstring injury
50232,2024-04-21,2024-04-28,8.0,2,Muscle contusion
50471,2021-01-27,2021-05-31,125.0,18,Knock
50472,2020-10-10,2020-11-06,28.0,5,Hamstring injury
51927,2020-07-03,2020-11-05,126.0,15,Hamstring strain
51927,2021-02-14,2021-02-21,8.0,2,Head injury
51927,2022-03-01,2022-06-30,122.0,14,Hairline fracture in the fibula
51927,2023-09-26,2023-10-20,25.0,3,Muscle injury
51927,2024-02-26,2024-06-30,126.0,13,Ankle injury
51927,2024-12-27,2025-01-14,19.0,5,Muscle injury
51927,2025-12-03,2026-01-08,37.0,7,Hand injury
51938,2020-07-13,2020-07-25,13.0,2,Knock
51940,2020-11-30,2020-12-01,2.0,0,Knee injury
51940,2026-02-15,2026-02-21,7.0,1,Finger injury
54102,2020-09-11,2020-09-22,12.0,4,Calf injury
54469,2020-07-10,2020-07-25,16.0,3,Head injury
54469,2020-09-14,2020-09-16,3.0,1,Rest
54469,2020-10-22,2020-10-26,5.0,1,Knee bruise
54469,2021-08-10,2021-09-03,25.0,5,Knee injury
54469,2021-10-11,2021-12-01,52.0,9,Knee injury
54469,2021-12-10,2022-02-14,67.0,11,Knee injury
54469,2024-12-23,2025-02-24,64.0,11,Hamstring injury
54469,2025-02-24,2025-03-28,33.0,4,Calf injury
54469,2025-08-30,2025-10-18,50.0,4,Thigh problems
54469,2025-11-09,2025-11-12,4.0,0,Head injury
54694,2020-12-17,2020-12-28,12.0,3,Calf injury
54694,2021-01-18,2021-02-01,15.0,4,Knock
54694,2021-04-08,2021-04-26,19.0,5,malaria
54694,2021-08-02,2021-08-16,15.0,1,Corona virus
54694,2022-01-03,2022-01-13,11.0,4,Corona virus
54694,2022-01-13,2022-01-31,19.0,3,heart problems
54694,2022-08-29,2022-09-05,8.0,1,Head injury
54694,2023-03-10,2023-04-09,31.0,6,Back injury
54694,2025-12-15,2025-12-28,14.0,1,Dead leg
54694,2025-12-30,2026-01-02,4.0,0,Dead leg
54694,2026-09-21,2026-12-01,72.0,0,Meniscus injury
54738,2020-10-25,2020-11-09,16.0,4,Groin strain
54738,2023-01-22,2023-03-18,56.0,12,Ankle injury
54861,2020-09-11,2020-09-25,15.0,3,Ankle injury
54861,2023-05-09,2023-05-16,8.0,2,Ankle injury
54861,2024-03-02,2024-03-14,13.0,2,Knock
54861,2025-04-21,2025-04-29,9.0,1,Thigh problems
54861,2025-05-16,2025-06-19,35.0,7,Ankle injury
54861,2025-07-14,2025-07-18,5.0,1,Thigh problems
55037,2022-11-21,2023-01-03,44.0,6,Hamstring injury
55038,2021-03-02,2021-12-31,305.0,12,Kidney problems
55459,2020-07-23,2020-07-31,9.0,1,Knock
55459,2020-11-01,2020-11-07,7.0,1,Groin injury
55459,2020-12-18,2020-12-21,4.0,1,Ankle injury
55459,2025-04-04,2025-04-14,11.0,2,Muscle injury
55494,2020-10-19,2020-11-22,35.0,3,Groin injury
55494,2021-01-31,2021-02-12,13.0,2,Knock
55494,2023-12-17,2024-02-06,52.0,8,Hamstring injury
55494,2024-12-08,2024-12-18,11.0,2,Calf injury
55494,2025-01-24,2025-03-09,45.0,8,Calf strain
55605,2020-11-21,2020-12-05,15.0,4,Groin strain
55605,2022-08-02,2022-08-06,5.0,1,muscular problems
55605,2023-03-02,2023-03-26,25.0,4,Hamstring injury
55605,2023-08-30,2023-09-13,15.0,2,Shoulder injury
55605,2023-11-06,2023-11-08,3.0,1,Rest
55605,2024-11-08,2024-11-28,21.0,2,Rib fracture
55605,2025-03-16,2025-05-16,62.0,9,Hamstring muscle injury
55909,2020-07-05,2020-07-19,15.0,5,Adductor injury
55909,2020-10-07,2020-10-27,21.0,3,sprain
55909,2020-11-18,2020-11-23,6.0,1,Food poisoning
55909,2020-11-24,2020-12-08,15.0,4,Inflammation in the knee
55909,2021-01-31,2021-03-03,32.0,8,Hamstring muscle injury
55909,2021-03-12,2021-04-23,43.0,9,Knee problems
55909,2021-05-06,2021-05-31,26.0,5,muscular problems
55909,2021-08-17,2021-09-08,23.0,4,Hamstring injury
55909,2021-10-05,2021-11-20,47.0,7,Hamstring injury
55909,2022-01-12,2022-01-23,12.0,3,unknown injury
55909,2023-04-20,2023-05-17,28.0,7,Hamstring injury
55909,2023-09-12,2024-02-10,152.0,29,Tendonitis
55909,2024-03-08,2024-03-29,22.0,3,Bruise on ankle
55909,2024-04-25,2024-04-30,6.0,2,Groin injury
55914,2020-09-08,2020-09-18,11.0,2,Calf strain
55914,2020-10-10,2020-11-01,23.0,4,Groin injury
55914,2020-12-21,2021-01-15,26.0,4,Chest injury
55914,2021-12-05,2022-03-14,100.0,16,Hamstring injury
55914,2023-08-15,2023-09-18,35.0,7,Foot injury
55914,2024-10-05,2024-10-18,14.0,1,unknown injury
55914,2025-02-07,2025-02-23,17.0,3,Calf problems
55914,2026-02-22,2026-05-31,99.0,13,Groin injury
56377,2020-11-13,2020-12-04,22.0,4,Corona virus
56377,2021-02-09,2021-03-14,34.0,6,Torn knee ligaments
56377,2021-03-23,2021-04-12,21.0,5,Fitness
56377,2021-11-03,2021-11-08,6.0,2,unknown injury
56377,2023-02-25,2023-03-24,28.0,5,Hamstring injury
56377,2023-05-26,2023-06-05,11.0,1,unknown injury
56377,2023-08-20,2023-09-08,20.0,3,Knee injury
56377,2023-10-03,2023-10-11,9.0,1,Knee injury
56377,2023-10-11,2024-02-12,125.0,7,Knee surgery
56377,2024-02-12,2024-03-28,46.0,4,Fitness
56377,2024-10-06,2024-11-01,27.0,5,Hamstring injury
56377,2024-11-21,2025-01-06,47.0,7,Achilles tendon irritation
56377,2025-10-22,2025-10-24,3.0,1,Ill
56377,2025-11-10,2025-12-10,31.0,6,Muscle injury
56872,2020-09-13,2020-10-13,31.0,5,Knock
56872,2022-01-10,2022-05-10,121.0,22,Hamstring injury
56917,2020-07-02,2020-07-09,8.0,2,Muscle strain
56917,2022-03-13,2022-04-22,41.0,7,Ankle injury
56917,2023-02-05,2023-07-01,147.0,18,Knee injury
56917,2023-02-05,2023-02-15,11.0,2,Foot injury
56917,2023-10-07,2023-10-28,22.0,4,Ankle problems
56917,2023-10-07,2023-10-28,22.0,4,Adductor pain
56917,2023-12-23,2023-12-26,4.0,2,Ill
56917,2023-12-23,2023-12-26,4.0,2,Fitness
56917,2023-12-31,2024-01-02,3.0,1,Ill
56917,2024-12-22,2025-01-21,31.0,7,Foot injury
56917,2025-03-16,2025-05-15,61.0,8,Foot injury
56979,2020-07-09,2020-08-30,53.0,5,Knee injury
56979,2020-10-02,2020-10-03,2.0,0,Hip problems
56979,2020-11-16,2020-11-27,12.0,3,Knock
56979,2021-02-26,2021-05-19,83.0,18,Groin surgery
56979,2021-12-18,2021-12-20,3.0,1,Ill
56979,2022-02-07,2022-02-12,6.0,1,Back problems
56979,2022-08-31,2022-09-25,26.0,5,Hamstring injury
56979,2024-02-21,2024-02-24,4.0,1,unknown injury
56979,2024-03-28,2024-05-04,38.0,5,Muscle injury
56979,2024-10-01,2024-10-05,5.0,1,Groin problems
56979,2025-02-09,2025-02-19,11.0,3,Hamstring injury
56979,2026-01-11,2026-01-19,9.0,1,Ankle injury
56979,2026-03-28,2026-05-04,38.0,5,Knock
56979,2026-07-06,2026-09-10,67.0,5,Forearm fracture
56983,2020-09-27,2020-11-25,60.0,8,Shoulder injury
56983,2021-12-21,2022-01-01,12.0,1,Corona virus
56983,2023-05-10,2023-06-01,23.0,4,Knee injury
57127,2024-06-05,2024-07-05,31.0,7,Knee injury
57127,2024-09-25,2024-10-07,13.0,3,Hamstring injury
57145,2020-12-01,2020-12-14,14.0,1,Corona virus
57145,2020-12-21,2020-12-25,5.0,1,Knock
57145,2021-01-13,2021-02-16,35.0,7,Hamstring strain
57145,2021-12-13,2022-02-15,65.0,8,Thigh problems
57145,2023-10-09,2023-11-08,31.0,5,Muscle injury
57145,2024-04-10,2024-05-03,24.0,5,Muscle injury
57145,2024-07-29,2024-08-15,18.0,2,strain
57145,2024-09-25,2024-10-27,33.0,4,Muscle injury
57328,2021-01-31,2021-02-01,2.0,0,Knock
57328,2026-01-06,2026-01-26,21.0,4,Adductor injury
57410,2021-01-20,2021-01-29,10.0,3,Corona virus
57410,2026-03-13,2026-03-19,7.0,1,muscular problems
57513,2021-09-01,2021-09-28,28.0,5,unknown injury
57513,2023-10-26,2023-11-30,36.0,5,unknown injury
57531,2020-10-19,2020-10-23,5.0,0,Hamstring injury
57531,2020-10-25,2020-11-29,36.0,5,Hamstring injury
57531,2020-12-02,2020-12-28,27.0,5,Muscle strain
57531,2021-02-07,2021-02-16,10.0,2,Knock
57531,2021-04-06,2021-04-29,24.0,3,Muscle injury
57531,2023-11-18,2024-02-12,87.0,18,Knee injury
57531,2024-12-07,2025-06-01,177.0,25,Broken leg
57647,2024-03-29,2024-04-16,19.0,5,Groin injury
57647,2024-08-03,2024-08-30,28.0,5,Calf injury
57647,2025-01-04,2025-01-13,10.0,1,Hamstring injury
57647,2025-04-12,2025-08-11,122.0,7,Calf injury
57647,2026-08-15,2026-09-04,21.0,3,Hamstring injury
57913,2020-10-28,2020-11-15,19.0,3,Corona virus
57913,2022-10-01,2023-02-20,143.0,18,unknown injury
58376,2020-12-30,2021-01-15,17.0,1,Virus
58376,2021-12-06,2022-05-06,152.0,24,Hamstring injury
58376,2026-02-10,2026-05-31,111.0,21,Wrist injury
58498,2024-11-11,2024-11-15,5.0,0,Muscle tear
58621,2020-12-21,2021-01-04,15.0,3,Corona virus
58621,2021-01-21,2021-01-25,5.0,1,Knock
58621,2022-10-03,2022-11-17,46.0,11,Groin injury
58621,2022-11-18,2022-11-22,5.0,0,Fitness
58621,2024-03-23,2024-04-12,21.0,4,Hamstring injury
58621,2025-02-19,2025-02-28,10.0,2,Hamstring injury
58621,2025-04-08,2025-04-26,19.0,3,Broken arm
58621,2025-05-17,2025-05-26,10.0,2,Stomach flu
58786,2020-12-04,2021-01-25,53.0,10,Calf injury
58822,2020-08-30,2020-09-30,32.0,6,Calf strain
58822,2025-05-27,2025-05-30,4.0,1,Calf problems
58822,2025-09-19,2025-09-28,10.0,2,Virus
58822,2025-10-06,2025-11-04,30.0,4,Broken toe
58845,2020-09-25,2020-10-18,24.0,7,Hamstring strain
58845,2021-01-19,2021-01-29,11.0,2,Calf injury
58845,2021-02-04,2021-02-14,11.0,1,Knock
58845,2021-12-21,2022-01-01,12.0,1,Corona virus
59125,2020-09-11,2021-03-01,172.0,28,Knock
59125,2021-09-19,2022-01-19,123.0,20,Hamstring injury
59735,2020-10-15,2020-10-26,12.0,2,Groin injury
59735,2021-04-15,2021-06-03,50.0,8,Knee injury
59735,2021-07-15,2021-08-02,19.0,0,Corona virus
59735,2022-09-05,2022-11-05,62.0,9,Ankle injury
59859,2020-09-21,2020-10-16,26.0,8,Corona virus
59859,2020-12-27,2021-01-02,7.0,0,Ankle injury
59859,2021-02-16,2021-02-19,4.0,1,Groin problems
59859,2021-09-19,2021-10-12,24.0,6,Hamstring injury
59859,2024-08-13,2024-08-20,8.0,1,concussion
59859,2025-10-22,2025-11-18,28.0,5,Hamstring strain
59940,2020-12-07,2021-01-01,26.0,5,Calf injury
59949,2020-10-17,2020-11-05,20.0,3,Muscle injury
59949,2020-11-08,2020-12-18,41.0,8,Muscle injury
59949,2021-09-17,2021-10-15,29.0,6,Hamstring injury
59949,2023-05-01,2023-11-23,207.0,28,Knee injury
59949,2024-09-07,2024-10-18,42.0,8,Foot injury
59949,2024-11-09,2024-11-25,17.0,4,unknown injury
59949,2024-12-30,2025-03-07,68.0,11,Calf injury
59949,2025-05-28,2025-06-30,34.0,2,unknown injury
59949,2025-11-25,2026-01-11,48.0,0,Hamstring injury
59966,2020-12-31,2021-01-01,2.0,0,Head injury
59966,2021-01-31,2021-02-01,2.0,0,Head injury
59966,2021-04-18,2021-05-06,19.0,5,Dead leg
59966,2021-08-01,2021-08-24,24.0,2,Corona virus
59966,2022-04-14,2022-04-19,6.0,1,Corona virus
59966,2023-02-12,2023-03-09,26.0,5,Dead leg
59966,2024-02-28,2024-03-10,12.0,2,Dead leg
59966,2024-03-16,2024-03-29,14.0,2,Ill
59966,2024-04-15,2024-04-20,6.0,0,Facial injury
59966,2025-01-18,2025-01-21,4.0,1,Muscle injury
59966,2025-02-07,2025-02-14,8.0,1,Knee injury
60025,2020-10-15,2020-10-16,2.0,0,Knock
60025,2020-10-18,2020-10-24,7.0,0,Knock
60025,2020-10-26,2020-11-06,12.0,1,Groin injury
60025,2020-12-06,2020-12-31,26.0,5,Calf strain
60025,2021-02-07,2021-02-13,7.0,1,Calf injury
60025,2021-02-22,2021-04-01,39.0,5,Calf injury
60025,2021-05-01,2021-05-14,14.0,3,Calf injury
60025,2021-08-12,2021-09-21,41.0,10,Quarantine
60025,2022-02-22,2022-08-31,191.0,15,Muscle tear
60025,2022-03-07,2022-04-13,38.0,5,Muscle injury
60025,2022-04-14,2022-04-21,8.0,2,Fitness
60025,2023-02-06,2023-02-11,6.0,1,unknown injury
60025,2023-02-16,2023-03-11,24.0,3,unknown injury
60025,2023-03-29,2023-04-03,6.0,1,unknown injury
60025,2024-04-15,2024-06-05,52.0,12,Muscle injury
60025,2026-03-05,2026-03-12,8.0,1,bruise
60025,2026-04-03,2026-04-13,11.0,2,Ill
60232,2022-08-01,2022-09-04,35.0,8,Hamstring injury
60232,2024-03-03,2024-04-02,31.0,4,Groin problems
60232,2024-04-18,2024-05-20,33.0,6,Groin surgery
60232,2025-01-04,2025-01-14,11.0,2,Calf strain
60252,2021-12-14,2022-01-06,24.0,2,Broken foot
60252,2022-03-20,2023-05-07,414.0,49,Cruciate ligament injury
60252,2025-01-03,2025-01-05,3.0,1,unknown injury
60252,2026-09-20,,9.0,0,Hamstring injury
60307,2021-12-14,2021-12-25,12.0,1,Corona virus
60307,2025-04-20,2025-05-02,13.0,2,Inner ligament injury
60586,2020-09-18,2020-10-02,15.0,4,Knee injury
60586,2020-10-13,2020-10-18,6.0,1,Groin strain
60586,2020-10-28,2020-11-05,9.0,1,Hamstring strain
60586,2020-11-29,2021-01-11,44.0,7,Hamstring strain
60586,2021-02-18,2021-03-04,15.0,3,Groin strain
60586,2021-10-04,2021-10-20,17.0,3,unknown injury
60586,2022-01-04,2022-01-18,15.0,3,Corona virus
60586,2022-01-24,2022-02-21,29.0,4,Appendectomy
60586,2022-02-22,2022-08-21,181.0,27,Calf injury
60586,2023-09-23,2023-10-22,30.0,8,Muscle injury
60586,2024-03-19,2024-03-25,7.0,1,unknown injury
60586,2025-05-20,2025-06-15,27.0,2,unknown injury
60586,2026-01-02,2026-01-22,21.0,2,unknown injury
60689,2021-02-01,2021-02-18,18.0,5,Hamstring strain
60689,2022-05-09,2022-05-20,12.0,1,Hip injury
60689,2023-03-30,2023-07-03,96.0,11,Hamstring injury
60689,2024-01-30,2024-03-04,35.0,8,Hamstring injury
60689,2025-03-25,2025-04-11,18.0,3,Hip problems
60689,2025-10-22,2025-12-27,67.0,16,Knee injury
60689,2025-12-27,2026-03-20,84.0,20,Knee surgery
61256,2020-11-07,2020-11-22,16.0,4,Corona virus
61256,2021-10-04,2021-10-16,13.0,3,infection
61256,2022-02-05,2022-02-11,7.0,1,Stomach flu
61256,2022-04-19,2022-04-25,7.0,1,muscular problems
61256,2023-10-13,2024-01-04,84.0,17,Knock
61256,2026-05-06,2026-05-12,7.0,1,unknown injury
61366,2020-10-12,2020-10-22,11.0,3,Muscle injury
61366,2021-01-21,2021-02-16,27.0,7,Hamstring injury
61366,2021-05-05,2021-05-15,11.0,2,muscular problems
61366,2021-05-29,2021-06-14,17.0,4,Facial fracture
61366,2021-08-01,2021-09-10,41.0,7,Ankle injury
61366,2021-11-19,2021-12-03,15.0,4,Corona virus
61366,2023-02-21,2023-02-24,4.0,1,Ill
61366,2023-04-26,2023-05-04,9.0,3,Foot bruise
61366,2023-08-12,2023-12-17,128.0,30,Hamstring injury
61366,2023-08-12,2023-12-17,128.0,30,Hamstring muscle injury
61366,2023-12-18,2023-12-29,12.0,3,Fitness
61366,2024-03-10,2024-03-18,9.0,2,Groin strain
61366,2024-04-09,2024-04-10,2.0,1,stomach problems
61366,2024-04-09,2024-04-10,2.0,0,Stomach problems
61366,2024-09-18,2024-10-31,44.0,12,Hamstring muscle injury
61366,2025-10-26,2026-03-03,129.0,30,Hamstring muscle injury
61366,2026-05-10,2026-05-12,3.0,1,Eye injury
61739,2021-12-04,2022-04-04,122.0,16,Back injury
61739,2023-03-02,2023-04-09,39.0,5,ankle sprain
61739,2023-03-02,2023-04-09,39.0,5,Ankle sprain
61810,2020-10-22,2020-11-08,18.0,5,Hamstring injury
61810,2021-01-19,2021-03-13,54.0,14,Ankle surgery
61810,2022-10-02,2022-11-15,45.0,8,Hamstring injury
61810,2024-11-11,2025-01-01,52.0,3,Knee problems
61810,2025-04-19,2025-05-12,24.0,4,Knee injury
61810,2025-05-23,,114.0,20,Hamstring injury
61810,2026-04-17,2026-12-31,259.0,20,Cruciate ligament injury
61916,2020-09-08,2020-10-30,53.0,12,Foot injury
61933,2021-05-03,2021-06-01,30.0,5,bruise
61933,2021-12-16,2021-12-28,13.0,1,Corona virus
61933,2022-01-14,2022-02-04,22.0,3,Ankle injury
61933,2022-04-03,2022-04-23,21.0,3,Thigh problems
61933,2023-01-04,2023-01-10,7.0,1,Ill
61933,2023-03-05,2023-03-13,9.0,2,unknown injury
61933,2024-02-03,2024-03-28,55.0,11,unknown injury
61933,2024-11-10,2024-11-20,11.0,0,unknown injury
61933,2025-09-15,2025-10-31,47.0,7,Calf injury
62398,2021-11-29,2021-12-04,6.0,1,Knock
62398,2021-12-10,2021-12-17,8.0,1,Ill
62398,2022-02-10,2022-02-18,9.0,2,Shin injury
62398,2022-10-26,2022-10-31,6.0,2,Adductor pain
62398,2023-03-14,2023-03-18,5.0,1,Abdominal problems
62398,2023-05-26,2023-05-29,4.0,1,Rest
62398,2023-12-19,2024-01-12,25.0,2,Muscle injury
62398,2024-10-04,2024-10-23,20.0,2,Back injury
62398,2025-01-11,2025-01-16,6.0,2,Ill
62398,2025-04-19,2025-04-24,6.0,1,Hip injury
62398,2026-03-17,2026-03-30,14.0,1,Virus
62974,2020-11-03,2020-12-26,54.0,12,Calf injury
62974,2021-11-08,2022-03-12,125.0,24,Shoulder injury
62974,2023-09-30,2023-10-16,17.0,2,Right hip flexor problems
62974,2023-11-23,2024-01-13,52.0,12,Muscle injury
62974,2024-01-26,2024-02-08,14.0,2,Torn muscle fiber in the adductor area
62974,2024-02-16,2024-03-10,24.0,3,Back problems
62974,2024-05-06,2024-06-24,50.0,4,Foot injury
62974,2024-09-13,2024-10-14,32.0,4,unknown injury
63426,2020-11-08,2020-12-12,35.0,6,Knee injury
63426,2021-01-03,2021-01-16,14.0,2,Knock
63426,2021-01-24,2021-02-14,22.0,5,Knock
63426,2022-08-02,2022-10-22,82.0,18,Calf injury
63426,2023-01-13,2023-05-01,109.0,25,unknown injury
63426,2023-12-11,2024-03-20,101.0,19,Calf injury
63426,2024-11-06,2024-11-20,15.0,2,unknown injury
63426,2024-11-27,2024-12-07,11.0,2,Calf problems
66242,2020-07-02,2020-07-03,2.0,0,Calf injury
66242,2020-09-10,2020-09-16,7.0,1,Calf injury
66242,2020-09-24,2020-10-31,38.0,5,Calf injury
66242,2020-11-07,2020-12-12,36.0,3,Knock
66242,2021-01-29,2021-02-12,15.0,4,Groin injury
66242,2021-08-23,2021-09-14,23.0,3,unknown injury
66242,2021-09-28,2021-10-10,13.0,2,unknown injury
66242,2021-11-01,2021-11-10,10.0,2,unknown injury
66242,2021-12-01,2022-01-04,35.0,6,Knee injury
66242,2023-02-04,2024-01-05,336.0,33,Cruciate ligament tear
66242,2024-01-17,2024-01-17,1.0,0,Knee problems
66242,2024-01-29,2024-06-30,154.0,16,Cruciate ligament injury
66588,2021-09-17,2021-11-28,73.0,11,Knee injury
66749,2020-07-10,2020-07-18,9.0,2,Adductor injury
66749,2020-10-29,2020-11-06,9.0,2,Adductor injury
66749,2021-01-03,2021-01-06,4.0,2,Contracture
66749,2021-10-21,2021-11-21,32.0,8,sprain
66749,2021-12-16,2021-12-25,10.0,3,Corona virus
66749,2022-06-03,2022-06-30,28.0,3,Ankle injury
66749,2022-08-29,2022-10-25,58.0,14,Hamstring injury
66749,2022-10-31,2022-11-26,27.0,6,Hamstring muscle injury
66749,2023-01-08,2023-01-17,10.0,2,Inflammation in the knee
66749,2024-03-13,2024-03-16,4.0,1,Hip problems
66749,2024-04-18,2024-04-30,13.0,4,Thigh problems
66749,2025-08-14,2025-12-17,126.0,22,Hamstring injury
66749,2025-12-14,2026-01-19,37.0,7,Fitness
66749,2026-03-30,2026-05-31,63.0,9,muscular problems
66749,2026-08-12,2026-08-16,5.0,1,Fitness
66838,2021-02-01,2021-02-08,8.0,2,Quarantine
66838,2021-02-19,2021-03-17,27.0,5,Edema in the knee
66838,2021-03-28,2021-04-07,11.0,3,Corona virus
66838,2021-04-11,2021-10-24,197.0,26,Patellar tendon rupture
66838,2022-03-10,2022-05-23,75.0,16,Torn thigh muscle
66838,2023-04-09,2023-04-17,9.0,2,Groin injury
66838,2023-06-07,2023-08-11,66.0,6,Muscle tear
66838,2023-11-09,2023-11-19,11.0,3,Hamstring strain
66838,2025-08-16,2025-08-28,13.0,4,Groin injury
66838,2025-11-24,2025-12-26,33.0,7,Herniated disc
66975,2020-07-17,2020-07-25,9.0,1,Knee injury
66975,2020-11-12,2020-12-05,24.0,2,Virus
67089,2020-08-25,2020-12-21,119.0,24,Heel injury
67089,2021-03-26,2021-04-01,7.0,2,Abdominal problems
67089,2021-07-13,2021-09-20,70.0,9,Foot injury
67089,2022-03-22,2022-04-01,11.0,2,angina
67089,2023-10-11,2023-10-13,3.0,1,Fever
67089,2024-02-21,2024-02-26,6.0,1,Ill
67089,2024-10-02,2024-10-30,29.0,6,Knee injury
68312,2020-11-16,2020-12-26,41.0,10,Muscle injury
68312,2022-04-03,2022-04-21,19.0,3,Calf injury
68312,2022-06-13,2022-06-28,16.0,2,Hamstring injury
68312,2023-03-19,2023-04-13,26.0,6,muscular problems
68312,2026-03-06,2026-03-11,6.0,1,unknown injury
68312,2026-04-23,2026-05-06,14.0,2,Muscle injury
68983,2020-10-01,2020-10-25,25.0,2,Knee injury
69140,2020-07-19,2020-10-24,98.0,12,Muscle injury
69140,2021-02-01,2021-02-05,5.0,1,Quarantine
69140,2021-02-19,2021-02-24,6.0,1,muscular problems
69140,2021-10-24,2021-11-12,20.0,4,Torn muscle fiber in the adductor area
69140,2021-12-12,2022-03-12,91.0,12,Knee injury
69140,2022-04-04,2022-07-12,100.0,8,Hamstring injury
69140,2022-09-05,2022-10-18,44.0,8,Muscle injury
69140,2022-10-29,2023-04-13,167.0,27,Muscle injury
69143,2020-07-13,2020-07-23,11.0,3,Muscle fatigue
69143,2020-12-03,2020-12-17,15.0,3,bruise
69143,2021-01-04,2021-01-18,15.0,3,muscular problems
69143,2021-04-15,2021-05-03,19.0,4,Adductor injury
69143,2021-05-10,2021-05-24,15.0,3,Knock
69143,2021-08-16,2021-08-26,11.0,2,Leg injury
69143,2022-06-09,2022-06-13,5.0,2,minor knock
69143,2024-08-30,2024-09-06,8.0,1,Knee injury
69143,2024-09-20,2024-10-20,31.0,6,Knee surgery
69143,2025-01-10,2025-03-31,81.0,11,Meniscus injury
69752,2021-03-22,2021-04-24,34.0,4,ankle sprain
69752,2021-03-22,2021-04-24,34.0,4,Ankle sprain
69752,2021-11-05,2021-11-08,4.0,1,cold
69752,2022-10-24,2022-12-18,56.0,5,Hamstring injury
69752,2022-12-19,2023-01-13,26.0,5,Fitness
69752,2023-10-27,2023-11-24,29.0,4,Ankle injury
69752,2025-09-15,2026-01-20,128.0,19,Thigh problems
72147,2024-12-14,2024-12-22,9.0,2,Shoulder injury
72222,2020-12-30,2021-01-01,3.0,0,Hamstring strain
72222,2021-03-24,2021-04-01,9.0,3,Corona virus
72222,2021-08-29,2021-09-09,12.0,4,Corona virus
72222,2025-02-27,2025-03-06,8.0,1,flu
72222,2025-03-13,2025-03-20,8.0,1,Thigh problems
72681,2022-07-21,2022-07-28,8.0,1,Muscle injury
72681,2024-04-01,2024-04-17,17.0,4,minor knock
72681,2024-09-20,2024-09-26,7.0,1,minor knock
72681,2024-10-15,2024-11-15,32.0,5,unknown injury
72681,2025-02-06,2025-02-13,8.0,2,Ankle injury
72681,2025-02-28,2025-03-20,21.0,3,minor knock
73314,2020-09-09,2020-09-29,21.0,4,Corona virus
73314,2022-01-04,2022-01-17,14.0,3,Torn muscle fiber
73314,2023-09-24,2023-10-03,10.0,3,unknown injury
73314,2024-09-14,2024-09-24,11.0,3,unknown injury
73314,2025-04-18,2025-04-23,6.0,2,Muscle fatigue
73314,2025-07-13,2025-07-21,9.0,3,ankle sprain
73314,2025-07-13,2025-07-21,9.0,2,Ankle sprain
73314,2026-03-19,2026-03-31,13.0,1,Hamstring injury
73314,2026-05-10,2026-05-16,7.0,1,Injury to the ankle
73426,2020-09-01,2020-10-30,60.0,10,Hamstring injury
74208,2020-08-27,2020-09-14,19.0,2,Corona virus
74208,2020-11-16,2020-12-03,18.0,5,Ankle injury
74208,2020-11-16,2020-12-03,18.0,3,Ankle problems
74208,2021-02-04,2021-03-18,43.0,12,Hamstring injury
74208,2021-04-08,2021-04-11,4.0,0,Muscle injury
74208,2021-11-08,2022-02-03,88.0,14,Hamstring injury
74208,2022-04-18,2022-05-23,36.0,6,Calf injury
74208,2022-07-25,2022-09-12,50.0,7,Meniscus injury
74208,2022-09-05,2023-01-26,144.0,21,Knee surgery
74208,2022-10-31,2023-01-18,80.0,7,Hamstring strain
74208,2023-02-01,2023-02-27,27.0,6,Groin strain
74208,2023-03-12,2023-04-11,31.0,6,Adductor injury
74208,2023-05-14,2023-06-20,38.0,5,Hamstring injury
74208,2023-07-12,2023-08-15,35.0,0,unknown injury
74208,2023-09-03,2023-10-05,33.0,5,Muscle fatigue
74208,2025-08-11,2025-10-13,64.0,9,Fitness
74208,2025-10-09,2025-10-31,23.0,4,Thigh problems
74208,2025-10-30,2025-11-16,18.0,3,Ankle injury
74208,2025-12-13,2026-03-22,100.0,18,Calf injury
74230,2020-07-17,2020-10-17,93.0,12,Shoulder injury
74230,2022-01-03,2022-01-11,9.0,1,Corona virus
74230,2023-08-20,2023-08-27,8.0,1,unknown injury
74230,2024-12-18,2024-12-19,2.0,1,Rest
74230,2025-02-14,2025-02-25,12.0,1,Calf injury
74230,2025-05-05,2025-05-12,8.0,1,unknown injury
74230,2025-10-30,2025-11-01,3.0,0,unknown injury
74471,2020-09-01,2020-09-14,14.0,2,Quarantine
74471,2023-05-09,2023-07-03,56.0,5,Knee injury
74854,2020-09-10,2020-11-21,73.0,9,Broken finger
74854,2026-04-10,2026-06-08,60.0,7,Broken hand
74944,2020-11-01,2020-11-11,11.0,2,unknown injury
74944,2024-10-25,2024-10-28,4.0,1,Muscle injury
74944,2025-02-14,2025-02-21,8.0,1,Injury to abdominal muscles
75115,2020-11-07,2020-11-26,20.0,4,Hamstring strain
75115,2021-01-04,2021-01-11,8.0,1,Hamstring injury
75115,2021-02-07,2021-04-04,57.0,10,Hamstring injury
75115,2021-05-08,2021-05-25,18.0,3,Hamstring injury
75115,2021-08-30,2021-10-17,49.0,10,Hamstring injury
75115,2021-12-27,2022-05-01,126.0,20,Calf injury
75115,2022-08-21,2022-09-25,36.0,7,Hamstring injury
75115,2022-11-01,2022-11-11,11.0,2,Corona virus
75115,2023-09-24,2023-10-07,14.0,4,Hamstring injury
75115,2023-11-07,2023-12-08,32.0,6,Hamstring injury
75115,2023-12-26,2024-02-01,38.0,6,Calf injury
75115,2024-02-11,2024-04-15,65.0,10,Chest injury
75115,2024-05-06,2024-05-17,12.0,2,Ill
75115,2024-07-19,2024-11-25,130.0,15,Back injury
75115,2024-12-07,2025-02-05,61.0,14,Hamstring injury
76306,2023-02-26,2023-04-28,62.0,9,unknown injury
76306,2023-09-20,2023-12-06,78.0,9,Meniscus injury
76306,2024-10-20,2024-11-12,24.0,4,Calf injury
76306,2025-03-20,2025-04-04,16.0,3,Torn muscle fiber
76357,2020-07-06,2020-07-17,12.0,3,bruise
76357,2020-12-27,2021-10-11,289.0,38,Knee injury
76357,2021-11-23,2021-11-29,7.0,2,Ill
76357,2022-02-22,2022-03-06,13.0,3,Ill
76357,2022-04-05,2022-04-11,7.0,2,Knock
76357,2023-02-08,2023-03-18,39.0,7,Ankle injury
76357,2023-07-30,2023-08-11,13.0,0,Thigh problems
76357,2023-08-30,2023-09-01,3.0,0,Knee injury
76357,2023-09-03,2023-09-15,13.0,0,Knee injury
76357,2026-02-06,2026-02-21,16.0,3,Calf problems
76357,2026-08-05,2026-10-09,66.0,7,Knee surgery
77359,2021-09-01,2021-10-02,32.0,4,Ankle injury
77794,2021-11-08,2021-12-10,33.0,7,Shoulder injury
77794,2022-02-13,2022-05-01,78.0,15,Metatarsal fracture
77794,2023-12-26,2024-01-05,11.0,2,Groin injury
77794,2024-03-02,2024-05-10,70.0,12,Calf injury
77794,2024-10-14,2024-11-25,43.0,7,Hamstring injury
77794,2025-10-31,2025-11-04,5.0,1,Ill
77794,2025-11-21,2026-01-04,45.0,11,Thigh problems
77818,2022-04-18,2022-04-18,1.0,1,Knee injury
78007,2020-07-10,2020-07-14,5.0,1,Hamstring injury
78007,2020-11-20,2020-12-04,15.0,5,Quarantine
78007,2022-07-27,2022-08-05,10.0,2,contortion
78007,2022-08-18,2022-08-30,13.0,4,Muscle fatigue
78007,2022-09-16,2022-09-19,4.0,1,Pelvic contusion
78007,2022-09-22,2022-10-28,37.0,7,Hamstring injury
78007,2023-01-22,2023-01-30,9.0,2,Muscle injury
78007,2023-03-19,2023-04-25,38.0,7,Muscle injury
78007,2023-09-23,2023-09-26,4.0,1,unknown injury
78007,2023-10-05,2023-10-17,13.0,2,unknown injury
78007,2023-10-19,2023-11-19,32.0,6,Muscle tear
78007,2024-02-07,2024-04-12,66.0,13,Injury to the ankle
78007,2024-04-12,2024-04-16,5.0,1,Fitness
78007,2025-02-10,2025-03-10,29.0,4,Calf injury
78007,2025-11-06,2025-12-06,31.0,2,Hamstring muscle injury
78007,2026-08-25,2026-09-08,15.0,3,unknown injury
78056,2020-12-30,2021-01-29,31.0,5,Calf injury
78056,2021-02-01,2021-02-05,5.0,1,Calf injury
78056,2021-02-23,2021-05-19,86.0,15,Ankle surgery
78056,2024-02-08,2024-02-15,8.0,1,muscular problems
78056,2024-09-30,2024-10-30,31.0,6,Tendon tear
78315,2025-03-09,2025-04-12,35.0,4,unknown injury
78607,2021-05-09,2021-08-10,94.0,5,Knee injury
78830,2020-11-30,2020-12-05,6.0,1,unknown injury
78830,2021-01-29,2021-02-05,8.0,2,Ankle injury
78830,2021-04-16,2021-04-22,7.0,2,Ankle injury
78830,2024-03-17,2024-03-27,11.0,2,Ankle injury
78830,2024-05-09,2024-06-01,24.0,2,Back problems
78830,2024-12-01,2024-12-15,15.0,4,Torn muscle fiber
78830,2026-03-05,2026-03-08,4.0,1,Calf problems
78830,2026-03-31,2026-04-06,7.0,2,Ankle problems
78916,2021-07-31,2021-09-18,50.0,8,Torn knee ligaments
78916,2021-10-27,2021-11-19,24.0,5,Knee injury
78916,2021-12-26,2021-12-28,3.0,1,Shoulder injury
78916,2022-08-21,2022-08-26,6.0,2,concussion
78916,2023-11-04,2023-12-11,38.0,10,Back injury
78916,2025-12-15,2026-01-24,41.0,10,Bruised ribs
78916,2026-08-22,,38.0,7,Ankle injury
79602,2020-10-14,2020-10-18,5.0,1,Neck injury
79852,2022-03-03,2022-10-31,243.0,29,Achilles tendon problems
80146,2020-10-19,2020-10-29,11.0,1,Virus
80179,2022-04-22,2022-06-30,70.0,6,Broken kneecap
80179,2025-08-04,2025-10-11,69.0,9,Hamstring injury
80179,2025-12-08,2026-01-05,29.0,7,Hamstring injury
80201,2023-11-10,2023-11-26,17.0,3,Nose surgery
80226,2020-09-14,2020-09-19,6.0,1,Knock
80226,2020-10-30,2020-11-07,9.0,2,Arch problems
80226,2020-12-07,2020-12-12,6.0,1,Knock
80226,2021-02-07,2021-02-26,20.0,6,Foot injury
80226,2021-05-15,2021-05-18,4.0,1,Groin injury
80226,2021-11-27,2022-01-02,37.0,8,Hip problems
80226,2023-02-18,2023-03-05,16.0,3,Calf injury
80226,2023-12-05,2024-01-06,33.0,6,Calf strain
80226,2024-02-11,2024-03-25,44.0,9,Hamstring strain
80226,2025-09-01,2025-10-01,31.0,3,Hamstring strain
80226,2025-12-09,2025-12-24,16.0,2,unknown injury
80607,2021-06-13,2022-01-30,232.0,24,heart problems
80607,2022-01-31,2022-02-25,26.0,4,Fitness
80607,2023-01-29,2023-04-06,68.0,18,Ankle injury
80607,2023-11-11,2023-12-22,42.0,10,Knee injury
80607,2025-02-15,2025-02-17,3.0,1,Ill
80607,2026-06-07,,114.0,7,heart problems
80801,2020-09-20,2020-10-02,13.0,3,Ankle injury
80801,2020-10-20,2020-10-25,6.0,2,Hamstring injury
80801,2021-08-01,2021-08-16,16.0,3,Corona virus
80801,2022-01-12,2022-01-15,4.0,2,Corona virus
81012,2020-07-16,2020-07-25,10.0,2,Calf injury
81012,2020-09-28,2020-10-17,20.0,2,Muscle strain
81012,2020-11-09,2020-12-10,32.0,3,Groin injury
81012,2020-12-30,2021-01-15,17.0,2,Virus
81012,2022-12-19,2023-02-06,50.0,8,Knock
81012,2023-03-12,,917.0,56,Calf injury
81183,2020-12-18,2021-01-11,25.0,4,Back injury
81183,2021-02-10,2021-02-18,9.0,2,Hamstring injury
81183,2022-02-03,2022-02-28,26.0,6,Groin surgery
81183,2022-03-09,2022-03-31,23.0,1,Elbow injury
81183,2023-11-05,2023-12-11,37.0,8,Knee injury
81205,2021-10-07,2021-10-15,9.0,2,Muscle injury
81205,2023-07-23,2024-01-22,184.0,29,Cruciate ligament tear
81205,2024-01-22,2024-03-10,49.0,10,Fitness
81205,2024-09-22,2024-09-24,3.0,1,minor knock
81880,2020-08-21,2020-12-12,114.0,20,Knee injury
81880,2022-07-16,2022-10-17,94.0,14,Hamstring injury
81880,2023-12-21,2024-03-29,100.0,18,Torn thigh muscle
81880,2024-05-10,2024-05-13,4.0,1,pneumonia
81880,2025-02-22,2025-02-26,5.0,1,Rest
81880,2025-05-11,2025-06-02,23.0,4,Inner ligament stretch of the knee
82078,2020-10-29,2020-12-31,64.0,12,Calf injury
82078,2025-05-06,2025-05-15,10.0,2,unknown injury
82078,2025-08-04,2025-09-04,32.0,5,Knock
82078,2026-05-09,2026-06-30,53.0,5,Knock
82078,2026-08-20,,40.0,6,Knock
82143,2024-08-17,2024-10-29,74.0,11,Ankle problems
82143,2024-11-25,2024-11-30,6.0,1,Virus
82143,2024-11-26,2024-11-30,5.0,0,Ankle problems
82143,2024-12-08,2024-12-10,3.0,1,Ankle problems
82143,2024-12-10,2024-12-26,17.0,2,Ankle problems
82143,2025-01-17,2025-01-19,3.0,1,Ill
82143,2025-02-22,2025-06-16,115.0,13,Ankle injury
82143,2025-06-16,2025-09-06,83.0,4,Ankle injury
82143,2026-01-26,2026-02-06,12.0,1,Ligament injury
82143,2026-05-06,,146.0,8,Ankle injury
82403,2020-10-15,2020-10-17,3.0,0,Knock
82403,2020-11-23,2020-12-05,13.0,2,Virus
82403,2021-01-15,2021-01-25,11.0,1,Knock
82403,2021-02-04,2021-03-04,29.0,5,Hamstring strain
82403,2021-10-11,2021-10-19,9.0,1,unknown injury
82403,2022-08-20,2022-08-28,9.0,3,unknown injury
82403,2023-01-21,2023-02-26,37.0,7,unknown injury
82403,2023-04-01,2023-04-26,26.0,5,unknown injury
82403,2023-05-13,2023-08-05,85.0,5,unknown injury
82403,2023-08-05,2023-08-11,7.0,1,Fitness
82403,2023-08-15,2023-09-17,34.0,7,unknown injury
82403,2023-11-29,2023-12-06,8.0,2,unknown injury
82403,2024-03-02,2024-03-06,5.0,1,Bone edema
82403,2024-08-26,2024-08-28,3.0,1,influenza
82403,2025-04-07,2025-04-17,11.0,1,Thumb injury
82403,2026-04-24,2026-04-30,7.0,2,Leg injury
82514,2021-08-21,2021-08-28,8.0,3,Back injury
82514,2023-04-30,2023-05-29,30.0,6,Broken arm
82514,2023-12-06,2024-01-09,35.0,8,Calf injury
82514,2025-05-19,2025-05-30,12.0,3,Thigh problems
82514,2026-04-20,2026-05-07,18.0,4,Groin injury
82514,2026-05-15,2026-05-21,7.0,1,Rest
82691,2021-01-03,2021-01-16,14.0,2,Knock
82691,2021-02-03,2021-02-14,12.0,2,Hamstring strain
82691,2022-03-01,2022-03-31,31.0,7,unknown injury
82691,2023-09-06,2023-09-13,8.0,2,concussion
82691,2023-11-20,2023-11-22,3.0,1,Rest
82691,2024-08-12,2024-09-11,31.0,6,unknown injury
82738,2021-10-24,2022-01-01,70.0,8,Knee injury
83283,2020-09-18,2020-10-03,16.0,2,Ankle injury
83283,2020-11-07,2020-12-06,30.0,2,Hamstring injury
83283,2020-12-20,2021-01-25,37.0,6,Knock
83283,2022-09-23,2022-09-29,7.0,0,Metacarpal fracture
83283,2023-01-31,2023-02-06,7.0,2,unknown injury
83283,2023-06-01,2023-06-08,8.0,2,unknown injury
83283,2023-09-10,2023-10-15,36.0,6,unknown injury
83283,2024-01-10,2024-11-14,310.0,34,Hamstring injury
83283,2024-12-05,2025-02-04,62.0,14,Calf injury
83299,2021-12-01,2022-01-22,53.0,9,Knee injury
83299,2025-01-03,2025-01-14,12.0,2,Calf problems
83299,2025-02-08,2025-03-29,50.0,8,Chest injury
83299,2026-03-02,2026-03-09,8.0,1,Knee problems
83314,2020-12-23,2020-12-29,7.0,1,Ill
83314,2023-12-05,2024-03-28,115.0,24,unknown injury
83314,2025-04-14,2025-05-31,48.0,4,Calf injury
83428,2020-11-09,2020-11-23,15.0,4,Hamstring injury
83428,2021-06-01,2021-06-04,4.0,1,Quarantine
83428,2021-10-31,2021-11-24,25.0,5,Groin injury
83428,2021-12-12,2022-01-05,25.0,3,Shoulder injury
83428,2022-03-11,2022-03-20,10.0,1,Corona virus
83428,2023-04-07,2023-12-25,263.0,41,Achilles tendon problems
83428,2024-01-10,2024-01-25,16.0,4,Back problems
83428,2024-03-06,2024-04-23,49.0,11,unknown injury
83428,2026-02-02,2026-03-18,45.0,6,Hamstring injury
83428,2026-08-07,2026-08-17,11.0,3,Knee problems
83543,2020-10-01,2020-10-21,21.0,4,Muscle injury
83543,2021-08-01,2021-08-22,22.0,4,Back problems
83543,2021-08-25,2021-09-20,27.0,4,Muscle injury
83543,2021-09-24,2021-11-22,60.0,10,Back problems
83543,2021-12-01,2022-01-20,51.0,7,Back problems
83543,2022-02-06,2022-05-31,115.0,18,unknown injury
83543,2022-08-10,2022-10-10,62.0,10,Muscle injury
84182,2024-03-31,2024-04-18,19.0,5,Groin injury
84450,2021-04-01,2021-04-04,4.0,1,Ill
84450,2021-05-06,2021-05-16,11.0,3,Groin injury
84450,2021-09-27,2021-12-05,70.0,13,Inner ligament injury
84450,2026-01-18,2026-02-20,34.0,5,Ankle injury
84939,2020-11-02,2020-12-06,35.0,3,Knee injury
84939,2020-12-20,2020-12-28,9.0,1,Hamstring injury
84939,2021-01-06,2021-01-25,20.0,3,Knock
84939,2023-01-21,2023-01-21,1.0,1,Knee injury
85242,2021-03-20,2021-04-02,14.0,5,Hamstring injury
85242,2023-09-17,2023-10-02,16.0,3,Hamstring injury
85624,2023-09-17,2023-09-30,14.0,3,unknown injury
85633,2020-07-15,2021-01-20,190.0,28,Achilles tendon rupture
85633,2024-10-08,2024-10-15,8.0,2,Adductor injury
85633,2025-12-10,2025-12-22,13.0,2,Groin injury
85633,2026-02-01,2026-02-23,23.0,4,Groin injury
85955,2022-05-01,2022-05-08,8.0,2,unknown injury
85955,2025-04-13,2025-05-06,24.0,5,Chest injury
85955,2025-08-26,2025-09-24,30.0,4,Hamstring injury
85955,2025-10-30,2025-11-18,20.0,4,Thigh problems
85955,2026-02-07,2026-02-24,18.0,5,Hamstring injury
85955,2026-04-06,2026-04-21,16.0,4,Calf injury
85955,2026-05-24,2026-07-21,59.0,2,Foot injury
85971,2020-09-28,2020-10-05,8.0,3,Hamstring injury
85971,2021-03-15,2021-04-05,22.0,4,Hamstring injury
85971,2021-09-06,2021-09-20,15.0,4,Calf strain
85971,2022-01-06,2022-02-03,29.0,8,Hamstring injury
85971,2022-11-02,2022-11-20,19.0,4,Facial fracture
85971,2023-05-29,2023-06-18,21.0,1,Groin surgery
85971,2024-09-26,2024-10-19,24.0,7,Hamstring injury
85971,2024-10-21,2024-11-02,13.0,3,Thigh problems
85971,2025-04-11,2025-04-14,4.0,1,Knock
85971,2025-04-14,2025-05-09,26.0,6,Foot injury
85971,2026-04-10,2026-04-13,4.0,1,Rest
85971,2026-04-24,2026-04-27,4.0,1,Rest
86129,2020-12-20,2021-01-09,21.0,4,Muscle injury
86129,2021-02-05,2021-02-19,15.0,4,Corona virus
86129,2021-05-04,2021-05-24,21.0,4,Leg injury
86129,2021-12-01,2022-01-02,33.0,6,Hamstring muscle injury
86129,2022-01-07,2022-01-16,10.0,4,Corona virus
86129,2023-04-12,2023-05-20,39.0,7,Hamstring injury
86129,2026-04-10,2026-06-08,60.0,9,Leg injury
86153,2020-09-15,2020-09-20,6.0,1,Ill
86153,2020-09-28,2020-10-20,23.0,3,Quarantine
86153,2021-01-01,2021-01-14,14.0,3,Corona virus
86153,2021-04-28,2021-05-17,20.0,4,ankle sprain
86153,2021-04-28,2021-05-17,20.0,4,Ankle sprain
86153,2022-01-04,2022-09-01,241.0,32,Achilles tendon problems
86153,2024-02-24,2024-02-26,3.0,1,Rest
86417,2020-09-20,2020-10-17,28.0,4,Knock
86417,2021-01-03,2021-03-01,58.0,10,Hamstring injury
86417,2025-09-01,2025-09-22,22.0,2,unknown injury
86873,2020-09-03,2020-09-17,15.0,1,Corona virus
86873,2020-11-05,2020-12-31,57.0,8,Hand injury
86873,2021-07-05,2021-08-02,29.0,0,Hamstring injury
86873,2022-02-17,2022-02-21,5.0,1,Corona virus
86873,2024-05-02,2024-06-02,32.0,3,Tendon irritation
86881,2021-01-17,2021-01-23,7.0,1,Neck injury
86881,2021-08-01,2021-09-30,61.0,12,Groin problems
86881,2021-11-05,2021-12-20,46.0,10,Groin problems
86881,2022-05-16,2022-05-18,3.0,0,Ill
86881,2022-10-06,2022-10-14,9.0,1,Knee injury
86881,2023-11-12,2023-11-21,10.0,3,Hamstring injury
86881,2023-12-13,2024-01-02,21.0,2,Dead leg
86934,2020-09-10,2020-09-11,2.0,0,Muscle strain
86934,2020-12-18,2020-12-26,9.0,1,Muscle strain
86934,2021-04-03,2021-04-18,16.0,3,Knock
86934,2021-05-09,2021-05-30,22.0,4,Groin injury
86934,2024-01-20,2024-03-11,52.0,11,Torn muscle bundle
86934,2024-05-08,2024-06-11,35.0,8,Metatarsal fracture
86934,2025-02-13,2025-02-20,8.0,2,Acromioclavicular joint dislocation
86934,2025-09-24,2025-10-03,10.0,1,Rib fracture
86934,2026-01-11,2026-01-19,9.0,0,Knee problems
87107,2024-01-05,2024-02-26,53.0,10,Hamstring strain
87835,2020-11-16,2020-11-25,10.0,2,Corona virus
87835,2021-01-16,2021-01-26,11.0,2,unknown injury
87835,2021-04-01,2021-04-30,30.0,5,Muscle injury
87835,2021-10-13,2021-10-26,14.0,3,unknown injury
87835,2022-04-10,2022-07-10,92.0,11,Internal ligament tear
87835,2025-09-30,2025-10-16,17.0,1,Wrist fracture
87835,2025-10-24,2025-12-01,39.0,5,unknown injury
87835,2026-04-01,2026-04-20,20.0,2,unknown injury
87873,2022-04-30,2024-04-10,712.0,97,Femoral fracture
88248,2021-12-17,2021-12-31,15.0,1,Corona virus
88248,2026-02-28,2026-03-18,19.0,4,Calf injury
88484,2020-11-30,2020-12-23,24.0,7,Hamstring injury
88484,2021-02-20,2021-02-26,7.0,1,Foot injury
88484,2021-03-16,2021-04-02,18.0,5,Thigh problems
88484,2022-08-30,2022-09-01,3.0,1,Injury to the ankle
88484,2024-12-01,2025-01-03,34.0,6,Calf injury
88894,2020-07-15,2020-07-23,9.0,2,Ill
88894,2020-11-21,2021-01-19,60.0,9,Hamstring injury
88894,2023-09-10,2023-10-04,25.0,5,Hamstring injury
88894,2024-11-03,2024-11-11,9.0,3,unknown injury
88894,2025-01-10,2025-04-06,87.0,19,Calf injury
88894,2025-07-20,2025-08-23,35.0,2,Muscle injury
88894,2025-12-02,2026-01-31,61.0,14,Knee injury
88900,2021-09-18,2021-11-30,74.0,11,Knee injury
88900,2021-12-13,2022-01-07,26.0,3,Corona virus
88900,2023-08-27,2023-12-03,99.0,15,Calf injury
88900,2024-12-30,2025-02-22,55.0,9,Calf injury
89068,2020-08-01,2020-08-21,21.0,2,Thigh problems
89068,2020-12-21,2021-01-07,18.0,2,Groin strain
89068,2021-03-29,2021-04-15,18.0,4,Calf injury
89068,2021-05-11,2021-06-10,31.0,4,ankle sprain
89068,2021-05-11,2021-06-10,31.0,4,Ankle sprain
89068,2021-08-19,2021-09-16,29.0,4,Adductor pain
89068,2021-10-02,2021-10-14,13.0,1,Ill
89068,2022-10-08,2022-11-02,26.0,5,Knock
89068,2023-02-27,2023-06-30,124.0,15,Collateral ligament tear
89068,2025-02-20,2025-03-12,21.0,3,Muscle injury
89068,2025-04-10,2025-05-31,52.0,6,Muscle injury
89076,2022-04-07,2022-04-19,13.0,4,muscular problems
89076,2025-03-20,2025-03-27,8.0,2,flu
89076,2025-11-03,2025-12-27,55.0,13,Broken collarbone
89085,2020-08-26,2020-09-09,15.0,0,Corona virus
89085,2021-09-25,2021-10-08,14.0,3,Hamstring injury
89085,2021-10-16,2021-12-03,49.0,10,Calf injury
89085,2021-12-03,2021-12-18,16.0,2,Fitness
89085,2022-07-30,2022-08-08,10.0,1,Knock
89335,2020-10-15,2020-11-02,19.0,5,Muscle injury
89335,2024-09-25,2024-11-20,57.0,7,Hip injury
89335,2025-10-03,2025-10-18,16.0,2,Ankle injury
89335,2026-01-10,2026-04-15,96.0,24,Heel injury
89470,2020-10-04,2021-01-04,93.0,19,Adductor injury
89470,2020-10-10,2021-01-03,86.0,19,Adductor pain
89470,2024-03-01,2024-06-30,122.0,17,Broken foot
89470,2024-09-21,2024-11-11,52.0,10,Hamstring injury
89470,2025-01-31,2025-02-12,13.0,3,Knee problems
90105,2020-11-02,2020-12-15,44.0,7,Hamstring injury
90105,2020-12-23,2021-01-11,20.0,4,Groin injury
90105,2021-01-31,2021-02-01,2.0,0,Knock
90105,2021-04-01,2021-05-31,61.0,9,Groin injury
90105,2022-04-08,2022-05-09,32.0,6,Hamstring injury
90105,2022-07-20,2022-08-25,37.0,4,Groin injury
90105,2024-02-24,2024-03-24,30.0,4,Knee injury
90105,2024-10-04,2024-10-06,3.0,1,Ill
90105,2025-01-31,2025-04-28,88.0,12,Calf injury
90105,2026-04-01,2026-04-10,10.0,1,Achilles heel problems
90152,2021-04-06,2021-04-20,15.0,4,Corona virus
90152,2021-05-02,2021-05-19,18.0,4,Leg injury
90152,2021-10-11,2021-10-26,16.0,3,Groin injury
90152,2021-11-02,2021-12-22,51.0,11,Hamstring injury
90152,2022-02-14,2022-02-18,5.0,1,Abdominal problems
90152,2022-03-01,2022-03-09,9.0,1,Corona virus
90152,2022-04-03,2022-04-21,19.0,3,muscular problems
90152,2022-10-03,2022-10-08,6.0,1,Ankle sprain
90152,2022-10-22,2022-11-14,24.0,7,Leg injury
90152,2023-04-14,2023-05-08,25.0,7,Foot injury
90152,2023-08-26,2023-09-22,28.0,4,unknown injury
90152,2023-12-22,2023-12-25,4.0,1,Ill
90152,2024-04-04,2024-05-16,43.0,9,Muscle injury
90152,2024-08-11,2025-01-01,144.0,6,Knee problems
90517,2020-09-21,2020-10-02,12.0,3,Chest injury
90517,2020-11-19,2020-11-23,5.0,1,Groin injury
90517,2020-11-24,2020-12-04,11.0,1,Hamstring injury
90517,2020-12-06,2020-12-12,7.0,0,Hamstring strain
90517,2020-12-22,2020-12-28,7.0,1,Hamstring strain
90517,2021-01-23,2021-01-26,4.0,1,Knock
90517,2021-02-01,2021-02-12,12.0,3,Calf injury
90517,2023-08-01,2023-09-10,41.0,8,Calf injury
90517,2024-10-26,2024-12-09,45.0,11,Injury to the ankle
90517,2024-12-22,2025-01-10,20.0,4,Rib fracture
90517,2026-03-26,2026-04-20,26.0,4,Tendon irritation
90585,2020-12-26,2021-01-15,21.0,5,Muscle injury
90585,2021-02-03,2021-02-28,26.0,5,bruise
90585,2021-04-01,2021-04-15,15.0,2,Corona virus
90585,2021-07-25,2021-08-14,21.0,1,Hamstring injury
90585,2021-11-30,2021-12-06,7.0,2,unknown injury
90585,2021-12-18,2022-02-25,70.0,14,Leg injury
90585,2023-02-11,2023-05-07,86.0,15,Hamstring injury
90585,2024-02-23,2024-04-25,63.0,12,unknown injury
90585,2026-02-10,,231.0,21,Knee injury
91046,2020-10-28,2020-11-22,26.0,4,Hamstring injury
91047,2020-09-09,2020-09-20,12.0,3,Hamstring strain
91047,2020-10-06,2020-10-24,19.0,4,Corona virus
91047,2020-12-20,2020-12-25,6.0,0,Hand injury
91047,2021-02-04,2021-02-13,10.0,2,Knock
91047,2021-11-19,2021-12-22,34.0,6,Calf injury
91047,2023-01-05,2023-02-05,32.0,8,Groin problems
91047,2024-04-20,2024-06-13,55.0,9,Hamstring injury
91651,2020-07-02,2020-07-10,9.0,2,Calf injury
91651,2021-04-11,2021-05-14,34.0,9,Muscle injury
91651,2021-10-29,2021-12-01,34.0,9,Adductor pain
91651,2021-12-03,2021-12-18,16.0,4,Corona virus
91651,2022-04-17,2022-04-30,14.0,4,Ankle injury
91651,2022-08-07,2022-08-24,18.0,2,Knee problems
91651,2022-12-18,2022-12-28,11.0,1,Rest
91651,2023-01-21,2023-02-04,15.0,2,Calf problems
91651,2023-02-20,2023-02-27,8.0,1,Ill
91651,2023-05-20,2023-05-27,8.0,2,Knock
91651,2023-09-12,2023-09-25,14.0,3,Muscle injury
91651,2023-11-16,2023-12-01,16.0,4,Muscle injury
91651,2024-02-08,2024-02-15,8.0,2,Knee injury
91651,2024-11-18,2024-12-12,25.0,6,unknown injury
91651,2025-06-02,2025-10-04,125.0,13,Achilles tendon surgery
91651,2025-10-27,2026-03-12,137.0,35,Ankle injury
91889,2020-10-26,2020-12-31,67.0,12,Calf injury
91889,2021-01-14,2021-02-11,29.0,5,Ankle problems
91889,2021-04-05,2021-04-19,15.0,3,Broken toe
91889,2021-12-30,2022-01-13,15.0,0,Corona virus
91889,2022-08-08,2022-08-11,4.0,0,bruise
91889,2022-11-07,2022-11-10,4.0,1,Bruised back
91889,2023-04-12,2023-04-21,10.0,1,Calf problems
91889,2023-04-22,2023-05-17,26.0,4,Calf problems
91889,2023-09-04,2023-09-15,12.0,2,Tendon irritation
91889,2024-05-10,2024-05-12,3.0,1,Rest
91889,2024-09-08,2024-12-02,86.0,16,Achilles tendon irritation
91889,2025-01-11,2025-04-01,81.0,12,Hamstring injury
91889,2025-09-03,,11.0,2,muscular problems
91889,2025-09-05,2025-09-10,6.0,0,muscular problems
91889,2025-10-08,2025-11-21,45.0,4,Torn muscle bundle
91889,2026-01-12,2026-01-14,3.0,0,Foot injury
92217,2021-03-05,2021-04-01,28.0,3,Knee injury
92217,2021-08-29,2021-09-22,25.0,6,Muscle injury
92217,2021-11-03,2021-12-12,40.0,11,Hamstring injury
92217,2022-01-01,2022-01-08,8.0,1,Corona virus
92217,2022-02-17,2022-03-10,22.0,6,muscular problems
92217,2022-04-17,2022-05-08,22.0,6,Foot injury
92217,2022-12-20,2023-02-09,52.0,10,Calf injury
92259,2020-10-19,2020-11-09,22.0,3,Muscle injury
92259,2022-02-21,2022-03-03,11.0,2,Hamstring injury
92259,2022-03-10,2022-03-21,12.0,2,Hamstring injury
92259,2022-08-18,2022-08-29,12.0,3,minor knock
92259,2022-11-01,2023-04-21,172.0,27,Achilles tendon rupture
92371,2021-01-14,2021-02-08,26.0,7,Calf injury
92371,2022-08-18,2022-09-05,19.0,4,Injury to abdominal muscles
92371,2022-10-27,2022-12-22,57.0,4,surgery
92371,2023-05-07,2023-05-12,6.0,1,bruise
92371,2023-11-11,2023-11-25,15.0,1,unknown injury
92371,2023-12-08,2023-12-22,15.0,3,Stress reaction of the bone
92371,2025-01-13,2025-02-11,30.0,6,Muscle fatigue
92371,2025-12-19,2026-01-02,15.0,2,Muscle injury
93100,2020-12-20,2021-02-05,48.0,9,Knee injury
93100,2021-08-23,2021-09-09,18.0,5,Knee injury
93100,2021-10-15,2021-10-16,2.0,0,Knock
93100,2021-12-08,2021-12-22,15.0,2,Corona virus
93100,2023-04-20,2023-06-07,49.0,7,Calf injury
93100,2024-02-09,2024-02-13,5.0,1,Hamstring injury
93100,2024-09-09,2024-10-11,33.0,5,Ankle injury
93100,2024-10-16,2024-10-26,11.0,2,Ankle injury
93100,2025-01-05,2025-01-14,10.0,1,Knock
93100,2025-02-03,2025-02-10,8.0,1,Knock
93100,2025-12-20,2025-12-30,11.0,2,Knock
93100,2026-01-31,2026-02-09,10.0,2,Knock
93100,2026-02-10,2026-04-02,52.0,9,Groin surgery
93264,2020-10-13,2020-10-25,13.0,3,Muscle strain
93264,2022-01-03,2022-01-20,18.0,4,Thigh problems
93264,2022-02-04,2022-02-15,12.0,3,Thigh problems
93264,2023-05-07,2023-05-21,15.0,1,Knock
93264,2023-05-21,2023-06-30,41.0,1,Groin injury
93264,2023-11-27,2023-12-24,28.0,3,Knock
93264,2024-01-05,2024-01-11,7.0,1,Muscle injury
93264,2024-10-31,2024-11-03,4.0,0,Knee injury
93264,2025-01-28,2025-01-30,3.0,1,Ill
93264,2025-03-01,2025-03-02,2.0,0,Ill
93264,2025-10-16,2025-11-08,24.0,6,Hamstring injury
93264,2025-11-14,2025-12-08,25.0,4,Calf injury
93264,2026-01-24,2026-03-18,54.0,11,Calf injury
93284,2025-11-15,2026-05-31,198.0,29,Tendon rupture
94147,2020-11-09,2020-11-27,19.0,4,Quarantine
94245,2021-09-21,2021-09-25,5.0,2,Inner ligament stretch of the knee
94245,2021-10-30,2021-11-21,23.0,6,Hamstring strain
94245,2021-11-17,2021-11-22,6.0,1,Tonsillitis
94245,2023-02-26,2023-03-07,10.0,1,unknown injury
94245,2023-03-16,2023-04-11,27.0,7,Groin injury
94245,2023-04-11,2023-04-30,20.0,4,Fitness
94245,2024-04-02,2024-04-04,3.0,1,minor knock
94245,2025-12-07,2026-03-05,89.0,14,Foot injury
94245,2026-03-06,2026-05-04,60.0,8,Fitness
95463,2022-03-10,2022-04-25,47.0,13,Knee surgery
95463,2025-08-31,2026-01-09,132.0,30,Elbow injury
95658,2021-05-09,2021-06-13,36.0,9,Ankle injury
95658,2021-09-25,2021-10-15,21.0,5,Calf injury
95658,2022-01-01,2022-01-14,14.0,2,Chest injury
95658,2022-04-26,2022-05-03,8.0,2,Knee problems
95658,2022-09-26,2022-10-25,30.0,7,Hamstring injury
95658,2023-02-17,2023-02-21,5.0,1,unknown injury
95658,2023-04-22,2023-04-28,7.0,2,unknown injury
95658,2023-08-18,2023-08-23,6.0,1,unknown injury
95658,2023-12-13,2024-01-24,43.0,6,Groin injury
95658,2024-02-26,2024-03-14,18.0,3,Groin injury
95658,2024-03-24,2024-03-28,5.0,1,unknown injury
95658,2024-05-05,2024-06-30,57.0,11,Muscle injury
95658,2024-09-27,2024-10-01,5.0,1,Knock
95658,2024-10-07,2024-11-06,31.0,7,Knee injury
95658,2024-11-06,2024-11-29,24.0,5,unknown injury
95658,2025-03-02,2025-03-24,23.0,5,Calf injury
95658,2025-10-24,2025-10-27,4.0,1,Knock
95658,2025-11-21,2026-01-12,53.0,9,Thigh problems
96787,2021-01-09,2021-01-19,11.0,2,Quarantine
96787,2023-10-28,2023-11-07,11.0,3,unknown injury
96787,2025-03-05,2025-03-08,4.0,1,Thigh problems
96787,2025-03-13,2025-04-12,31.0,4,Thigh problems
96787,2025-04-17,2025-05-03,17.0,4,Thigh problems
96787,2025-10-16,2025-10-25,10.0,2,unknown injury
96994,2020-12-18,2020-12-18,1.0,0,Hamstring strain
96994,2021-07-15,2021-07-22,8.0,2,Corona virus
96994,2021-08-16,2021-08-20,5.0,1,Knock
96994,2024-10-30,2024-11-22,24.0,3,Achilles heel problems
96994,2025-05-02,2025-06-09,39.0,4,Muscle injury
96994,2025-07-21,2025-09-08,50.0,6,Knock
97032,2020-10-19,2021-06-30,255.0,57,Cruciate ligament tear
97032,2021-12-16,2021-12-27,12.0,3,Corona virus
97032,2022-05-16,2022-05-19,4.0,1,Knee problems
97032,2022-06-06,2022-06-16,11.0,3,Rest
97032,2023-01-02,2023-02-12,42.0,7,Hamstring injury
97032,2023-04-02,2023-04-06,5.0,1,Ill
97032,2024-01-06,2024-01-09,4.0,1,Ill
97032,2024-11-18,2024-11-20,3.0,1,Rest
97299,2020-09-22,2020-10-02,11.0,3,Knock
97299,2021-01-22,2021-01-24,3.0,1,Rest
97299,2022-04-21,2022-05-16,26.0,6,Hamstring injury
97299,2022-09-26,2022-10-20,25.0,5,Hamstring injury
97299,2023-01-27,2023-03-01,34.0,8,Hamstring injury
97299,2023-08-10,2023-10-01,53.0,10,Hip injury
97299,2023-12-28,2024-01-15,19.0,3,Ankle injury
97299,2024-11-01,2024-11-18,18.0,3,unknown injury
97299,2024-11-23,2024-12-14,22.0,6,Foot injury
97299,2024-12-22,2025-01-20,30.0,6,Foot injury
97299,2025-02-19,2025-05-23,94.0,17,Hamstring injury
97299,2025-09-01,2025-09-15,15.0,3,Muscle injury
97299,2025-12-05,2026-02-09,67.0,18,Thigh problems
97299,2026-03-28,2026-04-17,21.0,3,Calf injury
97299,2026-09-15,2026-10-12,28.0,1,Hamstring strain
98745,2022-09-27,2022-10-19,23.0,5,Muscle injury
98745,2023-03-08,2023-04-07,31.0,5,unknown injury
98745,2024-11-04,2025-03-01,118.0,23,Inflammation of pubic bone
98747,2020-11-27,2020-12-04,8.0,1,Head injury
98747,2021-05-12,2021-06-30,50.0,9,Knee surgery
98747,2021-12-29,2022-01-06,9.0,2,Corona virus
98747,2023-03-19,2023-03-31,13.0,2,Thigh problems
98747,2023-05-23,2023-06-20,29.0,3,Hand injury
98747,2023-12-02,2024-05-02,153.0,29,Shoulder injury
98747,2024-12-07,2025-01-20,45.0,11,Knee injury
98747,2025-11-09,2025-11-12,4.0,0,Head injury
98747,2025-11-28,2025-12-16,19.0,5,Groin injury
98770,2020-10-02,2021-01-31,122.0,6,Back injury
98770,2023-11-06,2024-01-19,75.0,17,Hip problems
98770,2024-10-26,2024-12-04,40.0,7,Torn lateral knee ligament
98770,2025-12-11,2025-12-19,9.0,2,Calf muscle tear
98770,2026-08-20,2026-09-03,15.0,2,Foot injury
98980,2022-05-20,2022-05-29,10.0,1,Knee problems
98980,2025-01-09,2025-01-14,6.0,1,unknown injury
98980,2025-03-07,2025-03-09,3.0,1,unknown injury
98980,2025-09-15,2025-09-26,12.0,2,Muscle injury
98980,2025-10-01,2025-10-03,3.0,1,Knock
98980,2025-12-02,2025-12-04,3.0,1,muscular problems
98980,2025-12-12,2025-12-15,4.0,1,muscular problems
98980,2026-04-11,2026-04-15,5.0,1,Calf problems
101105,2021-02-12,2021-02-18,7.0,2,Knock
101105,2021-09-16,2021-09-20,5.0,1,Knock
101105,2021-09-29,2021-10-02,4.0,2,Bruised back
101105,2021-10-16,2021-10-25,10.0,3,bruise
101105,2022-07-17,2022-08-08,23.0,1,Broken hand
101105,2023-10-27,2023-12-14,49.0,8,Groin problems
101105,2024-04-15,2024-06-30,77.0,3,Groin surgery
101148,2020-07-12,2020-09-01,52.0,3,Ankle problems
101148,2020-09-28,2020-10-16,19.0,2,Hip injury
101148,2020-11-22,2021-01-17,57.0,10,Muscle fatigue
101148,2020-11-25,2020-12-10,16.0,1,Corona virus
101148,2021-01-31,2021-02-14,15.0,2,Hamstring strain
101148,2021-04-04,2021-06-01,59.0,9,Foot injury
101148,2022-02-11,2022-02-16,6.0,1,Ill
101148,2023-04-29,2023-05-31,33.0,6,Calf injury
101148,2023-12-23,2024-01-01,10.0,3,unknown injury
101148,2024-01-22,2024-02-08,18.0,3,Calf injury
101148,2024-03-30,2025-05-10,407.0,55,Cruciate ligament injury
101148,2025-05-26,2025-08-18,85.0,1,Fitness
101178,2020-11-08,2020-11-22,15.0,3,Hamstring injury
101184,2026-04-07,2026-05-31,55.0,6,Wrist injury
101188,2020-11-26,2021-01-11,47.0,9,Ankle injury
101188,2022-03-14,2022-03-21,8.0,1,Hamstring injury
101188,2022-04-09,2022-04-25,17.0,2,Shoulder injury
101188,2022-09-17,2022-10-27,41.0,7,Ankle injury
101188,2023-01-14,2023-02-03,21.0,1,Shoulder injury
101188,2023-12-26,2024-02-06,43.0,7,Hamstring injury
101338,2020-09-24,2020-10-18,25.0,6,Torn muscle fiber
101338,2021-04-17,2021-04-22,6.0,1,Calf problems
101338,2021-11-20,2021-12-15,26.0,6,Calf injury
101338,2022-05-13,2022-05-18,6.0,1,muscular problems
101338,2023-03-06,2023-03-14,9.0,2,unknown injury
101338,2023-04-16,2023-04-19,4.0,1,Groin problems
101338,2023-05-10,2023-06-15,37.0,5,Meniscus injury
101338,2023-09-20,2023-10-12,23.0,4,Adductor pain
101338,2023-12-07,2023-12-10,4.0,1,Calf problems
101338,2024-05-10,2024-05-12,3.0,1,Rest
101338,2024-09-26,2024-09-29,4.0,1,Knock
101338,2024-12-21,2024-12-24,4.0,1,Knock
101338,2025-03-16,2025-04-28,44.0,9,Knee medial ligament tear
101338,2025-12-09,2025-12-15,7.0,2,muscle stiffness
101338,2026-01-16,2026-02-11,27.0,6,Calf problems
101394,2024-11-19,2025-01-05,48.0,6,Cartilage damage
101394,2025-01-05,2025-01-09,5.0,1,Fitness
101394,2025-01-18,2025-02-06,20.0,3,Calf injury
101394,2025-02-06,2025-02-11,6.0,1,Fitness
101394,2025-10-25,2025-10-28,4.0,1,muscular problems
101394,2025-12-15,2026-01-15,32.0,4,muscular problems
101394,2026-04-19,2026-05-23,35.0,7,muscular problems
101394,2026-07-10,2026-12-31,175.0,8,Cartilage damage
101537,2020-07-02,2020-07-16,15.0,3,Knock
101537,2024-04-23,2024-04-26,4.0,1,Toe injury
101537,2025-01-23,2025-02-28,37.0,10,Inflammation of pubic bone
101537,2025-05-23,2025-05-31,9.0,2,Hamstring injury
101537,2025-07-24,2025-08-02,10.0,3,Hip flexor problems
101537,2025-11-30,2026-01-23,55.0,6,Ankle sprain
101537,2026-01-25,2026-02-14,21.0,5,Knee problems
101537,2026-05-17,2026-05-22,6.0,1,Hamstring injury
101537,2026-07-21,2026-07-25,5.0,1,Hamstring injury
101668,2020-10-19,2020-10-22,4.0,1,Calf strain
101668,2021-01-04,2021-01-14,11.0,1,Groin injury
101668,2021-01-21,2021-02-04,15.0,4,Groin surgery
101668,2021-12-27,2022-02-24,60.0,10,Hamstring injury
101668,2022-03-07,2022-04-25,50.0,11,Knee injury
101668,2023-12-09,2024-01-22,45.0,10,Knee injury
101668,2025-02-03,2025-02-10,8.0,1,Knock
101668,2025-09-16,2025-09-25,10.0,1,Muscle fatigue
101668,2026-03-09,2026-03-17,9.0,1,Dead leg
101668,2026-04-03,2026-05-01,29.0,4,Muscle injury
101982,2021-01-05,2021-01-18,14.0,2,Virus
101982,2023-12-10,2024-01-16,38.0,5,Calf injury
101982,2024-03-24,2024-07-14,113.0,20,Elbow injury
101982,2025-04-11,2025-06-30,81.0,7,unknown injury
101982,2026-04-09,2026-06-08,61.0,7,Shoulder injury
102057,2020-11-30,2021-02-17,80.0,17,Skull fracture
102057,2021-02-18,2021-07-16,149.0,24,Fitness
102057,2022-07-23,2022-08-17,26.0,2,Knee injury
102057,2022-09-30,2022-11-14,46.0,10,Hip problems
102057,2024-01-31,2024-03-14,44.0,6,Hamstring injury
102057,2025-09-29,2025-10-17,19.0,3,Hip injury
102057,2026-05-08,2026-05-15,8.0,1,Knock
102380,2021-04-28,2021-05-03,6.0,1,Facial injury
102380,2021-10-09,2021-10-20,12.0,2,Back problems
102380,2022-04-14,2022-04-28,15.0,4,Groin injury
102380,2022-11-05,2022-11-17,13.0,3,Hip injury
102380,2023-03-22,2023-04-05,15.0,3,Knee problems
102380,2024-02-02,2024-02-19,18.0,4,Hamstring injury
102380,2024-06-24,2024-06-28,5.0,0,Muscle strain
102380,2025-02-02,2025-02-18,17.0,4,Muscle injury
102380,2025-03-08,2025-03-12,5.0,1,flu
102380,2025-04-27,2025-06-20,55.0,8,Tear of the lateral meniscus
102380,2025-09-12,2025-12-12,92.0,18,Hamstring injury
102380,2026-01-09,2026-02-03,26.0,6,Knee injury
102549,2020-10-28,2021-01-14,79.0,20,Inner ligament injury
102549,2021-08-31,2021-09-10,11.0,3,Corona virus
102826,2020-07-03,2020-07-10,8.0,2,Knock
102826,2020-10-04,2020-11-24,52.0,8,Muscle injury
102826,2023-08-01,2023-09-15,46.0,4,Knock
102826,2023-10-06,2023-11-25,51.0,5,Dead leg
102826,2024-01-10,2025-04-03,450.0,37,Hamstring injury
102826,2024-05-20,2024-10-02,136.0,7,Hamstring injury
102826,2025-04-17,2025-07-01,76.0,6,Torn muscle fiber
102826,2025-09-21,2025-11-02,43.0,7,Fitness
102826,2026-01-28,2026-02-12,16.0,2,Ill
102826,2026-04-07,2026-05-01,25.0,3,unknown injury
102836,2024-12-20,2024-12-30,11.0,1,Injury to the ankle
102836,2026-08-28,2026-08-31,4.0,1,Muscle injury
103025,2020-09-07,2020-09-21,15.0,1,Corona virus
103025,2024-05-22,2024-05-31,10.0,2,Knock
103123,2020-10-06,2020-10-22,17.0,3,Knock
103123,2021-03-20,2021-04-03,15.0,3,Corona virus
103123,2021-11-27,2021-12-01,5.0,1,Ill
103123,2022-07-18,2022-12-31,167.0,27,Testicular cancer
103123,2023-04-02,2023-04-07,6.0,1,Knee problems
103123,2023-11-24,2023-11-26,3.0,1,Ill
103123,2023-12-05,2023-12-11,7.0,2,Inner ligament stretch of the knee
103123,2023-12-20,2024-01-23,35.0,5,Ankle injury
103123,2024-02-12,2024-03-27,45.0,9,Ankle injury
103123,2024-04-14,2024-04-29,16.0,3,Ankle injury
103123,2024-05-02,2024-05-06,5.0,1,Ankle injury
103123,2024-05-08,2024-05-12,5.0,1,Ankle injury
103123,2025-12-15,2026-01-01,18.0,2,unknown injury
103123,2026-01-22,2026-03-14,52.0,7,Muscle injury
103192,2020-12-28,2020-12-31,4.0,1,Rest
103192,2021-02-01,2021-02-04,4.0,1,Knock
103192,2021-12-06,2022-01-17,43.0,10,Hamstring injury
103192,2022-04-18,2022-04-25,8.0,1,Ankle sprain
103192,2022-11-12,2023-01-09,59.0,5,Knee injury
103192,2023-01-27,2023-03-04,37.0,7,Hamstring injury
103192,2023-10-30,2023-11-10,12.0,3,Knee problems
103192,2023-12-24,2023-12-29,6.0,1,Ill
103914,2020-07-16,2020-09-16,63.0,2,Hamstring strain
103914,2020-12-30,2021-01-20,22.0,3,Hamstring strain
103914,2021-01-22,2021-02-15,25.0,7,Hamstring strain
103914,2022-01-07,2022-02-25,50.0,7,Bruise on ankle
103914,2024-01-10,2024-02-10,32.0,4,Shoulder injury
103914,2024-10-26,2024-11-30,36.0,6,Ankle problems
103914,2024-12-15,2024-12-27,13.0,4,unknown injury
103914,2025-01-16,2025-02-01,17.0,4,Groin problems
103914,2025-02-22,2025-05-05,73.0,10,Hip injury
103955,2020-11-14,2020-11-20,7.0,2,Calf strain
103955,2021-01-08,2021-01-12,5.0,1,Knock
103955,2023-01-05,2023-02-02,29.0,5,Hamstring injury
103955,2023-02-09,2023-02-12,4.0,1,Knee problems
103955,2023-03-09,2023-04-02,25.0,3,Hamstring injury
103955,2024-04-11,2024-04-16,6.0,1,Ill
103955,2024-04-25,2024-05-05,11.0,3,unknown injury
103955,2024-12-20,2025-01-07,19.0,5,Knee problems
104047,2022-04-11,2022-09-18,161.0,22,Knee injury
104542,2020-10-21,2020-11-05,16.0,2,Foot injury
104542,2025-03-31,2025-06-01,63.0,7,Calf injury
104542,2026-02-20,2026-03-10,19.0,3,Back problems
104547,2020-09-05,2020-12-11,98.0,13,Inner ligament injury
104547,2024-03-17,2024-05-31,76.0,7,Hamstring injury
105377,2022-08-02,2022-08-16,15.0,4,Fitness
105377,2022-12-05,2022-12-18,14.0,0,Groin injury
105377,2022-12-18,2022-12-25,8.0,2,Fitness
105377,2025-10-27,2026-01-15,81.0,11,Broken fibula
105377,2026-01-28,2026-02-18,22.0,4,unknown injury
105377,2026-03-02,2026-04-01,31.0,6,unknown injury
105377,2026-08-05,2026-09-09,36.0,9,unknown injury
105666,2020-10-23,2020-11-06,15.0,2,Virus
105666,2022-07-19,2022-11-13,118.0,16,Broken finger
105666,2025-01-02,2025-02-22,52.0,13,Heel injury
105717,2020-12-10,2021-03-17,98.0,24,Knee surgery
105717,2022-11-04,2022-11-29,26.0,2,Bone edema
105717,2023-08-24,2023-09-07,15.0,3,Hamstring strain
105717,2023-09-09,2023-09-13,5.0,1,unknown injury
105717,2023-10-05,2023-10-14,10.0,3,Hamstring strain
105717,2023-10-26,2023-11-25,31.0,7,Hamstring strain
105717,2023-11-26,2023-12-16,21.0,5,Hamstring strain
105717,2024-03-28,2024-04-21,25.0,3,Cartilage damage
105717,2024-05-02,2024-05-07,6.0,2,Edema in the knee
105717,2025-08-10,2025-08-19,10.0,1,Fitness
105717,2025-12-28,2026-02-02,37.0,10,Ankle sprain
106468,2020-12-28,2021-01-08,12.0,3,Corona virus
106468,2021-08-22,2021-09-06,16.0,1,Muscle injury
106468,2022-01-17,2022-01-20,4.0,1,Muscle injury
106468,2023-05-20,2023-09-15,119.0,8,Hamstring injury
106468,2024-04-15,2024-05-31,47.0,8,minor knock
106468,2025-04-30,2025-07-30,92.0,5,unknown injury
106468,2026-02-10,2026-03-17,36.0,4,Muscle injury
106606,2020-10-18,2020-11-28,42.0,9,Knee injury
106606,2024-10-01,2024-11-01,32.0,3,Ankle injury
106606,2024-12-09,2025-01-12,35.0,6,Ill
106606,2025-10-19,2026-06-30,255.0,39,Cruciate ligament tear
106611,2025-12-01,2025-12-05,5.0,1,muscular problems
106611,2025-12-29,2025-12-31,3.0,1,Ill
106617,2021-09-18,2021-11-28,72.0,14,Ankle injury
106617,2021-12-07,2022-02-28,84.0,12,Hamstring injury
106617,2022-03-27,2022-07-01,97.0,9,Foot injury
106617,2022-11-05,2022-12-31,57.0,5,Groin problems
106617,2023-07-31,2023-09-25,57.0,10,Hamstring injury
106617,2025-01-02,2025-04-01,90.0,16,Muscle injury
106618,2020-11-07,2020-12-18,42.0,4,Hamstring injury
106618,2020-12-21,2021-01-02,13.0,3,Ill
106618,2021-01-13,2021-02-01,20.0,4,Hamstring strain
106618,2021-02-04,2021-02-05,2.0,0,Hamstring injury
106618,2021-07-28,2022-01-01,158.0,20,Calf injury
106757,2021-12-13,2022-01-03,22.0,4,Corona virus
106757,2022-03-03,2022-03-10,8.0,1,Bruised back
106757,2022-03-17,2022-04-11,26.0,3,Knee problems
106757,2022-05-12,2022-05-19,8.0,1,Ill
106757,2024-09-07,2024-11-05,60.0,8,muscular problems
106760,2020-07-14,2020-09-11,60.0,9,Ankle injury
106760,2020-11-07,2020-12-07,31.0,9,Hamstring injury
106760,2021-11-20,2021-12-07,18.0,5,Head injury
106760,2022-01-18,2022-01-31,14.0,2,Hamstring injury
106760,2022-03-02,2022-03-16,15.0,3,Corona virus
106760,2022-04-02,2022-05-13,42.0,8,Leg injury
106760,2023-04-06,2023-04-19,14.0,3,unknown injury
106760,2023-08-23,2023-11-23,93.0,22,Muscle injury
106760,2023-12-24,2024-01-24,32.0,4,Thigh problems
106760,2024-02-18,2024-06-10,114.0,22,Muscle injury
106760,2024-08-01,2024-10-20,81.0,16,Knee injury
106760,2024-08-11,2024-11-08,90.0,20,Calf injury
106760,2024-12-03,2025-04-04,123.0,26,Muscle injury
106760,2025-04-18,2025-04-22,5.0,1,Rest
106760,2025-05-22,2025-06-01,11.0,1,Foot injury
106760,2026-03-01,2026-03-05,5.0,0,Ill
106837,2020-09-28,2020-10-18,21.0,5,Knee injury
106837,2021-01-10,2021-03-16,66.0,16,Hamstring injury
106837,2021-09-17,2021-10-18,32.0,7,Hamstring muscle injury
106837,2021-11-17,2021-11-24,8.0,1,Bone edema
106837,2021-12-19,2021-12-22,4.0,2,muscular problems
106837,2022-01-10,2022-01-15,6.0,2,Ankle problems
106837,2022-02-12,2022-04-19,67.0,11,Foot surgery
106837,2022-12-26,2023-01-11,17.0,5,unknown injury
106837,2024-10-04,2024-10-23,20.0,2,Adductor injury
106837,2025-01-16,2025-02-07,23.0,5,Torn muscle bundle
106837,2025-02-28,2025-03-05,6.0,1,minor knock
106837,2025-03-09,2025-03-19,11.0,2,minor knock
106837,2025-09-24,2025-10-27,34.0,4,Muscle injury
106837,2025-12-03,2025-12-15,13.0,2,Ankle injury
107265,2020-11-08,2021-01-19,73.0,19,Ankle injury
107265,2025-10-30,2025-12-13,45.0,11,Knee injury
107613,2020-11-09,2020-12-05,27.0,4,Virus
107613,2021-01-28,2021-02-06,10.0,4,Knock
107613,2022-10-08,2022-10-26,19.0,3,Hamstring strain
107613,2022-12-14,2022-12-30,17.0,4,Hamstring injury
107613,2023-05-21,2023-06-08,19.0,3,Heel problems
107613,2023-06-17,2023-06-30,14.0,0,unknown injury
107613,2024-06-09,2024-06-12,4.0,1,Knock
107613,2025-02-19,2025-06-30,132.0,14,Torn ankle ligaments
107613,2025-12-21,2026-01-16,27.0,5,unknown injury
108053,2020-09-01,2020-09-14,14.0,1,Ankle problems
108053,2020-11-30,2021-01-25,57.0,10,Knee injury
108053,2025-04-18,2025-05-16,29.0,4,Thigh problems
108053,2025-08-03,,42.0,6,Cruciate ligament tear
108156,2020-11-02,2020-12-16,45.0,4,Hamstring injury
108156,2022-02-05,2022-04-05,60.0,8,Torn thigh muscle
108156,2022-04-06,2023-10-23,566.0,75,Achilles tendon problems
108156,2023-10-24,,1071.0,129,Achilles heel problems
108156,2023-10-26,,689.0,90,Achilles heel problems
108411,2020-07-15,2020-12-05,144.0,21,unknown injury
108411,2023-08-01,2024-01-01,154.0,21,Torn ankle ligaments
108411,2024-02-22,2024-05-20,89.0,14,Hamstring injury
108413,2024-12-30,2025-01-06,8.0,1,Leg injury
108416,2020-10-10,2020-10-17,8.0,2,Virus
108416,2021-02-16,2021-03-15,28.0,5,Toe injury
108416,2023-09-30,2024-06-30,275.0,40,Foot injury
108796,2020-09-10,2020-10-05,26.0,6,strain
108796,2020-11-05,2020-11-15,11.0,3,Abdominal problems
108796,2021-02-16,2021-06-01,106.0,21,Ankle surgery
108796,2021-08-01,2021-08-15,15.0,3,strain
108796,2021-11-01,2021-11-15,15.0,3,strain
108796,2021-12-01,2022-01-23,54.0,6,strain
108796,2022-03-15,2022-04-13,30.0,7,strain
108796,2023-08-30,2023-09-12,14.0,3,minor knock
108796,2023-12-03,2023-12-07,5.0,1,Back problems
108796,2023-12-16,,637.0,74,heart problems
108796,2026-01-25,2026-02-15,22.0,5,unknown injury
108796,2026-08-05,2026-08-11,7.0,1,muscle stiffness
108813,2020-08-31,2020-11-05,67.0,10,Ankle injury
108813,2023-07-26,2023-09-25,62.0,10,Inflammation of the sole of the foot
108813,2025-01-31,2025-03-10,39.0,7,Foot injury
108823,2020-07-03,2020-07-25,23.0,5,Muscle injury
108823,2021-01-22,2021-02-09,19.0,5,Tendon irritation
108823,2022-09-04,2022-09-22,19.0,3,Hamstring strain
108823,2023-03-24,2024-03-05,348.0,45,Partial muscle tear
108823,2025-01-19,2025-02-27,40.0,6,Fitness
108823,2025-05-16,2025-05-19,4.0,1,flu
109322,2020-10-17,2020-12-01,46.0,13,bruise
109322,2022-12-27,2023-01-16,21.0,6,Hamstring injury
109322,2024-03-26,2024-05-13,49.0,10,Knee injury
109322,2024-07-13,2024-08-13,32.0,5,Hamstring injury
109345,2020-07-06,2020-07-13,8.0,2,Muscle injury
109345,2020-11-02,2020-11-20,19.0,1,Ankle injury
109345,2021-02-05,2021-07-01,147.0,17,Knock
109345,2021-08-28,2021-09-10,14.0,1,Hamstring injury
109345,2023-05-12,2023-06-12,32.0,5,Hamstring injury
109345,2023-10-21,2024-12-23,430.0,59,Knee injury
109345,2025-01-24,2025-02-22,30.0,5,Muscle injury
109345,2025-03-14,2025-03-29,16.0,2,Muscle injury
109345,2025-05-02,2025-09-13,135.0,9,Knee surgery
109345,2025-12-13,2026-02-27,77.0,14,Fitness
109345,2026-03-03,2026-03-05,3.0,1,Rest
109345,2026-03-20,2026-03-23,4.0,1,Rest
109345,2026-04-17,2026-05-01,15.0,2,Knock
109434,2020-08-01,2020-11-01,93.0,10,Fitness
109434,2020-10-16,2021-01-12,89.0,12,Ankle injury
109434,2021-01-15,2021-02-13,30.0,7,Achilles tendon problems
109434,2021-04-09,2021-09-13,158.0,14,Knee surgery
109434,2023-04-03,2023-05-23,51.0,7,unknown injury
109434,2023-10-27,2023-11-25,30.0,4,Hip problems
109434,2024-04-18,2024-04-27,10.0,2,Ankle injury
109434,2024-05-03,2024-06-30,59.0,3,unknown injury
109434,2025-08-14,,31.0,4,Muscle injury
109528,2020-07-02,2020-07-04,3.0,0,Knock
109528,2020-11-29,2020-12-25,27.0,4,Virus
109528,2021-01-24,2021-01-25,2.0,0,Virus
109528,2021-02-07,2021-03-10,32.0,4,Ankle injury
109528,2022-05-12,2022-05-23,12.0,2,chickenpox
109528,2023-05-20,2023-05-31,12.0,2,Knock
109528,2024-09-13,2024-09-23,11.0,2,Hamstring injury
109533,2021-09-08,2021-09-11,4.0,0,unknown injury
109533,2022-01-18,2022-01-25,8.0,1,Corona virus
109533,2024-03-07,2024-03-12,6.0,2,Groin problems
109533,2025-01-03,2025-01-13,11.0,2,unknown injury
109533,2025-01-03,2025-01-13,11.0,2,Knock
109533,2026-01-21,2026-02-01,12.0,4,Dead leg
109638,2020-12-07,2020-12-28,22.0,4,Calf injury
109638,2021-11-03,,1411.0,0,Cruciate ligament surgery
109646,2023-08-31,2023-11-26,88.0,11,Groin surgery
109646,2024-02-04,2024-02-16,13.0,1,Knock
109646,2025-08-16,2025-08-18,3.0,1,unknown injury
109646,2025-09-21,2025-10-12,22.0,4,Calf problems
109646,2026-01-17,2026-02-13,28.0,7,Hamstring injury
109745,2020-10-22,2020-12-18,58.0,16,Shoulder injury
109745,2023-11-08,2023-11-30,23.0,6,Adductor injury
109745,2024-10-25,2024-11-04,11.0,2,Adductor pain
109745,2025-11-02,2025-11-07,6.0,1,unknown injury
110504,2020-09-14,2020-09-19,6.0,2,Ill
110504,2020-11-02,2020-11-20,19.0,3,Bruised ribs
110504,2021-10-20,2021-12-25,67.0,11,Strain in the thigh and gluteal muscles
110504,2022-01-10,2022-01-16,7.0,3,Corona virus
110504,2022-12-28,2023-02-15,50.0,8,Knee injury
110504,2023-08-30,2023-09-25,27.0,7,unknown injury
110504,2023-11-25,2024-01-13,50.0,12,unknown injury
110504,2024-10-01,2024-10-05,5.0,1,Knee injury
110504,2024-11-10,2024-11-23,14.0,1,Knee problems
110504,2025-08-16,2025-08-29,14.0,2,unknown injury
110504,2026-01-06,2026-02-26,52.0,9,Knee injury
110504,2026-03-12,2026-05-12,62.0,7,Knee injury
110735,2020-07-17,2020-07-19,3.0,0,Groin injury
110735,2021-02-07,2021-02-23,17.0,3,Ankle injury
110735,2021-09-11,2021-10-18,38.0,6,Hamstring injury
110735,2021-12-01,2021-12-25,25.0,3,Calf injury
110735,2022-02-18,2022-04-08,50.0,6,Groin injury
110735,2022-12-20,2023-01-05,17.0,4,minor knock
110735,2023-05-10,2023-05-22,13.0,3,muscular problems
110735,2023-11-24,2024-01-01,39.0,9,unknown injury
110735,2024-10-12,2024-12-31,81.0,13,Thigh problems
110735,2025-03-30,2025-05-01,33.0,5,Hamstring injury
110735,2025-07-25,,51.0,5,Cruciate ligament injury
110979,2020-10-02,2020-10-16,15.0,2,Corona virus
110979,2021-01-30,2021-02-06,8.0,2,Knock
110979,2022-11-09,2023-02-22,106.0,19,Inflammation in the head of the fibula
110979,2024-05-27,2024-05-31,5.0,2,Knee problems
110979,2024-05-31,2024-06-30,31.0,3,Torn thigh muscle
110979,2026-03-13,2026-03-26,14.0,1,Ankle injury
111234,2021-01-28,2021-02-18,22.0,6,Chest injury
111234,2021-09-13,2021-09-27,15.0,4,Shoulder injury
111234,2022-09-09,2022-09-27,19.0,3,Thigh problems
111317,2020-07-10,2020-07-11,2.0,0,Calf injury
111317,2020-09-20,2020-09-28,9.0,2,Ankle injury
111317,2020-10-12,2020-10-29,18.0,5,Knock
111317,2021-02-17,2021-04-03,46.0,13,Ankle injury
111317,2021-08-31,2021-09-08,9.0,3,unknown injury
111317,2021-10-06,2022-05-10,217.0,43,Lymphatic cancer
111317,2022-08-20,2022-12-18,121.0,20,Hamstring injury
111317,2022-12-19,2023-03-08,80.0,12,Fitness
111317,2024-05-26,2024-06-10,16.0,3,Shoulder injury
111317,2024-06-10,2024-08-27,79.0,2,Fitness
111317,2025-10-15,2025-10-31,17.0,1,Hamstring injury
111317,2026-01-11,2026-02-02,23.0,3,Ankle injury
111452,2021-01-24,2021-01-31,8.0,2,Corona virus
111452,2022-01-06,2022-01-11,6.0,1,Corona virus
111457,2020-11-18,2020-12-01,14.0,4,Corona virus
111457,2020-12-05,2020-12-17,13.0,4,Knock
111457,2021-11-13,2022-01-08,57.0,12,Ankle injury
111457,2022-09-29,2022-10-21,23.0,5,Knock
111457,2023-03-13,2023-03-30,18.0,3,Adductor pain
111457,2023-11-13,2023-11-23,11.0,2,muscular problems
111457,2023-12-09,2023-12-17,9.0,2,Ankle sprain
111457,2024-01-07,2024-01-09,3.0,1,muscular problems
111457,2024-04-11,2024-04-15,5.0,2,muscular problems
111457,2024-05-02,2024-05-20,19.0,6,muscular problems
111457,2024-05-22,2024-06-03,13.0,4,muscular problems
111457,2024-08-14,2024-09-09,27.0,5,Muscle fatigue
111457,2024-10-19,2024-10-21,3.0,1,Fever
111457,2024-11-06,2024-11-25,20.0,5,Muscle injury
111457,2025-02-02,2025-02-17,16.0,4,Hamstring muscle injury
111457,2025-04-14,2025-10-15,185.0,14,Cruciate ligament tear
111457,2025-10-31,2025-11-02,3.0,1,unknown injury
111457,2026-01-05,2026-01-15,11.0,2,Collateral ligament injury
111457,2026-02-26,2026-02-28,3.0,0,Muscle fatigue
111478,2021-02-02,2021-02-05,4.0,1,Knock
111478,2021-08-14,2021-08-27,14.0,3,Corona virus
111478,2021-12-15,2021-12-28,14.0,2,Ankle injury
111478,2023-12-17,2024-02-05,51.0,9,Knee injury
111478,2024-05-11,2024-05-21,11.0,3,Knock
111478,2024-09-27,2024-09-30,4.0,1,Ill
111478,2024-11-25,2024-12-17,23.0,4,unknown injury
111478,2025-02-17,2025-04-21,64.0,10,Foot injury
111478,2025-10-02,2025-11-07,37.0,5,Calf injury
111478,2026-01-06,2026-01-09,4.0,1,Muscle injury
111773,2020-07-21,2020-09-11,53.0,3,Ankle injury
111773,2022-08-24,2023-08-01,343.0,53,Cruciate ligament tear
111773,2024-11-08,2025-01-13,67.0,13,Broken collarbone
111773,2025-08-22,2025-08-28,7.0,1,Knee injury
111773,2025-11-21,2026-02-20,92.0,25,Knee injury
111773,2026-02-20,2026-06-29,130.0,16,Knee surgery
111931,2021-11-19,2021-12-11,23.0,6,Hamstring injury
111931,2022-08-05,2023-02-05,185.0,27,Achilles tendon rupture
111931,2024-11-11,2025-03-09,119.0,19,Hamstring injury
111931,2025-04-28,2025-05-23,26.0,3,Muscle injury
113534,2022-02-27,2022-04-04,37.0,6,Thigh problems
113534,2026-07-26,,65.0,11,Cruciate ligament injury
113564,2023-12-09,2023-12-23,15.0,4,Hamstring injury
113564,2024-02-11,2024-02-25,15.0,3,Hamstring injury
114241,2025-08-26,2025-10-16,52.0,5,Muscle injury
114241,2026-04-27,2026-07-21,86.0,6,Muscle injury
114241,2026-08-03,2026-09-17,46.0,10,Muscle injury
114243,2023-10-25,2024-01-26,94.0,19,Shoulder injury
114243,2024-10-30,2024-11-08,10.0,2,Hamstring injury
114243,2026-01-08,2026-01-26,19.0,0,Hamstring injury
114283,2020-10-02,2020-10-03,2.0,0,Calf injury
114283,2021-02-20,2021-05-10,80.0,15,Shin injury
114283,2023-08-29,2023-09-23,26.0,6,Hamstring injury
114283,2024-02-12,2024-02-22,11.0,3,Groin problems
114283,2024-02-28,2024-03-28,30.0,6,Groin injury
114283,2025-02-11,2025-02-17,7.0,2,Hip injury
114283,2025-12-26,2025-12-28,3.0,1,Ill
114283,2026-01-19,2026-06-01,134.0,16,Foot surgery
114536,2023-10-14,2023-11-24,42.0,6,fatigue fracture
115382,2020-11-29,2020-12-06,8.0,0,Hamstring strain
115382,2021-08-21,2021-08-27,7.0,2,Shoulder injury
115382,2021-12-14,2021-12-25,12.0,1,Corona virus
115382,2026-03-07,2026-03-11,5.0,1,Hip problems
115556,2021-03-22,2021-05-31,71.0,14,Shin injury
115556,2021-10-04,2021-10-11,8.0,3,Ill
115556,2022-03-28,2022-03-31,4.0,3,Hamstring strain
115556,2022-09-15,2022-10-03,19.0,7,Knee injury
115556,2023-03-18,2023-04-20,34.0,6,Hamstring injury
115556,2023-10-22,2023-10-26,5.0,1,Knock
115556,2023-10-27,2023-11-09,14.0,2,Knock
115556,2024-01-12,2024-01-23,12.0,1,Hamstring injury
115556,2024-04-29,2024-07-27,90.0,7,Calf problems
115556,2024-12-05,2025-01-17,44.0,12,Hamstring injury
115556,2025-10-17,2025-11-26,41.0,10,Hamstring injury
115556,2026-01-19,2026-06-01,134.0,22,Ankle surgery
115918,2024-04-06,2024-04-06,1.0,0,Ill
115918,2024-05-04,2024-05-11,8.0,1,unknown injury
115918,2025-06-29,2025-07-31,33.0,4,Broken hand
115918,2026-02-07,2026-02-09,3.0,1,Ill
116216,2020-11-02,2020-11-27,26.0,5,Groin injury
116216,2021-12-04,2021-12-14,11.0,1,Elbow injury
116216,2021-12-26,2022-01-01,7.0,2,Hamstring injury
116216,2022-04-19,2022-04-21,3.0,1,Ill
116216,2025-11-27,2025-12-05,9.0,2,Ankle problems
116216,2026-03-07,2026-03-16,10.0,2,Hip injury
116216,2026-08-05,2026-08-07,3.0,1,Fitness
116216,2026-08-26,2026-08-28,3.0,1,Rest
116216,2026-09-11,2026-09-19,9.0,1,Tendonitis
116216,2026-09-19,2026-10-06,18.0,3,Heel injury
116535,2020-09-21,2020-09-27,7.0,1,Ill
116535,2020-10-03,2020-10-23,21.0,5,Shoulder injury
116535,2020-11-29,2020-12-12,14.0,3,Hip injury
116535,2021-02-01,2021-02-05,5.0,1,Ill
116535,2022-01-01,2022-01-08,8.0,1,Corona virus
116535,2023-11-26,2023-12-08,13.0,3,muscular problems
116535,2024-02-08,2024-02-12,5.0,1,Virus
116535,2024-02-16,2024-04-12,57.0,15,Hamstring injury
116535,2024-09-18,2024-09-26,9.0,2,Thigh problems
116535,2024-10-05,2024-11-10,37.0,10,Hamstring injury
116535,2024-10-18,2024-12-19,63.0,16,Hamstring injury
116535,2025-03-21,2025-04-07,18.0,3,concussion
116535,2025-10-01,2025-11-19,50.0,12,Hamstring injury
116535,2025-11-24,2025-11-27,4.0,1,Ill
116535,2026-03-09,2026-03-14,6.0,1,unknown injury
116535,2026-03-20,2026-05-20,62.0,12,Hamstring injury
118335,2022-02-19,2022-03-31,41.0,9,Hamstring injury
118335,2022-09-29,2022-10-16,18.0,4,Hamstring injury
118335,2023-02-01,2023-02-05,5.0,1,Tonsillitis
118335,2023-02-15,2023-05-15,90.0,17,unknown injury
118335,2023-11-09,2023-12-11,33.0,8,unknown injury
118335,2024-02-26,2024-03-01,5.0,1,Head injury
118335,2024-03-30,2024-04-01,3.0,1,unknown injury
118335,2024-08-16,2024-08-20,5.0,1,unknown injury
118342,2020-09-13,2021-03-22,191.0,34,Elbow injury
118342,2022-01-07,2022-01-17,11.0,2,Corona virus
118342,2023-10-03,2023-10-19,17.0,3,cold
118342,2025-01-31,2025-02-14,15.0,1,Chest injury
118342,2026-01-18,2026-03-18,60.0,16,Ligament injury
118342,2026-04-25,2026-04-27,3.0,1,muscular problems
118748,2020-11-13,2020-11-24,12.0,3,Corona virus
118748,2022-05-15,2022-05-20,6.0,1,Groin problems
118748,2024-01-19,2024-02-13,26.0,8,Hamstring muscle injury
118748,2024-02-19,2024-03-04,15.0,4,muscular problems
118748,2026-03-18,2026-04-01,15.0,3,muscular problems
118748,2026-04-26,2026-05-12,17.0,2,Thigh problems
119471,2020-07-16,2020-09-28,75.0,11,Shoulder injury
119471,2020-11-29,2020-12-25,27.0,4,Virus
119471,2021-01-27,2021-01-29,3.0,0,Knock
119471,2021-02-07,2021-04-25,78.0,16,Knee injury
119471,2022-03-23,2022-04-01,10.0,2,Adductor pain
119471,2023-02-27,2023-03-05,7.0,1,concussion
119471,2023-12-16,2023-12-22,7.0,2,Strain in the thigh and gluteal muscles
119471,2024-04-27,2024-05-15,19.0,4,Hamstring injury
119471,2025-01-14,2025-01-17,4.0,1,Ill
119471,2025-09-19,2025-10-03,15.0,3,Head injury
119471,2026-01-08,2026-04-10,93.0,21,Broken ankle
119471,2026-04-10,2026-05-11,32.0,5,surgery
119471,2026-05-15,2026-06-01,18.0,2,Ankle injury
120202,2021-10-17,2021-11-01,16.0,3,Corona virus
120202,2023-08-17,2023-08-24,8.0,1,muscular problems
120202,2023-09-29,2023-10-05,7.0,1,unknown injury
120202,2023-12-09,2023-12-31,23.0,2,Torn muscle fiber in the adductor area
120202,2024-09-28,2024-10-05,8.0,2,Hamstring injury
120202,2024-11-27,2024-11-30,4.0,1,Ill
120202,2025-02-09,2025-03-31,51.0,13,Broken toe
120202,2025-09-20,2025-09-26,7.0,1,Back injury
120202,2025-09-29,2025-10-01,3.0,1,unknown injury
120202,2025-11-12,2025-11-21,10.0,2,minor knock
120202,2025-12-06,2026-01-23,49.0,8,Ankle sprain
120202,2026-05-01,2026-05-09,9.0,1,Ill
120202,2026-08-12,2026-08-14,3.0,1,Rest
120721,2020-07-25,2020-08-09,16.0,1,Corona virus
120721,2020-09-04,2020-11-02,60.0,14,Ligament injury
120721,2020-12-22,2020-12-24,3.0,1,muscular problems
120721,2021-12-28,2022-01-03,7.0,0,Corona virus
120721,2023-10-15,2023-10-30,16.0,2,Groin problems
120721,2024-04-01,2024-04-12,12.0,2,Adductor injury
120721,2026-03-12,2026-04-10,30.0,4,Muscle injury
121145,2020-09-21,2020-10-07,17.0,6,Foot injury
121145,2021-06-12,2021-07-15,34.0,4,Corona virus
121145,2024-01-05,2024-01-23,19.0,5,Knee injury
121145,2024-03-16,2024-03-24,9.0,2,heart problems
121145,2025-02-08,2025-02-15,8.0,2,Leg injury
121145,2025-03-03,2025-04-17,46.0,9,Torn thigh muscle
121145,2025-04-25,2025-06-15,52.0,9,Muscle tear
121145,2025-09-18,2025-10-31,44.0,10,Hamstring injury
121160,2020-12-27,2021-01-12,17.0,3,Virus
121160,2024-01-13,2024-01-20,8.0,1,Knee injury
121160,2024-03-10,2024-04-05,27.0,4,Muscle injury
121160,2024-05-14,2024-07-28,76.0,3,Eyebow fracture
121160,2024-12-20,2025-01-10,22.0,4,unknown injury
121160,2025-02-01,2025-02-10,10.0,2,unknown injury
121160,2025-03-14,2025-03-30,17.0,2,Abdominal problems
121160,2025-04-13,2025-04-25,13.0,2,Hip problems
121160,2025-08-15,2025-08-23,9.0,2,Ill
121160,2025-10-04,2025-10-21,18.0,4,muscular problems
121160,2026-02-23,2026-02-28,6.0,1,Hamstring strain
121160,2026-03-01,2026-03-06,6.0,1,Hamstring strain
121160,2026-08-09,2026-08-17,9.0,2,Ill
121570,2020-09-20,2020-09-27,8.0,2,unknown injury
121570,2020-10-18,2021-05-16,211.0,49,Cruciate ligament injury
121570,2022-08-22,2022-09-28,38.0,7,Injury to the ankle
121570,2023-02-02,2023-02-20,19.0,4,Dead leg
121570,2023-10-25,2023-11-05,12.0,2,Groin injury
121570,2023-11-21,2023-12-04,14.0,2,unknown injury
121570,2023-12-18,2023-12-25,8.0,2,unknown injury
121570,2024-03-02,2024-03-15,14.0,2,Muscle injury
121570,2024-04-10,2024-05-10,31.0,4,Meniscus tear
121570,2024-07-30,2024-08-20,22.0,1,unknown injury
121570,2024-09-19,2024-10-13,25.0,4,Muscle injury
121570,2024-11-02,2024-12-06,35.0,4,unknown injury
121570,2025-01-16,2025-03-24,68.0,8,Inner ligament injury
121570,2025-03-24,2025-03-29,6.0,1,Fitness
121570,2025-04-20,2025-05-01,12.0,2,unknown injury
121599,2021-03-04,2021-05-07,65.0,11,Foot injury
121599,2021-10-17,2021-11-28,43.0,11,Stress reaction of the bone
121599,2022-08-13,2022-10-03,52.0,9,Hamstring injury
121599,2023-12-17,2024-01-12,27.0,5,Thigh problems
121709,2023-02-28,2023-04-04,36.0,8,Knee surgery
121709,2025-09-19,2025-09-29,11.0,2,Finger injury
122074,2023-04-27,2023-10-16,173.0,16,unknown injury
122074,2025-08-11,,34.0,3,Knock
122411,2022-09-15,2022-10-23,39.0,11,Facial fracture
122411,2026-08-09,,51.0,8,Achilles tendon rupture
122775,2020-09-12,2020-09-16,5.0,1,Contracture
122775,2020-12-13,2021-01-12,31.0,5,Muscle injury
122775,2021-04-09,2021-08-29,143.0,13,Knee problems
122775,2021-09-23,2021-10-16,24.0,3,Hamstring injury
122775,2021-10-30,2021-11-06,8.0,2,Ill
122775,2021-12-12,2021-12-25,14.0,1,Corona virus
122775,2022-04-10,2022-05-08,29.0,3,Knock
122775,2023-03-01,2023-03-10,10.0,1,Hamstring injury
122775,2024-02-24,2024-03-07,13.0,2,Knee injury
122775,2024-03-17,2024-04-06,21.0,1,Muscle injury
122775,2024-08-17,2025-03-17,213.0,37,Injury to the ankle
122775,2025-05-11,2025-05-16,6.0,0,Head injury
122775,2025-08-07,2025-08-29,23.0,3,Dead leg
122798,2020-11-14,2020-11-18,5.0,2,Hip injury
122798,2021-08-08,2021-08-18,11.0,1,Ankle injury
122798,2021-11-16,2021-11-21,6.0,1,Thigh problems
122798,2022-09-08,2022-10-10,33.0,7,Knee injury
122798,2023-05-25,2023-05-30,6.0,1,Groin problems
122798,2023-10-12,2024-01-22,103.0,24,Shoulder injury
122798,2024-02-26,2024-02-29,4.0,1,Ill
122798,2024-03-26,2024-04-02,8.0,1,Ankle problems
122798,2024-05-10,2024-05-15,6.0,1,Knock
122806,2021-06-01,2021-06-04,4.0,1,Quarantine
122806,2023-01-01,2023-02-04,35.0,6,Hamstring strain
122806,2024-09-28,2024-10-07,10.0,3,Thigh problems
122806,2025-01-05,2025-01-25,21.0,4,Hamstring injury
122806,2026-01-19,2026-03-10,51.0,10,Knee injury
122806,2026-05-01,2026-05-04,4.0,1,Muscle fatigue
123354,2020-07-10,2020-07-20,11.0,2,Bruised ribs
123354,2020-10-02,2020-12-11,71.0,7,Groin injury
123354,2021-01-03,2021-04-05,93.0,15,Ankle injury
123354,2022-03-07,2022-06-30,116.0,12,Knee injury
123354,2022-11-01,2025-04-01,883.0,131,Knee surgery
124165,2023-12-29,2024-02-01,35.0,6,Calf problems
124165,2024-02-16,2024-03-29,43.0,7,Thigh problems
124183,2020-08-30,2020-10-16,48.0,8,Knee injury
124183,2020-12-07,2021-01-02,27.0,6,Hip injury
124183,2021-08-12,2021-08-17,6.0,1,Shoulder injury
124183,2022-02-22,2022-03-03,10.0,3,Achilles heel problems
124183,2022-12-18,2022-12-28,11.0,1,Rest
124183,2023-08-19,2023-09-03,16.0,4,Fitness
124183,2023-09-25,2023-10-22,28.0,7,Foot injury
124183,2023-12-02,2023-12-11,10.0,2,unknown injury
124183,2023-12-24,2023-12-30,7.0,1,Hamstring injury
124183,2024-01-11,2024-01-16,6.0,2,Ankle injury
124183,2024-01-24,2024-03-06,43.0,12,Ankle injury
124183,2024-09-09,2024-10-04,26.0,6,Partial muscle tear
124183,2025-10-24,2025-11-17,25.0,5,Fitness
126184,2020-07-13,2020-07-25,13.0,2,Groin injury
126184,2020-10-21,2020-10-30,10.0,3,Groin strain
126184,2020-11-11,2020-11-30,20.0,5,Hamstring injury
126184,2020-12-27,2021-03-14,78.0,21,Hamstring injury
126184,2022-08-22,2022-09-01,11.0,2,Groin injury
126184,2023-04-19,2023-05-01,13.0,4,Hamstring muscle injury
126184,2023-05-07,2023-05-27,21.0,5,Hamstring injury
126184,2024-03-31,2024-04-12,13.0,4,Calf injury
126184,2024-09-10,2024-10-14,35.0,9,Hamstring injury
126184,2024-12-04,2024-12-20,17.0,4,unknown injury
126184,2025-01-18,2025-02-11,25.0,7,Muscle injury
126184,2025-02-13,2025-02-17,5.0,1,muscle stiffness
126184,2025-03-01,2025-05-23,84.0,16,Foot surgery
126187,2020-07-31,2020-09-13,45.0,4,Knock
126187,2021-08-13,2021-09-20,39.0,9,Knock
126187,2021-12-17,2022-01-03,18.0,5,unknown injury
126187,2021-12-23,2022-01-03,12.0,3,Corona virus
126187,2022-11-12,2023-01-13,63.0,11,Calf injury
126187,2023-02-01,2023-02-05,5.0,1,Knock
126187,2023-02-17,2023-02-19,3.0,1,Knock
126187,2023-04-14,2023-04-17,4.0,1,Knock
126187,2023-09-30,2023-10-31,32.0,8,Adductor injury
126187,2024-04-27,2024-05-22,26.0,4,Hamstring muscle injury
126187,2024-10-02,2024-10-16,15.0,3,Muscle fatigue
126187,2024-12-12,2025-01-03,23.0,4,Adductor injury
126187,2025-01-10,2025-03-15,65.0,17,muscular problems
126187,2025-03-29,2025-04-21,24.0,5,Appendectomy
126187,2025-10-18,2025-10-27,10.0,2,Muscle fatigue
126187,2026-02-23,2026-04-01,38.0,4,Broken jaw
128198,2020-11-02,2020-11-25,24.0,4,Knee injury
128198,2020-12-08,2021-01-20,44.0,8,Muscle strain
128198,2022-04-21,2022-07-20,91.0,8,Dead leg
128198,2023-08-25,2024-01-09,138.0,21,unknown injury
128198,2024-01-29,2024-05-12,105.0,15,unknown injury
128198,2024-10-02,2024-10-05,4.0,1,minor knock
128198,2024-10-23,2024-11-05,14.0,4,minor knock
128198,2025-01-17,2025-02-11,26.0,6,Torn muscle bundle
128198,2025-03-30,2025-05-07,39.0,6,Muscle injury
128198,2025-08-26,,19.0,2,Hamstring injury
128295,2020-10-04,2020-12-16,74.0,22,Ankle injury
128295,2020-12-25,2021-02-25,63.0,15,Ankle injury
128295,2022-08-28,2022-11-08,73.0,12,Achilles tendon problems
128295,2024-01-05,2024-01-30,26.0,3,Foot injury
128295,2024-03-09,2024-04-16,39.0,6,Back injury
128295,2024-09-17,2024-10-05,19.0,4,unknown injury
128295,2025-02-21,2025-03-08,16.0,3,Head injury
128295,2025-08-15,,30.0,4,Knock
128295,2026-03-13,2026-03-16,4.0,1,Knock
128295,2026-08-20,,40.0,7,Groin injury
128340,2020-12-13,2020-12-31,19.0,4,unknown injury
128340,2021-08-31,2021-09-10,11.0,3,Corona virus
128340,2022-02-09,2022-04-24,75.0,16,Broken foot
128340,2024-11-05,2024-12-09,35.0,8,Calf injury
128340,2025-01-02,2025-02-17,47.0,9,Groin injury
128340,2025-08-10,2025-09-01,23.0,5,Ankle injury
128340,2025-11-09,2025-11-23,15.0,3,Hamstring injury
128340,2025-12-30,2026-01-12,14.0,3,Hamstring injury
128340,2026-03-08,2026-04-01,25.0,6,Torn thigh muscle
128389,2020-12-10,2020-12-15,6.0,1,Ankle sprain
128389,2021-01-10,2021-01-19,10.0,2,Achilles tendon problems
128389,2021-02-13,2021-02-27,15.0,3,Corona virus
128389,2021-05-16,2021-05-24,9.0,2,Muscle injury
128389,2021-11-23,2021-11-27,5.0,2,Ill
128389,2022-01-21,2022-01-24,4.0,1,Ill
128389,2022-10-02,2022-10-15,14.0,2,Ankle injury
128389,2022-11-02,2022-11-17,16.0,2,Ankle injury
128389,2023-02-15,2023-02-28,14.0,3,Knock
128389,2023-08-12,2023-08-23,12.0,3,Ankle injury
128389,2024-03-31,2024-04-28,29.0,7,Hamstring injury
128389,2025-01-07,2025-03-02,55.0,13,Hamstring injury
128389,2025-06-01,2025-09-01,93.0,6,Calf injury
128389,2025-10-24,2026-02-01,101.0,16,Calf muscle tear
128389,2026-07-24,,67.0,5,Collateral ligament injury
130036,2020-12-22,2021-01-02,12.0,1,Corona virus
130036,2021-11-12,2021-11-17,6.0,0,Knee injury
130036,2022-02-08,2022-02-16,9.0,2,Leg injury
130036,2022-08-23,2022-08-31,9.0,2,Muscle fiber tear
130036,2023-08-25,2023-09-17,24.0,3,Hip injury
130036,2024-09-29,2024-10-09,11.0,2,Ligament injury
131304,2020-12-20,2020-12-28,9.0,1,unknown injury
131304,2022-04-01,2022-04-20,20.0,3,Hamstring injury
131304,2022-09-24,2022-10-07,14.0,2,unknown injury
131304,2023-02-13,2023-03-15,31.0,5,Knee problems
131304,2023-09-23,2023-09-25,3.0,1,Rest
131304,2024-02-12,2024-02-24,13.0,3,unknown injury
131304,2024-02-24,2024-05-06,73.0,14,bruise
131897,2021-01-28,2021-02-05,9.0,2,Groin injury
131897,2021-07-22,2021-09-11,52.0,5,Knee injury
131897,2022-08-10,2022-08-15,6.0,1,Knee problems
131897,2023-12-11,2024-01-01,22.0,3,Broken cheekbone
131897,2025-01-01,2025-01-11,11.0,1,unknown injury
131897,2025-02-07,2025-02-21,15.0,2,Hip injury
132015,2021-11-08,2021-11-22,15.0,3,Knee injury
132015,2022-10-23,2022-10-28,6.0,2,Dead leg
132015,2023-05-20,2023-06-07,19.0,2,bruise
132015,2025-01-05,2025-01-10,6.0,1,Ill
132015,2025-03-12,2025-04-05,25.0,2,Calf injury
132015,2025-12-04,2025-12-08,5.0,1,Ill
133845,2023-05-09,2024-01-05,242.0,26,Foot injury
135363,2020-11-25,2020-12-18,24.0,6,unknown injury
135363,2021-01-01,2021-01-16,16.0,3,Knee injury
135363,2021-02-12,2021-02-14,3.0,0,Knock
135363,2021-05-08,2021-05-22,15.0,4,Ligament injury
135363,2021-12-29,2022-01-07,10.0,3,Back injury
135363,2022-01-14,2022-02-01,19.0,3,Corona virus
135363,2022-02-26,2022-03-03,6.0,2,Achilles heel problems
135363,2022-08-27,2022-08-31,5.0,1,cold
135363,2022-10-05,2022-11-04,31.0,8,ankle sprain
135363,2022-10-05,2022-11-04,31.0,8,Ankle sprain
135363,2023-03-24,2023-04-28,36.0,6,Muscle injury
135363,2024-01-19,2024-01-23,5.0,1,Abdominal problems
135363,2024-03-17,2024-04-08,23.0,2,Achilles tendon irritation
135363,2024-08-22,2025-01-17,149.0,28,Achilles tendon irritation
135363,2025-01-27,2025-04-05,69.0,15,Muscle injury
135363,2025-10-20,2025-10-24,5.0,1,cold
135363,2025-10-25,2025-11-09,16.0,3,Calf problems
135363,2025-12-21,2026-05-12,143.0,32,Cruciate ligament tear
135363,2026-09-19,,10.0,0,Muscle injury
135720,2020-09-01,2020-09-15,15.0,5,muscular problems
135720,2021-07-19,2021-08-07,20.0,0,Ill
135720,2022-03-21,2022-03-28,8.0,1,Ankle injury
135720,2022-11-19,2022-12-05,17.0,1,muscular problems
135720,2023-06-04,2023-06-19,16.0,1,Adductor pain
135720,2023-10-13,2023-10-19,7.0,1,Adductor pain
135720,2023-11-24,2023-11-27,4.0,1,Injury to the ankle
135720,2024-05-04,2024-05-14,11.0,1,Adductor pain
135720,2024-08-31,2024-10-15,46.0,9,heart problems
135720,2025-03-12,2025-04-14,34.0,8,Thigh problems
135720,2025-06-09,2025-07-19,41.0,1,Thigh problems
135720,2026-01-29,2026-02-23,26.0,4,Toe injury
140941,2020-10-25,2020-11-25,32.0,6,Arm injury
140941,2022-01-15,2022-01-28,14.0,2,Ill
140941,2023-02-11,2023-03-01,19.0,3,Shoulder injury
140941,2023-07-15,2023-09-05,53.0,6,Knock
140941,2025-06-14,2025-07-15,32.0,1,muscular problems
141569,2020-10-04,2020-10-19,16.0,1,muscular problems
141569,2021-04-22,2021-04-28,7.0,1,unknown injury
141569,2021-07-01,2021-09-08,70.0,6,Meniscus tear
141569,2022-03-17,2022-04-06,21.0,2,unknown injury
141569,2023-06-22,2023-07-04,13.0,1,Ankle injury
141746,2022-03-12,2022-03-14,3.0,1,Ill
141746,2024-05-01,2024-05-13,13.0,2,Knee injury
141746,2025-12-21,2026-01-05,16.0,3,Hamstring injury
144485,2021-12-04,2021-12-14,11.0,2,Corona virus
144485,2022-02-07,2022-02-23,17.0,3,unknown injury
144485,2022-12-31,2023-01-10,11.0,2,Knee injury
144485,2024-04-14,2024-04-24,11.0,1,Hip problems
146941,2020-09-07,2020-09-28,22.0,4,Corona virus
146941,2020-10-15,2020-10-22,8.0,2,Knock
146941,2020-12-28,2021-01-18,22.0,5,Muscle strain
146941,2022-06-30,2022-10-03,96.0,15,Knee surgery
146941,2022-12-29,2023-01-06,9.0,2,Back problems
146941,2023-02-21,2023-02-24,4.0,1,Ill
146941,2025-02-25,2025-03-23,27.0,6,Hamstring injury
146941,2025-03-26,2025-03-31,6.0,0,Foot injury
146941,2025-11-26,2025-11-30,5.0,1,Virus
146941,2025-12-06,2026-02-02,59.0,12,Hamstring injury
147611,2021-12-19,2022-01-17,30.0,5,Hamstring injury
147611,2022-07-21,2022-08-03,14.0,2,Adductor pain
147611,2024-02-28,2024-04-07,40.0,7,Forearm fracture
147611,2024-04-07,2024-04-13,7.0,1,Fitness
147611,2024-05-25,2024-05-27,3.0,1,Hamstring injury
147611,2025-04-13,2025-04-18,6.0,0,Ankle injury
147611,2026-04-10,2026-04-16,7.0,1,Muscle injury
148225,2021-03-11,2021-03-20,10.0,3,Hip injury
148225,2021-03-29,2021-08-02,127.0,14,Torn knee ligaments
148225,2021-10-15,2021-10-29,15.0,3,Fitness
148225,2021-12-04,2021-12-13,10.0,3,Knee injury
148225,2022-02-21,2022-03-09,17.0,3,Muscle injury
148225,2022-07-31,2022-08-18,19.0,2,Hamstring injury
148225,2022-08-23,2022-09-26,35.0,5,Achilles tendon irritation
148225,2022-10-10,2022-10-31,22.0,6,Back injury
148225,2023-01-14,2023-01-30,17.0,5,unknown injury
148225,2023-02-02,2023-03-08,35.0,9,Hip injury
148225,2023-12-11,2023-12-29,19.0,4,Ill
148225,2024-01-24,2024-03-06,43.0,8,Groin surgery
148225,2025-02-14,2025-02-28,15.0,3,unknown injury
148225,2025-03-02,2025-04-04,34.0,4,unknown injury
149065,2020-08-01,2020-09-20,51.0,5,Hand injury
149065,2022-05-24,2022-07-20,58.0,4,unknown injury
149065,2024-12-06,2024-12-18,13.0,2,Shoulder injury
149065,2025-04-20,2025-04-22,3.0,1,Back problems
149065,2025-09-12,2025-09-15,4.0,1,Ill
149065,2026-05-01,2026-05-17,17.0,2,Ankle injury
149266,2020-10-21,2021-01-14,86.0,17,Knee surgery
149266,2021-02-10,2021-06-01,112.0,17,Cruciate ligament tear
149484,2023-08-12,2024-10-30,446.0,70,Cruciate ligament tear
149484,2024-12-13,2024-12-15,3.0,1,Ill
149484,2025-01-26,2025-02-10,16.0,4,Knee injury
149484,2025-02-24,2025-03-03,8.0,2,Knee problems
149484,2025-09-29,2025-10-20,22.0,3,Foot injury
149484,2025-11-01,2026-01-16,77.0,14,Thigh problems
149519,2021-12-04,2021-12-31,28.0,3,Hamstring injury
149519,2022-01-27,2022-02-04,9.0,0,Knock
149519,2022-02-09,2022-02-12,4.0,0,Dead leg
149519,2022-02-20,2022-02-25,6.0,1,Calf injury
149519,2022-04-22,2022-05-05,14.0,2,Knee problems
149519,2022-10-05,2023-03-05,152.0,31,Calf injury
149519,2023-12-21,2023-12-29,9.0,1,Ill
149519,2024-03-01,2024-03-31,31.0,5,Hamstring injury
149519,2025-02-05,2025-02-13,9.0,1,muscular problems
149519,2025-03-01,2025-05-20,81.0,11,Muscle strain
149519,2025-05-25,2025-06-15,22.0,0,Muscle strain
149519,2025-08-25,2025-09-27,34.0,5,Calf injury
149519,2025-10-04,2025-10-16,13.0,1,Adductor pain
149519,2025-11-19,2025-12-06,18.0,3,muscular problems
149519,2025-12-15,2026-01-17,34.0,5,Muscle fatigue
149519,2026-03-19,2026-04-22,35.0,4,Muscle fatigue
149519,2026-05-08,2026-07-01,55.0,3,Muscle fatigue
149828,2021-10-13,2021-10-28,16.0,3,Bruise on ankle
149828,2023-03-20,2023-04-06,18.0,3,Thigh problems
149828,2023-10-27,2023-10-29,3.0,2,Muscle injury
149828,2023-11-20,2023-12-10,21.0,4,Leg injury
149929,2025-01-25,2026-01-01,342.0,44,Knee surgery
151086,2020-09-27,2020-10-17,21.0,4,Knock
151086,2020-11-02,2020-11-08,7.0,2,Achilles tendon problems
151086,2020-12-21,2021-01-18,29.0,4,Knock
151086,2022-01-06,2022-01-12,7.0,2,Corona virus
151086,2022-01-13,2022-01-21,9.0,3,heart problems
151086,2024-12-20,2025-01-01,13.0,3,Calf injury
151086,2025-01-10,2025-01-15,6.0,2,Ill
151086,2025-05-29,2025-05-31,3.0,1,Rest
151086,2025-08-15,2025-08-27,13.0,2,unknown injury
151086,2025-11-22,2025-11-30,9.0,1,muscular problems
151086,2025-12-05,2025-12-22,18.0,4,muscular problems
151086,2026-03-02,2026-03-06,5.0,1,Rest
151086,2026-09-04,2026-09-30,27.0,4,Groin strain
151119,2020-09-29,2020-10-24,26.0,3,Knock
151119,2021-04-10,2021-04-29,20.0,5,Torn lateral ankle ligament
151119,2021-07-16,2021-07-26,11.0,3,Corona virus
151119,2026-02-23,2026-04-16,53.0,5,Muscle injury
151589,2020-12-16,2021-01-11,27.0,5,Knock
151589,2023-03-01,2023-03-23,23.0,3,Hand injury
151589,2023-08-01,2023-09-01,32.0,5,unknown injury
151589,2024-05-05,2024-05-09,5.0,1,muscular problems
151589,2024-05-25,2024-05-28,4.0,1,influenza
151589,2024-10-01,2024-10-08,8.0,2,Ill
151589,2024-10-28,2024-11-20,24.0,4,Ankle injury
151589,2025-03-07,2025-03-11,5.0,1,Ill
152551,2020-10-25,2020-11-02,9.0,2,Hamstring injury
152551,2023-09-15,2023-10-19,35.0,5,unknown injury
152551,2024-04-15,2024-05-15,31.0,5,Hamstring injury
152551,2025-01-16,2025-01-24,9.0,1,Ill
152551,2026-01-06,2026-01-12,7.0,2,Head injury
152590,2020-10-27,2020-11-17,22.0,5,Corona virus
152590,2021-04-03,2021-04-07,5.0,1,Ill
152590,2021-07-20,2021-09-16,59.0,7,Ankle injury
152590,2022-02-03,2022-02-10,8.0,2,Corona virus
152590,2022-12-03,2023-02-13,73.0,13,Knee injury
152590,2023-12-01,2023-12-18,18.0,4,Inguinal hernia
152590,2023-12-01,2023-12-18,18.0,4,Muscle tear
152590,2024-06-01,2024-08-11,72.0,0,Inguinal hernia
152590,2024-06-01,2024-06-02,2.0,0,Groin surgery
152590,2025-09-25,2025-10-25,31.0,5,Knee problems
152590,2026-04-05,2026-04-14,10.0,2,Hamstring injury
152760,2021-12-15,2022-02-15,63.0,13,muscular problems
152760,2022-08-29,2022-08-31,3.0,1,inflammation
152760,2022-09-09,2022-09-11,3.0,1,Muscle fatigue
152760,2022-09-12,2022-10-04,23.0,3,inflammation
152760,2022-12-18,2023-01-13,27.0,3,Hamstring injury
152760,2023-05-19,2023-05-25,7.0,1,Adductor pain
153127,2020-07-05,2020-07-25,21.0,5,Hamstring strain
153127,2020-10-18,2020-10-24,7.0,0,Hamstring strain
153127,2020-11-25,2020-12-11,17.0,1,Corona virus
153127,2021-03-20,2021-06-01,74.0,11,Knee injury
153127,2021-12-28,2022-04-20,114.0,22,Knee surgery
153127,2022-07-25,2022-10-10,78.0,18,Knee problems
153127,2023-01-03,2023-04-08,96.0,18,Knee injury
153133,2021-03-26,2021-03-29,4.0,1,Corona virus
153133,2021-10-01,2021-10-13,13.0,3,Calf injury
153133,2023-08-20,2023-09-15,27.0,5,Hamstring injury
153133,2026-04-19,2026-05-15,27.0,3,Hamstring injury
153256,2020-11-16,2020-11-28,13.0,3,Virus
153256,2022-08-27,2022-11-01,67.0,16,Thigh problems
153256,2023-01-14,2023-09-20,250.0,37,Knee injury
153366,2020-09-27,2020-10-23,27.0,4,Knock
153366,2021-04-19,2021-05-12,24.0,2,Knee problems
153366,2021-05-18,2021-05-23,6.0,2,Ankle injury
153366,2021-08-07,2021-08-28,22.0,6,Knock
153366,2021-09-15,2021-09-20,6.0,2,Knock
153366,2021-10-20,2021-10-24,5.0,2,Calf injury
153366,2021-12-10,2021-12-18,9.0,1,Muscle injury
153366,2024-11-21,2024-12-31,41.0,8,Knee surgery
153366,2025-01-01,2025-01-08,8.0,1,Fitness
153366,2025-05-04,2025-06-01,29.0,3,Calf injury
153366,2025-09-12,2025-09-22,11.0,2,Knock
153366,2026-04-08,2026-04-17,10.0,1,Knee bruise
153379,2022-02-20,2022-04-18,58.0,6,Fitness
153673,2020-10-02,2020-10-31,30.0,3,Ankle injury
153673,2020-11-06,2020-12-10,35.0,4,Knee problems
153673,2024-01-20,2024-01-22,3.0,1,muscular problems
153673,2026-03-03,2026-04-13,42.0,5,Heel problems
153682,2020-10-25,2020-11-01,8.0,2,Muscle injury
153682,2021-09-08,2021-09-15,8.0,2,Head injury
153682,2022-01-21,2022-01-24,4.0,1,Ill
153682,2022-07-30,2022-10-06,69.0,11,Knee injury
153682,2024-01-27,2024-02-09,14.0,3,Shoulder injury
153682,2025-01-27,2025-04-18,82.0,14,Broken foot
153682,2025-10-19,2025-10-31,13.0,2,Knock
153682,2026-03-02,2026-03-14,13.0,2,Ankle injury
153723,2024-11-24,2024-11-26,3.0,1,Ill
153723,2025-10-17,2025-11-26,41.0,8,Calf injury
153723,2025-12-01,2026-01-12,43.0,8,Knee injury
154043,2021-05-04,2021-05-15,12.0,1,Knock
154043,2021-12-21,2021-12-31,11.0,2,Virus
154043,2023-03-06,2023-03-16,11.0,2,unknown injury
154043,2023-03-06,2023-03-16,11.0,2,Knock
154043,2025-01-16,2025-01-17,2.0,0,Ill
154043,2025-01-22,2025-01-24,3.0,1,Ill
154043,2026-03-06,2026-03-31,26.0,5,Adductor pain
154048,2022-02-03,2022-03-14,40.0,6,Knee injury
154048,2022-08-07,2022-09-19,44.0,8,Thigh problems
154048,2023-02-06,2023-02-23,18.0,2,Thigh problems
154048,2025-04-28,2025-06-01,35.0,4,unknown injury
154131,2020-07-05,2020-07-09,5.0,1,Calf injury
154131,2021-02-09,2021-03-03,23.0,7,Thigh problems
154296,2020-09-24,2020-10-05,12.0,4,Corona virus
154296,2021-11-28,2021-12-16,19.0,5,Muscle injury
154296,2023-07-23,2023-08-16,25.0,1,Acromioclavicular joint dislocation
154296,2024-11-13,2025-01-24,73.0,14,Torn muscle bundle
154296,2025-02-06,2025-02-16,11.0,3,Ill
154296,2026-01-15,2026-01-19,5.0,1,Knock
154296,2026-03-10,2026-03-20,11.0,2,concussion
154506,2024-09-21,2024-10-10,20.0,5,Muscle injury
154506,2025-01-07,2025-03-17,70.0,14,Ankle injury
154506,2025-10-07,2025-12-31,86.0,14,Knee injury
154506,2026-01-31,,241.0,18,unknown injury
154561,2021-10-25,2022-02-04,103.0,19,Knee injury
154561,2024-09-23,2024-09-27,5.0,1,Muscle injury
154566,2021-02-03,2021-02-25,23.0,6,Ankle injury
154566,2023-01-13,2023-02-06,25.0,3,Knee injury
154566,2024-08-21,2024-09-09,20.0,2,Ankle injury
154566,2024-11-29,2024-12-02,4.0,1,Ill
154566,2025-01-17,2025-03-02,45.0,10,Knee injury
154566,2025-05-02,2025-05-05,4.0,1,Thigh problems
154566,2025-08-24,2026-01-09,139.0,33,Ankle surgery
154566,2026-04-25,2026-05-19,25.0,2,Muscle injury
155197,2020-10-19,2020-10-30,12.0,1,Head injury
155197,2021-11-25,2022-01-21,58.0,8,Groin strain
155197,2022-03-12,2022-05-21,71.0,15,Groin injury
155197,2022-09-14,2022-11-28,76.0,12,Hamstring injury
155197,2023-05-05,2023-05-31,27.0,1,Calf injury
155197,2023-08-26,2023-11-12,79.0,10,Ankle injury
155197,2024-01-25,2024-02-10,17.0,3,unknown injury
155197,2024-02-18,2024-05-11,84.0,12,Ankle injury
155197,2025-02-28,2025-03-08,9.0,0,Muscle injury
155197,2025-03-16,2025-05-20,66.0,8,Knee injury
155197,2025-11-29,2025-12-09,11.0,1,Hamstring injury
155197,2025-12-20,2026-03-21,92.0,18,Calf injury
155405,2020-10-22,2020-11-23,33.0,7,Shoulder injury
155405,2021-02-08,2021-03-08,29.0,6,Calf injury
155405,2021-12-02,2022-03-14,103.0,16,Hamstring injury
155405,2022-08-26,2022-11-08,75.0,18,Shoulder injury
155405,2024-11-13,2024-12-21,39.0,7,Ankle injury
155405,2025-04-11,,156.0,7,Achilles tendon problems
155405,2025-09-23,2025-10-13,21.0,3,Fitness
155405,2026-02-24,2026-05-31,97.0,13,Knee injury
155408,2021-03-07,2021-10-29,237.0,30,Cruciate ligament tear
155408,2023-01-14,2023-04-01,78.0,10,Knee injury
155408,2024-11-29,2024-12-02,4.0,1,unknown injury
155408,2025-07-25,2025-09-13,51.0,5,Knee injury
155408,2025-09-19,2025-09-29,11.0,2,Shoulder injury
155408,2025-12-29,2026-01-01,4.0,1,Neck bruise
155408,2026-02-20,2026-05-10,80.0,10,Hamstring injury
155503,2020-07-13,2020-08-01,20.0,5,Injury to abdominal muscles
155503,2021-09-13,2021-12-20,99.0,14,Hip injury
155503,2025-03-16,2025-06-30,107.0,9,Injury to the ankle
155511,2020-11-01,2020-11-08,8.0,2,Hamstring injury
155513,2022-09-18,2022-11-21,65.0,13,Hamstring injury
155529,2021-02-26,2021-04-20,54.0,11,Finger injury
155529,2021-11-23,2021-11-25,3.0,1,Quarantine
155529,2026-05-27,2026-06-30,35.0,0,Wrist injury
155561,2020-10-21,2020-11-16,27.0,5,Hamstring strain
155561,2021-01-15,2021-01-29,15.0,3,muscular problems
155561,2021-02-17,2021-03-01,13.0,2,Back problems
155561,2021-04-07,2021-04-16,10.0,2,Hamstring strain
155561,2021-05-21,2021-05-24,4.0,1,muscular problems
155561,2022-10-02,2022-10-31,30.0,6,Hamstring injury
155561,2023-12-06,2023-12-09,4.0,1,Ill
155561,2024-01-25,2024-02-15,22.0,5,Muscle injury
155561,2024-09-17,2024-10-01,15.0,4,concussion
155561,2024-10-25,2024-11-15,22.0,5,Knee injury
155561,2024-11-23,2024-12-03,11.0,3,Bruised ribs
155561,2025-01-09,2025-01-17,9.0,3,Calf injury
155561,2025-12-04,2025-12-31,28.0,4,Calf injury
155561,2026-01-18,2026-02-10,24.0,4,Hamstring injury
155569,2020-10-05,2020-12-19,76.0,19,Hamstring injury
155569,2021-12-05,2021-12-15,11.0,3,Corona virus
155569,2023-08-29,2023-09-12,15.0,4,unknown injury
155569,2023-09-14,2023-09-18,5.0,1,Hip problems
155569,2023-10-08,2023-10-12,5.0,1,unknown injury
155569,2023-10-21,2023-11-07,18.0,4,Hamstring strain
155569,2023-11-17,2023-12-02,16.0,3,Groin injury
155569,2024-05-10,2024-05-16,7.0,1,Hip problems
155569,2024-05-16,2024-05-19,4.0,1,Fitness
155651,2020-09-09,2020-12-21,104.0,26,Tendon tear
155651,2022-08-31,2023-02-10,164.0,29,Cruciate ligament tear
155651,2023-03-10,2023-04-01,23.0,4,Adductor pain
155651,2023-08-19,2023-10-27,70.0,12,muscular problems
155651,2024-12-28,2024-12-29,2.0,1,Fever
155651,2025-09-08,2025-09-27,20.0,3,Muscle fatigue
155651,2026-01-19,2026-01-24,6.0,1,Muscle injury
155651,2026-01-22,,250.0,2,Hip bruise
156074,2020-10-16,2020-10-30,15.0,4,Hamstring injury
156074,2021-08-01,2021-08-09,9.0,0,Fitness
156074,2023-12-01,2024-01-10,41.0,8,unknown injury
156074,2024-02-29,2025-08-21,540.0,64,Ankle surgery
156074,2024-04-23,2024-05-01,9.0,2,Hamstring injury
156658,2021-08-05,2021-08-22,18.0,5,unknown injury
156658,2021-11-18,2021-11-26,9.0,2,unknown injury
156658,2022-03-17,2022-04-12,27.0,4,unknown injury
156658,2022-07-29,2022-08-04,7.0,1,Fitness
156658,2022-10-01,2022-12-31,92.0,13,Knock
156658,2023-02-26,2023-03-12,15.0,3,unknown injury
156658,2023-04-17,2023-05-07,21.0,3,Groin injury
156658,2023-10-21,2023-11-26,37.0,5,Knee problems
156658,2023-10-23,2024-01-08,78.0,11,unknown injury
156658,2024-10-20,2024-11-17,29.0,5,Groin injury
156658,2024-11-29,2025-03-09,101.0,20,Knock
156683,2020-08-02,2020-10-26,86.0,12,Cruciate ligament injury
156683,2020-11-29,2020-12-06,8.0,1,Knee injury
156683,2022-11-08,2022-11-12,5.0,1,Muscle fatigue
156683,2023-09-01,2023-10-13,43.0,8,Hand injury
156683,2023-12-29,2023-12-31,3.0,1,Calf problems
156683,2024-04-25,2024-05-07,13.0,2,Shoulder injury
156683,2024-05-16,2024-05-21,6.0,1,Muscle fatigue
156683,2024-10-15,2024-11-20,37.0,5,Hip injury
156683,2025-05-11,2025-05-15,5.0,1,Shoulder injury
156683,2026-01-05,2026-01-19,15.0,4,Hamstring injury
156683,2026-02-28,2026-03-03,4.0,1,flu
156685,2020-10-04,2020-11-01,29.0,5,Back injury
156685,2025-11-23,2026-01-12,51.0,12,Muscle injury
156685,2026-03-12,2026-03-28,17.0,2,Neck injury
156687,2020-09-14,2020-09-16,3.0,1,Groin injury
156687,2020-10-19,2020-11-09,22.0,6,Groin injury
156687,2024-03-17,2024-05-15,60.0,8,Hamstring injury
156687,2024-06-01,2024-10-15,137.0,12,Hamstring injury
156689,2020-10-14,2020-10-24,11.0,3,Fever
156689,2021-02-20,2021-02-22,3.0,1,Fever
156689,2023-04-30,2023-05-29,30.0,6,Ankle injury
156689,2026-05-11,2026-05-15,5.0,1,Lumbar vertebra problems
156700,2021-08-14,2021-11-07,86.0,16,Knee injury
156700,2025-11-23,2026-02-11,81.0,16,Leg injury
156700,2026-08-22,2026-09-10,20.0,4,Calf muscle tear
157668,2020-11-19,2020-11-25,7.0,1,Knock
157668,2022-09-02,2023-01-06,127.0,13,Ankle injury
157775,2021-11-04,2021-12-06,33.0,7,Knee injury
157775,2025-11-18,2025-12-20,33.0,6,Muscle injury
157882,2021-09-04,2021-09-13,10.0,2,Thigh problems
157882,2022-08-05,2022-08-08,4.0,1,muscular problems
157882,2023-09-27,2023-10-04,8.0,1,Adductor pain
157882,2025-01-08,2025-01-13,6.0,1,Ill
157882,2025-12-22,2026-09-13,266.0,30,Cruciate ligament tear
158499,2020-10-08,2020-10-22,15.0,4,Quarantine
158499,2021-01-09,2021-01-19,11.0,2,Quarantine
158499,2021-08-15,2021-08-18,4.0,2,unknown injury
158499,2025-02-28,2025-03-03,4.0,1,Groin problems
158499,2025-04-03,2025-08-23,143.0,10,Groin injury
158499,2025-09-12,2025-09-15,4.0,1,Knock
158499,2025-11-24,2025-12-19,26.0,4,Knee problems
158499,2025-12-29,2026-01-16,19.0,4,Knee problems
158534,2021-01-24,2021-02-10,18.0,4,Hamstring strain
158534,2022-01-07,2022-01-14,8.0,2,Corona virus
158534,2022-10-19,2022-12-04,47.0,6,Hamstring injury
158534,2023-02-01,2023-02-13,13.0,2,Hamstring injury
158983,2020-08-27,2020-09-03,8.0,0,Knee injury
158983,2022-04-11,2022-04-18,8.0,1,Corona virus
158983,2022-10-03,2022-10-06,4.0,0,bruise
158983,2022-11-09,2022-11-15,7.0,1,concussion
158983,2024-02-26,2024-03-01,5.0,1,muscle stiffness
158983,2024-03-31,2024-04-05,6.0,2,Knock
158983,2025-10-08,2025-10-20,13.0,3,unknown injury
158983,2025-12-07,2026-01-10,35.0,7,Ankle injury
158983,2026-02-11,2026-05-22,101.0,20,Ankle ligament tear
158983,2026-06-11,2026-08-04,55.0,0,Foot injury
159506,2020-09-11,2020-10-03,23.0,6,Fitness
159506,2022-10-22,2023-01-23,94.0,12,Hamstring muscle injury
159506,2023-03-29,2023-05-10,43.0,7,Muscle injury
159506,2024-02-23,2024-03-25,32.0,6,unknown injury
159506,2025-04-01,2025-04-26,26.0,4,Calf injury
159506,2025-09-09,2025-12-09,92.0,18,Hamstring injury
159506,2026-04-30,2026-05-24,25.0,4,Knock
159533,2020-09-02,2020-09-04,3.0,1,Knock
159533,2021-01-09,2021-01-14,6.0,1,Hamstring injury
159533,2022-07-20,2022-08-13,25.0,2,Hamstring injury
159533,2023-09-11,2023-11-11,62.0,9,Hamstring injury
159533,2023-11-20,2024-02-09,82.0,16,Hamstring injury
159533,2025-03-03,2025-03-14,12.0,1,Knock
159533,2026-05-22,2026-06-08,18.0,1,Hamstring injury
160987,2021-04-10,2021-06-30,82.0,11,Inner ligament injury
160987,2022-09-12,2022-09-17,6.0,2,Toe injury
160987,2022-09-30,2022-10-04,5.0,1,Foot injury
160987,2023-01-12,2023-01-25,14.0,6,Knee problems
160987,2023-01-25,2023-01-29,5.0,2,Fitness
160987,2023-05-27,2023-06-07,12.0,3,unknown injury
160987,2023-12-04,2023-12-25,22.0,4,Muscle injury
162344,2023-05-13,2023-05-30,18.0,3,Calf injury
162344,2023-09-20,2023-09-22,3.0,1,Ill
162344,2024-02-04,2024-03-01,27.0,6,flesh wound
162344,2024-03-12,2024-04-04,24.0,3,minor knock
162344,2025-03-07,2025-03-13,7.0,1,Leg injury
164011,2020-12-25,2020-12-28,4.0,1,Quarantine
164011,2020-12-28,2021-01-03,7.0,1,Fitness
164011,2021-12-18,2022-05-21,155.0,25,Femoral fracture
164484,2021-06-08,2021-07-08,31.0,1,Bone bruise
164484,2021-09-04,2021-09-20,17.0,5,Corona virus
164484,2022-08-26,2022-09-18,24.0,5,Knee problems
164484,2023-06-01,2023-12-31,214.0,45,Knee surgery
164484,2025-05-16,2025-06-02,18.0,3,Muscle injury
164484,2025-06-04,2025-07-11,38.0,6,Knee injury
164484,2026-03-05,2026-03-19,15.0,2,Shoulder injury
164484,2026-05-07,,145.0,18,unknown injury
164511,2020-07-13,2020-09-12,62.0,3,Muscle injury
164511,2021-02-18,2021-03-12,23.0,4,Calf injury
164511,2021-10-22,2021-11-30,40.0,5,Thigh problems
164511,2022-02-08,2022-04-11,63.0,12,Hamstring injury
164511,2022-08-06,2022-10-31,87.0,14,Ankle injury
164511,2023-08-18,2023-08-23,6.0,1,Fitness
164511,2023-09-13,2023-10-29,47.0,9,Muscle injury
164511,2024-03-14,2024-03-17,4.0,1,Rest
164511,2024-03-28,2024-04-01,5.0,1,unknown injury
164511,2024-08-05,2024-08-19,15.0,2,Fitness
164511,2024-09-23,2024-09-25,3.0,1,Rest
164511,2025-01-10,2025-01-14,5.0,1,unknown injury
164511,2025-04-24,2025-05-15,22.0,3,Hamstring injury
164511,2025-10-06,2025-10-17,12.0,2,Calf problems
164511,2025-10-20,2025-10-29,10.0,1,Muscle fatigue
164511,2025-11-26,2025-12-17,22.0,4,bruise
164511,2025-12-26,2025-12-29,4.0,1,flu
164511,2026-02-07,2026-02-13,7.0,1,Knee problems
164511,2026-03-05,2026-03-12,8.0,1,Muscle fatigue
164511,2026-08-11,2026-08-19,9.0,1,Fitness
164511,2026-08-29,2026-09-08,11.0,3,Calf problems
164555,2020-09-05,2020-09-09,5.0,1,Quarantine
164555,2021-10-05,2021-10-27,23.0,6,Groin injury
164555,2022-02-14,2022-04-01,47.0,10,Groin surgery
164555,2023-03-01,2023-03-20,20.0,5,Heel injury
164555,2023-05-03,2023-05-16,14.0,4,Hamstring injury
164555,2025-02-14,2025-04-01,47.0,6,Hamstring strain
164555,2025-10-27,2025-10-30,4.0,1,Knee problems
165153,2021-02-08,2021-02-15,8.0,2,Hamstring strain
165153,2021-10-21,2021-11-15,26.0,7,strain
165153,2021-12-13,2022-01-03,22.0,6,Corona virus
165153,2022-10-13,2022-10-24,12.0,3,infection
165153,2022-11-03,2023-01-02,61.0,7,Syndesmotic ligament tear
165153,2023-05-18,2023-05-23,6.0,1,cold
165153,2023-06-15,2023-07-01,17.0,0,Ankle problems
165153,2023-09-25,2023-10-01,7.0,2,Back problems
165153,2023-11-23,2023-12-10,18.0,4,Adductor pain
165153,2024-04-29,2024-06-30,63.0,5,Thigh problems
165153,2024-11-04,2024-11-09,6.0,1,Hip injury
165153,2025-01-13,2025-02-22,41.0,10,Hamstring injury
165153,2025-10-01,2025-10-06,6.0,1,muscular problems
165153,2025-12-01,2025-12-08,8.0,2,muscular problems
165153,2026-03-23,2026-04-14,23.0,2,Leg injury
165153,2026-04-27,2026-07-21,86.0,6,Muscle injury
165153,2026-08-24,2026-09-17,25.0,4,Leg injury
165210,2020-07-15,2020-07-25,11.0,2,Hamstring injury
165210,2020-10-01,2020-11-05,36.0,5,Hamstring injury
165210,2021-01-12,2021-02-24,44.0,10,Ankle injury
165210,2021-07-17,2021-07-28,12.0,1,Fitness
165210,2021-08-12,2021-08-18,7.0,2,Groin injury
165210,2021-11-03,2021-11-06,4.0,1,minor knock
165210,2022-03-21,2022-03-28,8.0,1,Corona virus
165210,2022-04-18,2022-04-27,10.0,1,Knock
165210,2023-02-18,2023-02-26,9.0,2,Knee injury
165210,2023-03-22,2023-03-24,3.0,1,Foot injury
165210,2023-04-09,2023-04-12,4.0,1,Groin injury
165210,2023-11-16,2023-12-16,31.0,6,Hamstring injury
165210,2024-02-14,2024-02-21,8.0,2,Hamstring injury
165210,2024-02-26,2024-04-07,42.0,7,Groin injury
165210,2026-05-03,2026-06-03,32.0,4,minor knock
165210,2026-09-04,2026-09-07,4.0,1,Knock
165659,2022-02-28,2022-03-28,29.0,5,Knock
165659,2022-08-11,2023-03-12,214.0,28,Achilles tendon rupture
165659,2024-02-14,2024-03-05,21.0,3,Hamstring injury
165659,2024-08-30,2024-09-01,3.0,1,unknown injury
165659,2024-12-20,2024-12-22,3.0,1,unknown injury
165659,2025-01-03,2025-01-19,17.0,4,Foot injury
165659,2025-02-05,2025-03-25,49.0,11,Inner ligament injury
165659,2025-03-25,2025-04-14,21.0,4,Fitness
165659,2025-05-09,2025-05-28,20.0,3,unknown injury
165659,2026-07-05,2026-07-30,26.0,2,Fitness
165809,2020-09-08,2020-09-30,23.0,4,Muscle injury
165809,2021-11-09,2021-11-12,4.0,1,muscular problems
165809,2023-08-14,2023-08-26,13.0,2,muscular problems
165809,2023-09-20,2023-10-01,12.0,3,unknown injury
165809,2025-03-15,2025-03-17,3.0,1,unknown injury
166477,2020-10-27,2020-12-19,54.0,15,Hamstring strain
166477,2021-02-01,2021-02-19,19.0,5,Hamstring strain
166477,2021-06-13,2021-08-15,64.0,6,Fracture of the eye socket
166477,2022-01-03,2022-03-17,74.0,14,Hamstring injury
166477,2024-10-14,2024-11-03,21.0,2,Hamstring injury
166477,2025-05-07,2025-07-15,70.0,5,Ankle surgery
166640,2020-12-18,2020-12-21,4.0,1,Groin strain
166640,2021-01-02,2021-01-18,17.0,2,Virus
166640,2021-02-10,2021-02-16,7.0,1,Calf injury
166640,2025-04-28,2025-06-02,36.0,5,Muscle injury
166640,2025-08-24,,21.0,3,Knee surgery
166640,2026-05-15,2026-06-01,18.0,5,Hamstring injury
166989,2021-11-07,2021-12-07,31.0,8,Calf injury
166989,2023-02-26,2023-04-10,44.0,9,Torn ankle ligaments
166989,2023-12-13,2024-01-12,31.0,6,Calf injury
166989,2024-04-27,2024-05-08,12.0,3,Groin injury
166989,2024-05-15,2024-06-10,27.0,3,Groin injury
166989,2025-05-05,2025-05-20,16.0,2,Calf injury
166989,2025-09-13,2025-11-06,55.0,12,Calf problems
166989,2026-01-25,2026-03-22,57.0,11,Ankle injury
167074,2020-09-20,2020-11-21,63.0,14,Calf injury
167074,2020-11-21,2020-12-27,37.0,7,Fitness
167074,2021-04-17,2021-04-27,11.0,1,Corona virus
167074,2021-08-21,2021-10-18,59.0,11,Thigh problems
167074,2022-01-22,2022-02-17,27.0,5,Groin injury
167074,2022-09-29,2022-10-29,31.0,6,Knock
167074,2023-09-17,2023-11-11,56.0,8,Groin problems
167074,2024-02-09,2024-02-19,11.0,2,Achilles tendon problems
167074,2024-12-15,2025-04-06,113.0,19,Knee injury
167074,2025-09-27,2025-10-17,21.0,2,Knee injury
167074,2026-01-02,2026-01-31,30.0,5,Hamstring injury
167074,2026-03-16,2026-04-30,46.0,4,Foot injury
167199,2020-11-09,2020-12-03,25.0,6,Muscle injury
167199,2020-12-03,2021-01-11,40.0,11,Hip injury
167199,2021-02-04,2021-02-22,19.0,4,Hamstring injury
167199,2021-07-29,2021-08-30,33.0,4,Ankle injury
167199,2022-02-14,2022-02-22,9.0,1,Muscle injury
167199,2022-04-04,2022-07-25,113.0,14,unknown injury
167199,2022-08-25,2022-09-15,22.0,4,Thigh problems
167199,2022-09-22,2022-09-30,9.0,2,Knock
167199,2023-09-02,2023-10-03,32.0,9,Groin injury
167199,2023-11-09,2024-02-29,113.0,25,Hamstring injury
167199,2024-11-28,2024-12-03,6.0,1,Muscle injury
167199,2025-12-05,2026-01-05,32.0,5,Muscle injury
167199,2026-01-31,2026-02-16,17.0,3,Inflammation of pubic bone
167199,2026-08-29,2026-09-26,29.0,4,Hamstring injury
167522,2021-01-23,2021-02-20,29.0,7,Hamstring injury
167878,2021-01-13,2021-02-06,25.0,5,Knock
167878,2025-03-07,2025-04-16,41.0,7,Hamstring injury
167887,2022-02-13,2022-03-11,27.0,5,Ankle injury
167887,2022-08-14,2022-09-13,31.0,6,Ankle injury
167887,2023-12-24,2024-02-12,51.0,9,Ankle injury
168090,2020-12-07,2020-12-10,4.0,1,Ill
168090,2020-12-21,2020-12-24,4.0,1,minor knock
168090,2021-09-30,2021-11-18,50.0,28,Inner ligament stretch of the knee
168090,2022-01-17,2022-01-20,4.0,1,Back problems
168090,2022-04-11,2022-07-04,85.0,13,Shoulder injury
168090,2022-08-22,2022-11-28,99.0,44,Shoulder injury
168090,2025-01-22,2025-01-28,7.0,2,cold
168172,2021-08-17,2021-08-30,14.0,4,Ill
168172,2021-12-25,2022-02-05,43.0,7,Knee injury
168172,2023-04-30,2023-05-04,5.0,0,Hamstring injury
168172,2024-05-05,2024-09-01,120.0,3,Hamstring injury
168172,2024-10-28,2024-11-11,15.0,3,Groin injury
168172,2025-12-07,2026-01-28,53.0,5,Hamstring injury
168172,2026-03-02,2026-04-30,60.0,7,Ankle surgery
168281,2021-01-25,2021-03-07,42.0,10,Ankle injury
168281,2022-03-16,2022-04-01,17.0,4,Hamstring injury
168281,2023-02-11,2023-04-08,57.0,11,Hamstring injury
168281,2023-04-22,2023-06-05,45.0,7,Shoulder injury
168281,2024-03-21,2024-03-31,11.0,2,unknown injury
168281,2024-09-20,2024-10-16,27.0,6,Hamstring injury
168281,2026-04-19,2026-04-24,6.0,1,Adductor pain
168281,2026-05-03,2026-05-11,9.0,1,Adductor pain
168580,2021-02-11,2021-02-12,2.0,0,Calf injury
168580,2021-02-13,2021-03-07,23.0,7,Knee injury
168580,2023-01-14,2023-02-02,20.0,4,Knock
168580,2024-01-18,2024-03-01,44.0,8,Ankle injury
168580,2024-06-21,2024-06-29,9.0,1,muscular problems
168580,2024-09-27,2024-10-25,29.0,5,Muscle injury
168580,2024-11-17,2024-12-04,18.0,3,Muscle injury
168580,2024-12-21,2025-01-14,25.0,2,Thigh problems
168580,2025-05-18,2025-06-22,36.0,2,Hamstring injury
168580,2025-07-19,,57.0,4,Adductor injury
168580,2025-09-20,2025-10-15,26.0,5,Adductor pain
168636,2020-12-31,2021-02-01,33.0,6,Hamstring injury
168636,2021-04-01,2021-04-15,15.0,2,Corona virus
168636,2022-06-02,2022-06-16,15.0,4,minor knock
168636,2022-09-22,2022-09-30,9.0,1,Muscle injury
168636,2023-05-24,2023-12-20,211.0,31,Cruciate ligament tear
168636,2024-05-31,2024-09-09,102.0,13,Broken toe
168636,2025-01-08,2025-10-18,284.0,31,Cruciate ligament tear
168636,2025-10-31,2025-11-10,11.0,2,Rest
168636,2026-01-11,2026-01-21,11.0,1,Muscle injury
168763,2020-10-16,2020-11-04,20.0,6,Fitness
168763,2020-12-10,2020-12-21,12.0,3,Ankle sprain
168763,2021-08-19,2021-09-08,21.0,6,Ankle injury
168763,2022-09-15,2022-10-06,22.0,5,minor knock
168763,2023-01-15,2023-01-25,11.0,2,minor knock
168763,2023-04-09,2023-04-19,11.0,1,Knee problems
168763,2023-05-01,2023-07-24,85.0,13,Knee surgery
168763,2023-08-19,2023-09-30,43.0,9,Hamstring injury
168763,2025-10-24,2026-06-30,250.0,44,Achilles tendon problems
168765,2020-10-03,2020-12-06,65.0,8,Knee injury
168765,2020-12-06,2021-01-01,27.0,4,Fitness
168765,2021-09-11,2021-09-16,6.0,2,Knock
168991,2021-03-03,2021-03-13,11.0,3,Groin injury
168991,2024-08-23,2024-09-02,11.0,3,Back problems
168991,2024-10-18,2024-10-31,14.0,2,Ill
168991,2026-03-19,2026-04-21,34.0,4,Achilles tendon problems
169187,2020-11-09,2020-12-07,29.0,5,Calf injury
169187,2021-06-03,2021-07-12,40.0,0,Hamstring injury
169187,2021-09-18,2021-09-20,3.0,1,Ill
169187,2021-09-27,2021-10-14,18.0,2,muscular problems
169187,2022-01-03,2022-01-13,11.0,2,Corona virus
169187,2022-03-17,2022-03-31,15.0,1,Hamstring injury
169187,2022-10-10,2022-10-15,6.0,1,Ankle problems
169187,2023-09-04,2023-09-29,26.0,4,Hamstring injury
169187,2024-01-08,2024-01-28,21.0,4,Torn lateral knee ligament
169187,2024-02-13,2024-04-08,56.0,12,Torn lateral knee ligament
169187,2024-11-09,2024-11-25,17.0,2,Hamstring injury
169187,2025-02-02,2025-02-11,10.0,2,Hamstring injury
169187,2025-03-12,2025-04-17,37.0,4,Ankle injury
169187,2025-07-07,2025-07-13,7.0,1,muscular problems
169187,2025-09-16,2025-10-23,38.0,9,Hamstring injury
169187,2025-12-04,2026-02-02,61.0,14,Muscle tear
169359,2021-01-21,2021-01-22,2.0,0,Knock
169359,2022-08-06,2022-08-23,18.0,3,Dead leg
169359,2022-12-30,2023-03-01,62.0,12,Heel injury
169359,2023-11-01,2024-03-04,125.0,25,Hamstring injury
169359,2024-03-18,2024-08-12,148.0,10,Achilles tendon problems
169359,2024-09-16,2024-11-04,50.0,8,Skin disease
169359,2025-04-01,2025-04-04,4.0,1,Ill
169359,2025-04-21,,146.0,7,Hamstring injury
169528,2021-05-14,2021-05-24,11.0,3,Ankle injury
169528,2021-09-28,2021-10-02,5.0,2,Knee problems
169528,2021-12-01,2021-12-05,5.0,1,Ill
169528,2022-02-26,2022-03-02,5.0,1,Ill
169528,2022-04-01,2022-04-03,3.0,1,Rest
169528,2022-09-03,2022-10-03,31.0,5,Ankle injury
169528,2023-09-10,2023-09-22,13.0,2,muscular problems
169528,2025-04-25,2025-05-02,8.0,1,Knock
169528,2025-05-05,2025-05-17,13.0,1,Knock
169528,2025-05-27,2025-08-23,89.0,1,Knee surgery
169528,2025-08-25,2025-08-29,5.0,1,Rest
169528,2025-09-19,2025-09-22,4.0,1,Knee problems
169528,2025-10-17,2025-12-12,57.0,11,Knee problems
169528,2026-02-21,2026-02-28,8.0,1,Knock
169593,2022-11-05,2022-11-07,3.0,1,Hip injury
170137,2020-09-21,2020-10-01,11.0,3,Ankle injury
170137,2020-11-22,2021-01-22,62.0,11,Calf injury
170137,2021-02-28,2021-04-04,36.0,3,Groin injury
170137,2021-12-28,2022-01-05,9.0,0,Calf injury
170137,2022-02-14,2022-03-04,19.0,2,Knock
170137,2022-03-07,2022-03-12,6.0,1,Ill
170137,2022-08-29,2022-10-05,38.0,4,Hamstring injury
170137,2022-10-14,2022-10-26,13.0,3,Muscle injury
170137,2023-01-06,2023-01-09,4.0,1,Ill
170137,2023-04-06,2023-05-05,30.0,5,Hamstring injury
170137,2024-05-11,2024-05-31,21.0,4,unknown injury
170137,2024-07-21,2024-07-24,4.0,1,bruise
170137,2024-11-21,2024-11-24,4.0,1,unknown injury
170137,2024-12-28,2025-01-07,11.0,1,unknown injury
170137,2025-01-18,2025-01-21,4.0,1,Ill
170137,2025-01-29,2025-02-07,10.0,3,Knee injury
170137,2025-02-19,2025-02-21,3.0,1,flu
170137,2025-04-23,2025-06-01,40.0,6,unknown injury
170137,2025-11-23,2025-11-28,6.0,1,Ill
170137,2026-02-28,2026-03-16,17.0,3,Calf injury
170137,2026-05-06,2026-05-10,5.0,1,unknown injury
170271,2022-08-08,2022-09-01,25.0,6,Calf strain
170271,2023-02-16,2023-03-06,19.0,3,Groin strain
170271,2024-10-15,,333.0,28,Ankle injury
171099,2024-02-17,2024-02-23,7.0,1,Foot injury
171099,2024-09-23,2024-10-01,9.0,2,Muscle fatigue
171099,2025-05-21,2025-05-31,11.0,1,unknown injury
171099,2025-11-27,2025-12-19,23.0,4,Heel spur
171099,2026-01-24,2026-02-27,35.0,5,muscular problems
171101,2021-08-07,2021-08-14,8.0,0,Patellar tendon problems
171101,2021-12-27,2022-01-01,6.0,0,Corona virus
171101,2022-01-04,2022-01-07,4.0,1,stomach problems
171101,2022-01-04,2022-01-07,4.0,1,Stomach problems
171101,2022-02-03,2022-02-26,24.0,5,Hamstring injury
171101,2022-08-10,2022-08-18,9.0,1,Adductor injury
171101,2024-10-20,2024-11-01,13.0,4,sprain
171101,2025-12-07,2026-01-23,48.0,7,Inner ligament injury
171270,2020-09-20,2020-12-20,92.0,18,Ankle surgery
171270,2023-08-25,2023-10-22,59.0,11,unknown injury
171270,2024-01-16,2024-04-02,78.0,15,surgery
171287,2020-09-17,2020-09-26,10.0,2,minor knock
171287,2020-11-11,2021-06-30,232.0,51,Patellar tendon problems
171287,2021-11-03,2021-12-05,33.0,9,Calf injury
171287,2022-02-04,2022-02-11,8.0,2,Corona virus
171287,2022-05-18,2022-05-25,8.0,1,Leg injury
171287,2023-02-21,2023-03-14,22.0,5,Muscle injury
171287,2023-11-10,2023-11-22,13.0,3,minor knock
171287,2024-02-08,2024-02-13,6.0,1,Virus
171287,2024-12-29,2025-02-07,41.0,11,Hamstring injury
171287,2025-02-09,2025-05-15,96.0,17,Hamstring injury
171287,2025-07-14,2025-08-14,32.0,1,Achilles tendon problems
171287,2025-12-14,2026-01-02,20.0,3,Hamstring injury
171287,2026-01-25,2026-02-09,16.0,3,Bruised knee
171287,2026-04-15,2026-04-22,8.0,1,muscular problems
171287,2026-07-22,2026-09-13,54.0,5,Muscle injury
171314,2022-03-03,2022-04-11,40.0,9,Knock
171314,2022-05-09,2022-06-15,38.0,7,Muscle injury
171314,2022-12-22,2023-01-15,25.0,7,Hamstring injury
171314,2023-05-22,2023-06-01,11.0,2,unknown injury
171314,2023-08-07,2023-08-15,9.0,1,concussion
171314,2023-12-25,2023-12-28,4.0,1,Ill
171314,2024-04-26,2024-04-30,5.0,1,Ill
171314,2024-10-30,2024-12-01,33.0,9,Calf injury
171314,2024-12-20,2025-01-18,30.0,6,unknown injury
171314,2025-01-24,2025-02-07,15.0,3,Hip injury
171314,2025-02-13,2025-02-17,5.0,1,muscle stiffness
171314,2026-01-04,2026-02-07,35.0,8,Hamstring injury
171314,2026-03-18,2026-05-08,52.0,9,Hamstring injury
171314,2026-06-16,2026-06-19,4.0,0,unknown injury
171422,2024-03-14,2024-03-28,15.0,3,unknown injury
171422,2024-09-16,2024-09-29,14.0,2,Knee injury
171422,2024-11-09,2025-02-13,97.0,19,Broken leg
171771,2023-09-10,2023-09-17,8.0,1,unknown injury
171771,2024-11-15,2024-12-09,25.0,5,unknown injury
171771,2025-02-22,2025-03-08,15.0,3,Muscle injury
171771,2025-03-08,2025-03-17,10.0,2,Head injury
171771,2025-11-09,2025-11-24,16.0,3,unknown injury
171975,2020-10-10,2020-10-18,9.0,2,Ill
171975,2020-11-09,2020-11-20,12.0,3,Virus
171975,2023-02-17,2023-06-19,123.0,18,Hamstring muscle injury
171975,2024-01-07,2024-03-28,82.0,14,unknown injury
171975,2024-11-06,2024-11-20,15.0,2,Achilles tendon problems
172453,2025-01-06,2025-02-16,42.0,7,Ankle injury
172453,2025-02-27,2025-05-16,79.0,12,Ankle injury
172453,2025-10-06,2025-12-05,61.0,11,Knee surgery
172453,2025-12-19,2026-01-02,15.0,4,Ill
172453,2026-03-27,2026-04-09,14.0,2,concussion
172453,2026-08-15,2026-08-27,13.0,1,Thigh problems
172567,2022-10-23,2022-11-02,11.0,3,unknown injury
172567,2024-08-23,2024-09-11,20.0,5,unknown injury
172567,2025-12-29,2026-10-01,277.0,32,Cruciate ligament tear
172632,2020-09-25,2020-10-02,8.0,1,Ill
172632,2021-12-15,2021-12-17,3.0,1,Ill
172632,2022-02-08,2022-02-25,18.0,3,Hip injury
172632,2022-03-03,2022-03-08,6.0,2,Ill
172632,2024-05-10,2024-06-20,42.0,4,Shoulder injury
172632,2025-01-24,2025-02-03,11.0,2,Muscle injury
172649,2021-06-14,2021-07-13,30.0,6,Hip injury
172649,2021-08-02,2021-09-02,32.0,5,Ill
172649,2023-01-14,2023-06-30,168.0,25,Torn thigh muscle
172649,2023-09-27,2023-12-15,80.0,14,Hamstring injury
172649,2025-01-12,2025-01-15,4.0,2,Ill
172649,2026-03-13,2026-03-20,8.0,2,Ill
172780,2020-07-02,2020-09-12,73.0,8,Hip injury
172780,2020-11-06,2020-11-07,2.0,0,Hamstring injury
172780,2020-12-07,2020-12-12,6.0,1,Knee injury
172780,2020-12-27,2021-01-02,7.0,1,Knee injury
172780,2021-01-04,2021-01-15,12.0,1,Knee injury
172780,2021-02-21,2021-04-12,51.0,12,Hip injury
172780,2022-04-28,2022-05-03,6.0,2,Hip injury
172780,2022-11-19,2022-11-27,9.0,2,Knee injury
172780,2022-12-23,2023-01-16,25.0,6,Knee injury
172780,2023-11-10,2024-01-23,75.0,13,Ankle injury
172780,2025-01-25,2025-02-10,17.0,5,Calf strain
172780,2025-05-03,2025-06-23,52.0,6,Knee injury
172780,2025-08-03,2026-06-01,303.0,48,Cruciate ligament tear
172780,2026-08-23,2026-09-09,18.0,3,Shoulder injury
172782,2020-12-30,2021-01-11,13.0,1,Knock
172782,2021-01-28,2021-02-12,16.0,4,Ankle injury
172782,2021-12-13,2022-01-06,25.0,2,Corona virus
172782,2023-03-05,2023-04-21,48.0,8,Foot injury
172841,2020-10-16,2020-10-30,15.0,2,Knock
172841,2026-08-21,,39.0,5,unknown injury
172850,2020-07-06,2020-09-21,78.0,9,Foot injury
172850,2021-06-21,2021-06-28,8.0,1,Quarantine
172850,2021-11-22,2022-05-19,179.0,45,Cruciate ligament tear
172850,2022-11-03,2023-01-31,90.0,15,Hamstring injury
172850,2023-05-06,2023-06-03,29.0,5,Hamstring injury
172850,2023-09-27,2024-01-03,99.0,21,Hamstring injury
172850,2024-01-03,2024-01-08,6.0,1,Fitness
172850,2024-03-07,2024-03-15,9.0,1,Knee problems
172850,2024-03-27,2024-04-08,13.0,3,Knee problems
172850,2024-03-30,2024-04-05,7.0,2,Ill
172850,2024-04-22,2024-05-14,23.0,5,Knee problems
172850,2024-12-13,2024-12-20,8.0,2,Ill
172850,2025-10-02,2025-10-04,3.0,1,Ill
172850,2025-10-25,2025-10-28,4.0,1,Muscle injury
172850,2026-02-23,2026-02-28,6.0,1,Ill
172850,2026-03-16,2026-04-01,17.0,2,Hamstring injury
172850,2026-08-20,2026-08-31,12.0,2,Knee injury
172912,2020-07-04,2020-07-07,4.0,1,Muscle fatigue
172912,2021-03-07,2021-03-21,15.0,3,Bruised back
172912,2021-07-14,2021-08-23,41.0,2,Pubalgia
172912,2022-03-17,2022-03-21,5.0,3,influenza
172912,2022-11-01,2022-11-05,5.0,1,Back problems
172912,2023-04-16,2023-04-21,6.0,2,Lumbago
172912,2023-05-02,2023-05-05,4.0,3,Rest
172912,2023-05-20,2023-05-22,3.0,1,Rest
172912,2023-08-21,2023-09-20,31.0,7,unknown injury
172912,2024-11-27,2024-11-30,4.0,1,Stomach flu
172912,2025-04-11,2025-05-06,26.0,4,unknown injury
172912,2025-10-03,2025-10-07,5.0,1,Muscle injury
172912,2025-11-27,2025-12-19,23.0,12,Leg injury
172912,2026-01-19,2026-03-11,52.0,10,Ankle surgery
172912,2026-05-19,2026-05-25,7.0,1,Fitness
173271,2021-02-12,2021-02-16,5.0,1,muscular problems
173271,2021-07-28,2021-08-14,18.0,1,Corona virus
173271,2024-11-22,2024-11-27,6.0,1,Muscle injury
173399,2020-12-06,2020-12-27,22.0,4,Adductor pain
173399,2022-01-14,2022-01-18,5.0,2,Corona virus
173399,2022-10-06,2022-10-14,9.0,1,unknown injury
173399,2023-12-13,2024-02-07,57.0,5,Torn muscle fiber
173399,2024-05-15,2024-08-22,100.0,7,Hip injury
173515,2023-04-25,2023-05-18,24.0,4,Groin injury
173515,2025-10-23,2025-11-26,35.0,6,Hamstring injury
173809,2021-10-30,2021-11-24,26.0,7,unknown injury
173818,2021-12-21,2022-04-01,102.0,20,Hamstring injury
173818,2023-09-29,2023-10-02,4.0,1,Thigh problems
173818,2025-04-18,2025-05-23,36.0,5,Hamstring injury
173879,2021-02-21,2021-04-05,44.0,11,Ankle injury
173879,2021-10-12,2021-10-17,6.0,1,Bruise on ankle
173879,2021-12-22,2022-01-05,15.0,1,Ankle injury
173879,2022-09-04,2022-09-09,6.0,2,Shoulder injury
173879,2023-01-29,2023-01-31,3.0,1,muscular problems
173879,2023-02-19,2023-02-23,5.0,2,Eye injury
173879,2023-04-13,2023-04-16,4.0,2,Shoulder injury
173879,2023-06-05,2024-03-16,286.0,40,Cruciate ligament injury
173879,2024-03-30,2024-04-06,8.0,2,Rest
173879,2024-07-17,2024-08-01,16.0,0,Injury to abdominal muscles
173879,2024-10-19,2024-11-01,14.0,3,Shoulder injury
173879,2025-05-01,2025-05-07,7.0,1,Thigh problems
173904,2021-09-09,2021-09-17,9.0,3,Quarantine
173904,2023-11-25,2023-12-10,16.0,5,Hamstring strain
173904,2023-12-12,2024-01-14,34.0,6,Toe injury
173904,2024-01-14,2024-01-16,3.0,1,Fitness
173904,2024-03-06,2024-03-18,13.0,2,strain
173904,2024-08-09,2024-09-05,28.0,5,Hamstring strain
173904,2025-03-21,2025-03-28,8.0,1,concussion
173904,2026-03-02,2026-03-04,3.0,1,Rest
173954,2020-09-13,2020-09-25,13.0,2,Knock
173954,2020-10-25,2020-10-29,5.0,0,Knock
173954,2024-02-20,2024-04-10,51.0,6,unknown injury
173954,2024-08-30,2024-12-02,95.0,12,Hamstring injury
173954,2025-12-07,2025-12-10,4.0,1,Ill
173954,2026-01-16,2026-02-19,35.0,7,Hamstring injury
174292,2020-09-02,2020-09-28,27.0,4,Edema in the knee
174292,2020-10-06,2020-10-16,11.0,3,inflammation
174292,2021-10-02,2021-10-18,17.0,3,Knock
174292,2021-12-16,2021-12-26,11.0,2,Corona virus
174292,2022-01-15,2022-02-01,18.0,3,Muscle injury
174292,2022-05-10,2022-05-14,5.0,1,minor knock
174292,2023-09-09,2023-11-23,76.0,12,Foot injury
174292,2024-03-01,2024-03-28,28.0,5,Muscle injury
174292,2025-12-09,2025-12-13,5.0,1,muscular problems
174292,2026-03-03,2026-03-06,4.0,1,unknown injury
174292,2026-04-05,2026-04-23,19.0,3,Cruciate ligament strain
174292,2026-05-12,2026-05-18,7.0,1,Knee problems
174292,2026-08-22,2026-09-19,29.0,5,Hamstring strain
174592,2021-12-27,2022-01-05,10.0,1,Corona virus
174592,2023-04-15,2023-04-18,4.0,1,Ill
174592,2024-03-16,2024-03-26,11.0,1,unknown injury
174592,2024-09-20,2024-10-27,38.0,7,Muscle injury
174592,2024-11-08,2024-11-12,5.0,1,minor knock
174592,2026-02-27,2026-03-09,11.0,2,Knock
174593,2022-02-17,2022-06-01,105.0,14,Thigh problems
174593,2023-09-29,2023-11-13,46.0,10,Hamstring injury
174593,2023-12-01,2024-09-15,290.0,42,Hamstring injury
174593,2024-10-19,2025-01-27,101.0,21,unknown injury
174594,2021-08-09,2021-08-16,8.0,1,Thigh problems
174594,2021-12-16,2022-02-28,75.0,8,Ankle injury
174594,2022-09-24,2022-10-06,13.0,2,Knee problems
174594,2022-11-09,2023-02-01,85.0,5,Patellar tendon tear
174594,2023-03-16,2023-06-01,78.0,10,Knee problems
174594,2023-08-14,2023-12-31,140.0,18,Knee injury
174594,2024-01-01,2024-02-14,45.0,5,Fitness
174594,2024-03-26,2024-10-24,213.0,16,Hamstring injury
174594,2024-10-24,2024-10-30,7.0,2,Fitness
174594,2025-02-07,2025-02-21,15.0,2,Adductor pain
174594,2025-02-24,2025-03-18,23.0,4,Adductor pain
174594,2025-12-04,2025-12-25,22.0,3,Hamstring injury
174594,2026-01-30,2026-02-02,4.0,1,Thigh problems
174595,2023-09-06,2023-10-03,28.0,7,Hamstring injury
174595,2023-11-20,2024-05-24,187.0,33,Hamstring injury
174595,2024-12-08,2024-12-28,21.0,3,Groin injury
174874,2020-10-15,2020-11-01,18.0,2,Ankle ligament tear
174874,2021-11-23,2021-12-13,21.0,4,Hamstring injury
174874,2023-01-15,2023-02-15,32.0,5,Calf injury
174874,2024-11-24,2024-12-19,26.0,4,Achilles tendon problems
174874,2025-10-19,2025-10-31,13.0,2,Muscle injury
174874,2026-02-28,2026-03-03,4.0,1,cold
174932,2022-08-01,2022-09-05,36.0,7,Hamstring injury
174932,2023-04-02,2023-05-01,30.0,7,Inner ligament injury
174932,2023-09-17,2023-10-27,41.0,5,Knee injury
174932,2024-01-21,2024-02-04,15.0,2,Muscle injury
174932,2025-05-21,2025-07-01,42.0,1,Herniated disc
174932,2026-04-04,2027-01-01,273.0,15,Cruciate ligament tear
175592,2020-10-14,2020-11-03,21.0,5,Corona virus
175592,2020-11-23,2020-12-05,13.0,3,Hamstring injury
175592,2020-12-10,2020-12-15,6.0,1,Ligament injury
175592,2020-12-20,2021-02-18,61.0,19,Ankle injury
175592,2021-05-08,2021-05-31,24.0,6,Knock
175592,2021-10-31,2021-12-05,36.0,9,Hamstring injury
175592,2022-03-21,2022-04-03,14.0,3,Knee problems
175592,2022-08-01,2022-11-01,93.0,20,Hamstring injury
175592,2022-11-05,2022-12-25,51.0,4,Muscle injury
175592,2023-02-26,2023-03-15,18.0,4,Knock
175592,2023-03-28,2023-05-31,65.0,12,unknown injury
175592,2023-07-17,2023-09-19,65.0,6,Adductor injury
175592,2023-10-08,2023-11-22,46.0,8,Muscle injury
175592,2023-11-23,2023-11-28,6.0,1,influenza
175592,2023-12-18,2023-12-23,6.0,1,Ill
175592,2024-02-11,2024-02-22,12.0,1,Stomach flu
175592,2024-02-23,2024-02-27,5.0,1,Fitness
175592,2026-07-16,2026-08-06,22.0,5,unknown injury
175941,2023-08-03,2024-05-15,287.0,40,Ankle injury
175941,2024-08-01,2024-11-25,117.0,18,Muscle injury
176296,2020-09-20,2021-01-30,133.0,27,Hamstring injury
176297,2020-11-08,2020-11-20,13.0,3,Shoulder injury
176297,2021-07-14,2021-10-15,94.0,15,Shoulder injury
176297,2022-01-13,2022-01-17,5.0,1,Dead leg
176297,2022-05-04,2022-05-19,16.0,1,bronchitis
176297,2022-09-04,2022-09-19,16.0,3,Muscle injury
176297,2023-03-19,2023-03-31,13.0,3,unknown injury
176297,2023-04-08,2023-04-19,12.0,3,Muscle injury
176297,2023-05-11,2023-05-24,14.0,2,Leg injury
176297,2023-12-11,2023-12-13,3.0,1,Ill
176297,2024-04-22,2024-05-13,22.0,4,unknown injury
176297,2025-01-04,2025-01-15,12.0,2,Ill
176297,2025-04-23,2025-05-23,31.0,4,Hamstring injury
176297,2025-11-21,2025-11-24,4.0,1,Fever
176297,2026-02-07,2026-02-22,16.0,2,Knee bruise
176413,2020-08-01,2020-08-22,22.0,2,Calf strain
176413,2020-08-02,2020-10-04,64.0,7,Hamstring injury
176413,2020-10-31,2020-11-03,4.0,1,Quarantine
176413,2020-11-03,2020-11-27,25.0,6,Muscle injury
176413,2021-08-18,2021-08-30,13.0,2,Corona virus
176413,2021-09-09,2021-10-31,53.0,15,Ankle injury
176413,2022-03-06,2022-03-13,8.0,2,Ill
176413,2023-01-05,2023-03-05,60.0,13,Knee problems
176413,2023-10-29,2023-11-07,10.0,3,Thigh problems
176413,2023-11-07,2023-11-20,14.0,3,Contracture
176413,2024-12-06,2025-01-01,27.0,5,Calf problems
176413,2025-01-14,2025-01-21,8.0,3,Muscle fatigue
176413,2025-10-15,2025-11-06,23.0,4,Hamstring muscle injury
176413,2025-11-26,2025-12-03,8.0,1,muscular problems
176413,2026-01-26,2026-02-11,17.0,1,Bursitis
176413,2026-05-09,2026-05-16,8.0,1,Strain in the thigh and gluteal muscles
176413,2026-06-14,2026-06-25,12.0,1,Calf injury
176413,2026-07-08,2026-08-20,44.0,0,Broken leg
177815,2021-01-02,2021-01-26,25.0,3,Muscle injury
177815,2021-02-11,2021-02-19,9.0,2,Hamstring injury
177815,2021-08-28,2021-12-31,126.0,31,Broken toe
177815,2022-04-12,2022-04-30,19.0,2,Hamstring injury
177815,2022-08-04,2022-10-03,61.0,12,Knee injury
177815,2022-11-05,2022-12-28,54.0,4,Hamstring injury
177815,2023-02-04,2023-04-20,76.0,11,Hamstring injury
177815,2023-05-20,2023-06-20,32.0,2,Hamstring injury
177815,2023-08-01,2023-08-18,18.0,1,Fitness
177815,2023-08-20,2023-09-14,26.0,4,Broken cheekbone
177815,2024-04-25,2024-05-01,7.0,1,Ill
177815,2025-01-05,2025-01-14,10.0,1,Ankle injury
177815,2025-01-26,2025-05-05,100.0,14,Hamstring injury
177815,2025-08-15,2025-08-20,6.0,1,Fitness
177815,2026-02-08,2026-02-11,4.0,1,Ill
178173,2022-10-01,2023-05-01,213.0,36,Back problems
178173,2026-08-08,,52.0,8,Calf injury
178186,2020-07-23,2020-07-25,3.0,0,Knock
178186,2022-03-06,2022-03-22,17.0,4,Heel injury
178186,2023-11-18,2023-12-01,14.0,3,Knee injury
178186,2024-01-07,2024-01-19,13.0,2,Ankle problems
178186,2024-04-08,2024-04-15,8.0,2,Hip injury
178186,2024-04-19,2024-04-25,7.0,1,Knee injury
178186,2024-05-16,2024-05-22,7.0,1,Tonsillitis
178186,2024-12-29,2025-01-31,34.0,6,Foot injury
178301,2024-09-03,2024-09-11,9.0,2,Muscle fatigue
178301,2025-02-02,2025-02-14,13.0,1,Muscle injury
178301,2025-03-12,2025-03-30,19.0,4,Knee problems
178301,2026-01-29,2026-02-06,9.0,1,Muscle injury
178304,2020-09-03,2020-11-23,82.0,10,Toe injury
178304,2020-11-30,2020-12-14,15.0,2,Toe injury
178304,2021-01-07,2021-01-11,5.0,1,Ankle injury
178304,2021-01-11,2021-01-28,18.0,4,Knock
178304,2021-12-02,2022-01-24,54.0,6,Knock
178304,2022-03-17,2022-05-02,47.0,7,sprain
178304,2022-05-05,2022-05-26,22.0,4,Knock
178304,2022-09-08,2022-09-22,15.0,2,Muscle injury
178304,2022-10-03,2022-10-05,3.0,0,cold
178304,2022-10-06,2022-10-10,5.0,1,Fitness
178304,2023-04-10,2023-05-01,22.0,3,Thigh problems
178304,2023-05-21,2023-10-31,164.0,12,Achilles tendon rupture
179018,2020-07-06,2020-07-07,2.0,0,Hamstring strain
179018,2020-11-14,2020-11-20,7.0,1,Knock
179018,2021-02-28,2021-03-15,16.0,2,Knee injury
179018,2023-03-15,2023-04-15,32.0,6,Thigh problems
179018,2024-01-25,2024-01-30,6.0,2,Ill
179018,2024-03-30,2024-05-03,35.0,6,Knee injury
179018,2026-04-17,2026-05-22,36.0,8,Knee problems
179268,2023-04-25,2023-06-02,39.0,7,Muscle injury
179268,2023-12-15,2024-03-01,78.0,17,Ankle surgery
179268,2025-12-27,2026-01-05,10.0,2,Hamstring injury
179268,2026-02-10,2026-03-03,22.0,3,Hamstring injury
179276,2020-10-14,2020-11-20,38.0,6,unknown injury
179276,2021-03-13,2021-05-09,58.0,9,Muscle injury
179276,2021-11-27,2022-02-04,70.0,11,Pelvic injury
179276,2022-09-13,2022-09-16,4.0,1,Muscle injury
179276,2022-10-08,2022-12-31,85.0,9,Shoulder injury
179456,2021-02-18,2021-02-22,5.0,1,unknown injury
179456,2021-02-18,2021-02-22,5.0,1,Knock
179456,2021-03-04,2021-03-11,8.0,1,unknown injury
179456,2021-03-04,2021-03-11,8.0,1,Knock
179456,2021-03-18,2021-04-01,15.0,1,unknown injury
179456,2021-03-18,2021-04-01,15.0,1,Knock
179456,2021-04-07,2021-04-22,16.0,4,unknown injury
179456,2021-04-07,2021-04-22,16.0,4,Knock
179456,2021-05-13,2021-10-25,166.0,13,unknown injury
179456,2022-08-01,2022-09-15,46.0,6,unknown injury
179456,2022-08-01,2022-09-15,46.0,6,Knock
179456,2022-10-16,2022-11-02,18.0,3,unknown injury
179456,2022-10-16,2022-11-02,18.0,3,Knock
179456,2023-01-18,2023-01-24,7.0,1,unknown injury
179456,2023-01-18,2023-01-24,7.0,1,Knock
179456,2023-04-19,2023-06-30,73.0,5,unknown injury
179456,2023-04-19,2023-06-30,73.0,5,Knock
179456,2023-08-01,2023-09-27,58.0,5,unknown injury
179456,2023-08-01,2023-09-27,58.0,5,Knock
179456,2024-02-28,2024-03-13,15.0,2,unknown injury
179456,2024-02-28,2024-03-13,15.0,2,Knock
179456,2026-04-20,2026-05-14,25.0,3,Knock
179456,2026-05-15,2026-06-30,47.0,2,Knock
179458,2020-11-07,2020-11-20,14.0,1,Corona virus
179458,2020-11-21,2020-12-31,41.0,10,Fitness
179458,2021-11-16,2022-01-03,49.0,6,muscular problems
179458,2022-12-16,2023-05-04,140.0,16,Groin surgery
179458,2025-02-06,2025-02-19,14.0,2,Ill
179458,2025-09-12,2025-09-22,11.0,2,Heel problems
179519,2021-03-15,2021-07-01,109.0,18,Torn muscle fiber
179519,2021-07-14,2021-09-07,56.0,6,Torn muscle bundle
179519,2021-10-15,2021-10-19,5.0,1,Corona virus
179519,2022-02-26,2022-03-04,7.0,0,Thigh problems
179519,2022-07-20,2022-07-26,7.0,0,Corona virus
179519,2022-08-21,2022-10-01,42.0,7,Muscle injury
179519,2023-08-19,2023-08-27,9.0,1,Knock
179519,2024-03-07,2024-03-29,23.0,2,Ill
179519,2024-04-06,2024-04-13,8.0,1,Muscle injury
179519,2025-01-26,2025-12-01,310.0,36,Knee injury
179519,2025-01-26,2025-11-29,308.0,35,Cruciate ligament tear
179519,2025-12-05,2025-12-15,11.0,3,Hamstring injury
179519,2026-01-23,2026-03-02,39.0,8,unknown injury
179519,2026-04-26,2026-05-11,16.0,2,Dead leg
179830,2021-01-03,2021-02-15,44.0,12,Hamstring strain
179830,2023-02-25,2023-08-27,184.0,39,Foot surgery
179830,2024-09-29,2024-10-02,4.0,1,Shoulder injury
179830,2024-11-15,2024-12-20,36.0,6,Calf injury
179830,2025-12-07,2026-01-01,26.0,3,Hamstring injury
180135,2020-07-01,2020-07-25,25.0,6,Hamstring injury
180135,2023-04-27,2023-05-20,24.0,5,Outer ligament problems
180135,2023-11-11,2023-12-08,28.0,5,Ankle injury
180135,2025-11-24,2026-01-02,40.0,7,Calf injury
180135,2026-01-05,2026-01-08,4.0,1,Rest
180135,2026-05-22,2026-07-27,67.0,1,Groin injury
180151,2020-08-08,2020-08-17,10.0,2,Muscle injury
180151,2021-05-01,2021-05-17,17.0,3,Inflammation in the knee
180151,2021-07-24,2021-07-27,4.0,1,bruise
180151,2021-08-14,2021-08-18,5.0,1,Foot bruise
180151,2023-02-19,2023-03-16,26.0,4,Hamstring injury
180151,2023-09-18,2023-09-20,3.0,1,Stomach flu
180151,2023-10-22,2023-11-01,11.0,1,Head injury
180151,2023-12-29,2024-01-04,7.0,1,unknown injury
180151,2024-02-20,2024-02-22,3.0,1,unknown injury
180151,2024-05-09,2024-05-31,23.0,3,Adductor injury
180151,2024-06-18,2024-09-27,102.0,11,Muscle injury
180151,2025-04-12,2025-04-25,14.0,2,muscular problems
180184,2021-03-01,2021-03-15,15.0,4,Muscle injury
180184,2021-06-07,2021-07-12,36.0,0,Groin injury
180184,2022-03-31,2022-04-11,12.0,3,Thigh problems
180184,2022-04-21,2022-05-16,26.0,5,Thigh problems
180184,2022-09-03,2022-10-24,52.0,10,Shingles
180184,2023-01-03,2023-06-30,179.0,38,Knee collateral ligament strain
180184,2024-05-03,2024-07-03,62.0,3,Heel problems
180184,2025-09-24,2026-05-01,220.0,29,Achilles tendon rupture
180294,2020-12-30,2021-01-25,27.0,4,Ankle injury
180294,2025-08-30,2025-10-05,37.0,6,Hamstring injury
180294,2026-01-23,2026-04-13,81.0,14,Hamstring injury
180736,2021-12-03,2021-12-13,11.0,3,Hamstring injury
180736,2022-01-03,2022-01-21,19.0,5,Hamstring injury
180736,2022-02-27,2022-03-03,5.0,2,surgery
180736,2022-08-29,2022-08-31,3.0,1,Fitness
180736,2023-02-25,2023-02-28,4.0,1,Fitness
180736,2023-08-01,2024-01-10,163.0,26,Thigh problems
180736,2024-01-10,2024-02-07,29.0,6,Fitness
180736,2024-08-10,2024-09-27,49.0,8,Abdominal muscle strain
180736,2025-02-22,2025-03-06,13.0,3,Back injury
180736,2025-02-23,2025-03-04,10.0,1,unknown injury
180736,2026-03-17,2026-04-17,32.0,5,Ankle injury
180804,2022-02-03,2022-03-14,40.0,8,Lumbago
180804,2022-07-13,2023-01-23,195.0,35,unknown injury
180804,2024-10-04,2024-11-04,32.0,4,Thumb injury
180804,2024-11-30,2025-01-18,50.0,10,Hamstring injury
180804,2025-03-04,2025-03-17,14.0,2,Broken thumb
180804,2025-04-25,2025-04-28,4.0,1,Thigh problems
180804,2025-08-10,2025-08-18,9.0,1,muscular problems
180804,2025-08-25,2025-09-28,35.0,6,Fitness
180804,2025-11-30,2025-12-20,21.0,2,unknown injury
180804,2026-02-06,2026-04-30,84.0,12,Achilles tendon problems
180974,2020-07-02,2020-07-04,3.0,0,Ankle injury
180974,2022-01-22,2022-02-05,15.0,1,Groin injury
180974,2022-03-07,2022-03-15,9.0,2,Knock
180974,2022-05-22,2022-06-15,25.0,1,laceration
180974,2022-05-22,2022-06-15,25.0,0,Laceration
180974,2023-05-22,2023-05-31,10.0,2,Knock
180974,2023-09-13,2023-10-15,33.0,7,Hamstring injury
180974,2023-12-16,2023-12-25,10.0,3,Hamstring injury
180974,2024-01-06,2024-05-03,119.0,18,Groin surgery
180974,2025-02-02,2025-03-01,28.0,5,Knee injury
180974,2025-04-20,2025-05-23,34.0,4,Knee problems
180974,2025-08-29,2025-09-13,16.0,2,Thigh problems
180974,2025-11-09,2025-11-19,11.0,0,Shin injury
180974,2026-01-26,2026-02-17,23.0,6,Groin problems
180974,2026-05-15,2026-05-24,10.0,1,Hamstring injury
180974,2026-08-16,,44.0,7,unknown injury
181008,2021-01-09,2021-01-19,11.0,2,Quarantine
181008,2021-12-09,2022-05-23,166.0,52,Hamstring injury
181008,2022-09-14,2022-10-01,18.0,9,Muscle injury
181008,2023-02-10,2023-03-18,37.0,5,Hamstring injury
181008,2023-10-20,2023-11-12,24.0,5,Muscle tear
181008,2024-02-29,2024-04-10,42.0,6,Torn muscle fiber
181008,2024-10-16,2024-10-23,8.0,1,unknown injury
181284,2023-03-01,2023-03-05,5.0,1,unknown injury
181284,2023-03-09,2023-04-10,33.0,4,Meniscus injury
181284,2025-02-21,2025-03-08,16.0,4,Knee injury
181284,2026-08-01,2026-08-24,24.0,1,surgery
182436,2022-01-16,2022-01-25,10.0,2,Ill
183656,2021-02-28,2022-02-04,342.0,44,Hip injury
183656,2023-08-19,2024-01-04,139.0,20,Hamstring injury
183656,2023-12-06,2024-03-30,116.0,18,Ankle injury
183656,2024-02-05,2025-07-01,513.0,60,Knee surgery
183656,2026-08-31,2026-10-06,37.0,4,Hamstring injury
184029,2020-09-01,2020-09-19,19.0,2,Knee problems
184029,2020-10-16,2020-11-06,22.0,6,Calf injury
184029,2020-12-07,2020-12-20,14.0,4,Muscle injury
184029,2021-01-16,2021-01-29,14.0,2,Knock
184029,2021-04-05,2021-04-20,16.0,4,Ankle injury
184029,2022-09-08,2022-09-21,14.0,1,Calf injury
184029,2023-11-03,2023-11-22,20.0,5,Hip injury
184029,2024-09-09,2024-11-04,57.0,14,Ankle sprain
184029,2025-01-24,2025-01-28,5.0,1,Ill
184029,2025-09-13,2025-09-25,13.0,3,Shoulder injury
184029,2025-10-04,2025-11-25,53.0,12,Knee injury
184029,2026-02-01,2026-02-10,10.0,2,Muscle injury
184029,2026-02-13,2026-02-20,8.0,2,Knock
184029,2026-02-23,2026-03-31,37.0,8,Knee problems
184029,2026-04-08,2026-04-17,10.0,2,Muscle injury
184029,2026-04-29,2026-05-04,6.0,1,Knee problems
184254,2023-03-03,2023-04-29,58.0,9,Chest injury
184254,2023-11-15,2023-11-19,5.0,1,Fever
184254,2024-11-25,2025-02-10,78.0,21,Ankle surgery
184254,2025-05-28,2025-07-01,35.0,0,unknown injury
184254,2026-03-23,2026-05-19,58.0,7,surgery
184341,2021-06-21,2021-06-28,8.0,1,Quarantine
184341,2021-09-20,2021-09-30,11.0,3,minor knock
184341,2021-10-29,2021-11-03,6.0,2,Ill
184341,2022-02-14,2022-02-21,8.0,1,Ankle injury
184341,2023-01-05,2023-01-07,3.0,1,Knock
184341,2023-02-28,2023-04-03,35.0,5,Pelvic contusion
184341,2023-04-25,2023-05-31,37.0,7,Pelvic injury
184341,2023-08-19,2023-09-25,38.0,6,unknown injury
184341,2023-11-24,2024-03-13,111.0,21,Calf injury
184341,2024-04-15,2024-04-25,11.0,2,Muscle injury
184341,2024-05-10,2024-05-22,13.0,3,unknown injury
184341,2024-08-28,2024-09-19,23.0,3,Hamstring injury
184341,2024-09-30,2024-11-04,36.0,7,Head injury
184341,2024-12-16,2025-03-14,89.0,20,Hamstring injury
184341,2025-08-30,2025-09-18,20.0,1,Knock
184341,2025-12-27,2026-01-05,10.0,2,Knock
184341,2026-02-01,2026-03-15,43.0,6,Knock
184341,2026-08-16,2026-08-28,13.0,1,Foot injury
184349,2020-11-11,2020-11-16,6.0,1,Quarantine
184349,2021-01-09,2021-02-20,43.0,8,Knock
184349,2021-07-01,2021-08-15,46.0,1,Thigh problems
184349,2021-09-01,2021-11-14,75.0,18,bruise
184349,2021-12-21,2022-01-07,18.0,5,Muscle injury
184349,2022-03-07,2022-04-07,32.0,7,Hamstring injury
184349,2023-02-11,2023-06-30,140.0,22,Hamstring injury
184349,2023-07-11,2024-01-04,178.0,21,surgery
184349,2024-01-13,2024-02-12,31.0,5,Hamstring injury
184349,2024-02-17,2024-05-31,105.0,14,Hamstring injury
184349,2025-08-10,2025-08-18,9.0,1,minor knock
184349,2025-12-06,2026-01-06,32.0,7,Hamstring strain
184349,2026-04-26,2026-05-18,23.0,3,Hamstring injury
184349,2026-09-11,2026-09-19,9.0,2,Groin problems
184386,2020-09-20,2020-11-02,44.0,8,Knee injury
184386,2023-12-23,2024-02-20,60.0,14,Hamstring strain
184386,2025-03-07,2025-04-02,27.0,3,Thigh problems
184667,2020-07-05,2020-07-08,4.0,0,Back injury
184667,2020-12-27,2021-01-06,11.0,3,Back injury
184667,2021-12-11,2021-12-21,11.0,1,heart problems
184667,2021-12-26,2022-01-05,11.0,3,Corona virus
184667,2022-01-31,2022-02-07,8.0,1,Ill
184667,2022-08-07,2022-08-31,25.0,4,Back problems
184667,2023-12-07,2024-02-02,58.0,11,Groin injury
184667,2024-03-30,2024-05-22,54.0,11,Hamstring injury
184667,2024-08-04,2024-09-14,42.0,7,Toe injury
184667,2024-11-17,2024-12-09,23.0,6,unknown injury
184667,2024-12-20,2025-01-25,37.0,8,unknown injury
184667,2026-03-20,2026-03-23,4.0,1,Rest
184704,2021-12-11,2022-03-31,111.0,15,Knee injury
184704,2023-11-20,2023-12-06,17.0,3,Knee injury
184704,2023-12-15,2024-08-17,247.0,28,Knee surgery
184704,2025-02-25,,200.0,20,Calf injury
184754,2020-11-18,2020-12-30,43.0,10,Corona virus
184754,2021-12-19,2022-02-06,50.0,10,Hamstring injury
184754,2022-09-30,2022-10-06,7.0,1,Adductor pain
184754,2022-11-10,2022-11-13,4.0,2,Thigh problems
184754,2022-11-14,2022-11-21,8.0,0,Hamstring injury
184754,2023-02-05,2023-03-08,32.0,5,Hamstring injury
184754,2023-03-16,2023-03-21,6.0,1,unknown injury
184754,2023-03-25,2023-04-05,12.0,2,strain
184754,2023-08-26,2023-09-03,9.0,3,Hamstring injury
184754,2024-01-10,2024-01-22,13.0,4,unknown injury
184754,2024-02-28,2024-04-10,43.0,9,unknown injury
184754,2024-10-10,2024-11-22,44.0,7,Ankle injury
184754,2025-02-09,2025-02-27,19.0,4,Hamstring injury
184754,2025-04-18,2025-04-22,5.0,1,Thigh problems
184754,2025-05-07,2025-05-13,7.0,1,minor knock
184754,2025-10-17,2025-10-20,4.0,1,Calf problems
184754,2026-02-08,2026-02-28,21.0,5,Calf injury
189776,2020-08-17,2020-10-01,46.0,9,Tendon rupture
189776,2023-10-08,2024-02-25,141.0,23,unknown injury
189776,2024-04-21,2024-05-27,37.0,6,unknown injury
189776,2025-03-22,2025-11-21,245.0,21,stroke
191866,2020-10-29,2020-11-07,10.0,3,Groin injury
191866,2021-01-09,2021-01-19,11.0,2,Quarantine
191866,2022-07-09,2022-08-31,54.0,6,Hamstring injury
191866,2023-12-02,2024-01-16,46.0,8,Foot injury
191866,2024-04-06,2024-04-20,15.0,3,Calf strain
191866,2024-08-31,2024-09-14,15.0,4,Ankle injury
191866,2024-10-19,2024-12-07,50.0,11,Foot injury
191866,2024-12-21,2025-01-25,36.0,7,Ankle injury
191866,2025-11-07,2025-11-12,6.0,1,Back problems
192290,2021-06-26,2021-10-04,101.0,15,Groin injury
192290,2021-12-08,2022-01-09,33.0,4,infection
192290,2025-06-10,2025-09-14,97.0,5,Groin injury
192290,2025-09-13,2026-05-08,238.0,6,Achilles tendon problems
192303,2020-10-10,2020-11-01,23.0,5,Calf injury
192303,2021-01-09,2021-01-20,12.0,3,Muscle injury
192303,2023-09-15,2023-10-11,27.0,4,Back problems
192303,2023-11-26,2024-01-02,38.0,4,Ankle injury
192303,2024-09-27,,352.0,30,Knee problems
192895,2020-09-13,2020-09-27,15.0,2,Groin injury
192895,2020-10-07,2020-10-16,10.0,3,Virus
192895,2021-01-19,2021-02-16,29.0,6,Knee injury
192895,2021-04-03,2021-05-05,33.0,8,Knee injury
192895,2021-10-21,2021-11-06,17.0,3,Ankle problems
192895,2022-03-31,2022-07-07,99.0,14,Knee surgery
192895,2023-10-01,2023-11-24,55.0,13,Hamstring injury
192895,2024-01-24,2024-02-22,30.0,6,Hamstring injury
192895,2024-04-25,2024-05-12,18.0,2,Adductor injury
192895,2024-06-19,2024-11-25,160.0,24,Hamstring injury
193111,2020-09-20,2020-10-18,29.0,5,Knee bruise
193111,2020-11-01,2020-12-06,36.0,9,Hip injury
193111,2023-09-11,2023-10-02,22.0,5,Knee injury
193111,2024-02-23,2024-03-13,20.0,5,Hamstring injury
193111,2025-10-06,2025-12-01,57.0,9,Knee injury
193111,2026-02-07,2026-05-31,114.0,7,Foot injury
193195,2020-11-21,2020-12-05,15.0,3,Quarantine
193195,2021-02-18,2021-02-23,6.0,1,Ill
193195,2023-10-27,2023-10-29,3.0,1,Ill
193195,2023-12-23,2023-12-26,4.0,2,Achilles heel problems
193195,2024-02-17,2024-04-01,45.0,8,Ankle injury
193195,2024-04-09,2024-05-01,23.0,4,Back injury
193204,2020-08-14,2020-10-14,62.0,12,Ankle injury
193204,2020-11-23,2020-11-30,8.0,2,Knock
193488,2022-09-17,2022-09-30,14.0,1,muscular problems
193488,2023-02-07,2023-03-02,24.0,7,Muscle injury
193488,2023-04-03,2023-04-06,4.0,1,Ill
193488,2023-10-30,2023-11-05,7.0,2,Ill
193645,2020-12-05,2021-03-09,95.0,18,Knee injury
193645,2021-08-19,2021-11-28,102.0,22,Pubic bone bruise
193645,2021-11-29,2021-12-17,19.0,4,Ill
193645,2022-03-21,2022-03-28,8.0,1,Corona virus
193645,2023-11-08,2023-12-01,24.0,6,Calf injury
193645,2024-10-07,2024-10-18,12.0,2,Hip problems
193645,2024-12-04,2024-12-06,3.0,1,Calf problems
193645,2025-02-03,2025-02-24,22.0,3,Shoulder injury
193645,2025-03-02,2025-03-07,6.0,1,concussion
193645,2025-03-08,2025-03-11,4.0,1,infection
193645,2026-02-19,2026-02-25,7.0,1,Ill
194010,2023-09-16,2024-10-05,386.0,46,Knee injury
194010,2024-09-01,2025-01-10,132.0,20,Knee injury
194010,2025-01-25,2025-03-08,43.0,6,Hamstring injury
194010,2025-03-08,2025-04-04,28.0,3,Fitness
194010,2026-03-07,2026-05-08,63.0,7,Hamstring injury
194010,2026-05-14,2026-06-01,19.0,2,Hamstring injury
194126,2022-02-03,2022-02-08,6.0,1,Corona virus
194126,2022-10-08,2022-12-31,85.0,6,Shoulder injury
194126,2023-04-19,2023-06-30,73.0,5,unknown injury
194126,2024-04-14,2024-05-14,31.0,4,Arm injury
194126,2024-09-13,2024-09-25,13.0,2,concussion
194126,2024-11-06,2024-11-19,14.0,1,Ankle injury
194126,2025-05-05,2025-05-31,27.0,3,Injury to abdominal muscles
194126,2025-10-03,2025-11-05,34.0,5,unknown injury
194126,2025-11-20,2026-05-04,166.0,23,Shoulder injury
194164,2020-07-07,2020-07-15,9.0,2,Calf injury
194164,2020-09-18,2020-11-06,50.0,8,Ankle injury
194164,2022-08-27,2022-10-16,51.0,8,Knee injury
194190,2020-11-28,2020-12-12,15.0,4,Corona virus
194190,2021-11-15,2022-10-20,340.0,80,Cruciate ligament tear
194190,2023-02-02,2023-02-04,3.0,0,Hip problems
194190,2023-03-27,2023-04-01,6.0,1,Ankle injury
194190,2023-12-13,2023-12-18,6.0,1,Ill
194190,2024-12-26,2025-12-31,371.0,53,Achilles tendon rupture
194252,2020-11-06,2020-11-20,15.0,4,Knock
194252,2020-11-22,2020-11-28,7.0,1,Knock
194252,2021-01-08,2021-01-15,8.0,2,unknown injury
194252,2021-09-07,2021-09-14,8.0,1,Ankle injury
194252,2021-09-16,2021-10-11,26.0,8,Ankle injury
194252,2021-12-27,2022-01-16,21.0,5,Calf injury
194252,2023-01-07,2023-01-13,7.0,2,Ill
194252,2023-02-11,2023-02-15,5.0,1,Knock
194252,2023-09-01,2023-09-15,15.0,3,Knee problems
194252,2023-09-22,2023-09-28,7.0,1,Dental surgery
194252,2023-11-13,2023-11-24,12.0,2,Knock
194252,2023-12-13,2024-01-13,32.0,3,Knock
194252,2024-01-26,2024-01-31,6.0,1,Knock
194252,2024-02-07,2024-03-15,38.0,9,Hamstring injury
194252,2024-07-29,2024-08-14,17.0,3,Fitness
194252,2025-03-13,2025-04-30,49.0,6,Ankle injury
194252,2026-01-20,2026-02-22,34.0,8,Calf injury
194252,2026-05-14,2026-07-25,73.0,2,Inner ligament injury
194634,2020-12-07,2021-03-01,85.0,19,Knee bruise
194634,2021-05-13,2021-05-24,12.0,4,Foot injury
194634,2022-02-14,2022-02-28,15.0,4,Ankle injury
194634,2022-08-01,2022-09-01,32.0,5,Hamstring injury
194634,2022-10-17,2023-02-10,117.0,24,Calf injury
194634,2023-11-26,2023-12-24,29.0,8,Muscle injury
194634,2024-02-18,2024-04-09,52.0,13,Knee collateral ligament tear
194634,2024-04-22,2024-05-14,23.0,4,Hip injury
194634,2024-10-20,2024-12-12,54.0,14,Muscle injury
194634,2025-01-15,2025-01-31,17.0,4,muscular problems
194794,2021-11-19,2021-11-29,11.0,3,Hip problems
194794,2022-01-05,2022-01-10,6.0,2,Corona virus
194794,2022-01-13,2022-02-04,23.0,3,Meniscus injury
194794,2023-01-24,2023-02-17,25.0,5,Hip injury
194794,2023-12-23,2024-02-26,66.0,13,Hamstring muscle injury
194799,2020-09-21,2020-09-26,6.0,1,Facial fracture
194799,2020-12-31,2021-01-15,16.0,3,Knee problems
194799,2021-02-04,2021-02-05,2.0,0,Hamstring strain
194799,2021-12-17,2022-01-14,29.0,3,Hamstring injury
194799,2022-03-01,2022-05-01,62.0,14,Groin surgery
194799,2024-11-10,2025-02-17,100.0,16,Ankle injury
194799,2026-02-22,,219.0,13,Knee injury
195384,2021-04-01,2021-06-01,62.0,11,Knee injury
195384,2021-11-26,2021-12-17,22.0,6,Hamstring injury
195384,2023-01-18,2023-02-12,26.0,4,Hamstring injury
195384,2023-08-11,2023-08-24,14.0,2,Calf injury
195384,2024-08-30,2024-10-01,33.0,9,Shoulder injury
195384,2024-11-28,2024-12-02,5.0,1,Knee injury
195384,2025-01-24,2025-01-28,5.0,1,Knock
195384,2025-04-21,2025-04-28,8.0,1,unknown injury
195384,2026-01-30,2026-05-24,115.0,28,Foot surgery
195473,2020-11-15,2020-11-21,7.0,1,bruise
195473,2022-01-29,2022-06-30,153.0,29,Hamstring injury
195473,2022-10-29,2023-09-28,335.0,46,Hamstring injury
195473,2023-11-04,2023-12-24,51.0,8,Hamstring injury
195473,2024-03-04,2024-04-29,57.0,9,Hamstring injury
195473,2024-11-02,2024-12-09,38.0,7,Thigh problems
195473,2025-08-01,2025-08-18,18.0,3,Fitness
195473,2025-09-11,2025-10-03,23.0,4,Groin strain
195473,2026-03-22,2026-08-11,143.0,8,Knee surgery
195473,2026-09-05,2026-09-15,11.0,2,concussion
195480,2021-08-01,2021-12-13,135.0,18,Back injury
195480,2023-12-11,2024-04-07,119.0,23,Torn ankle ligaments
195480,2025-01-05,,252.0,27,Calf injury
195546,2020-09-01,2020-09-30,30.0,4,Shin injury
195546,2023-08-09,2024-07-01,328.0,69,Cruciate ligament tear
195546,2025-10-27,2025-11-07,12.0,1,Foot injury
195728,2020-09-05,2020-09-09,5.0,3,Quarantine
195728,2021-03-18,2021-04-08,22.0,8,Hip injury
195728,2023-01-09,2023-01-28,20.0,2,Herniated disc
195728,2023-10-07,2023-10-19,13.0,3,Knock
195735,2020-07-02,2020-07-06,5.0,1,Muscle fatigue
195735,2022-03-30,2022-04-10,12.0,1,Virus
195735,2023-01-28,2023-03-15,47.0,9,Knee injury
195735,2023-04-08,2023-04-17,10.0,3,Calf injury
195735,2023-04-20,2023-08-20,123.0,10,Knee injury
195735,2023-09-08,2023-10-20,43.0,7,Fitness
195735,2023-12-03,2023-12-18,16.0,3,Hamstring injury
195735,2023-12-18,2023-12-21,4.0,1,Fitness
195735,2024-05-17,2024-05-19,3.0,1,bruise
195735,2024-11-21,2025-01-20,61.0,9,Muscle injury
195851,2020-11-22,2020-12-01,10.0,2,bruise
195851,2021-02-18,2021-02-26,9.0,3,Knock
195851,2021-08-26,2021-09-16,22.0,6,Groin injury
195851,2022-02-22,2022-03-02,9.0,2,Ill
195851,2022-04-06,2022-04-18,13.0,2,Foot injury
195851,2023-01-27,2023-02-18,23.0,6,unknown injury
195851,2023-04-09,2023-05-11,33.0,8,unknown injury
195851,2024-04-05,2024-06-13,70.0,12,Knee injury
195851,2024-04-05,2024-04-20,16.0,2,unknown injury
195851,2025-03-29,2025-04-02,5.0,1,flu
195851,2025-06-08,2025-06-14,7.0,1,Knee problems
195851,2025-07-22,2025-08-04,14.0,0,Muscle fatigue
195851,2025-10-17,2025-10-19,3.0,1,Ankle problems
195851,2026-02-07,2026-03-04,26.0,4,Calf problems
195851,2026-02-09,2026-03-09,29.0,5,Tendonitis
195851,2026-09-01,2026-10-01,31.0,4,heart problems
195864,2020-10-22,2021-01-15,86.0,13,Knee injury
195864,2021-07-23,2021-11-04,105.0,20,Knee surgery
195864,2025-02-23,2025-04-01,38.0,5,Ankle injury
195899,2021-05-12,2021-05-22,11.0,3,Muscle fatigue
195899,2022-01-05,2022-01-09,5.0,2,unknown injury
195899,2022-08-29,2022-09-07,10.0,2,Ill
195899,2022-11-14,2022-12-27,44.0,3,unknown injury
195899,2023-01-20,2023-02-19,31.0,5,Knee injury
195899,2023-04-01,2023-04-18,18.0,5,Meniscus injury
195899,2023-04-18,2023-07-09,83.0,14,Knee surgery
195899,2023-09-17,2023-10-04,18.0,5,Hamstring injury
195899,2023-12-03,2023-12-22,20.0,4,Adductor injury
195899,2024-08-04,2025-01-27,177.0,32,Cruciate ligament tear
195899,2025-02-02,2025-07-16,165.0,18,Hamstring injury
195899,2025-09-01,,13.0,0,Inflammation in the knee
195899,2026-01-06,2026-01-09,4.0,1,muscular problems
195899,2026-03-21,2026-04-09,20.0,4,Adductor injury
196118,2020-12-21,2020-12-28,8.0,1,Hamstring injury
196118,2022-03-03,2022-04-26,55.0,10,Inner ligament injury
196118,2022-07-17,2022-08-11,26.0,4,Ankle injury
196118,2025-05-23,2025-08-23,93.0,15,Lumbar vertebra problems
196411,2025-01-03,2025-03-01,58.0,10,Knee injury
196411,2025-03-01,2025-03-17,17.0,3,Fitness
197024,2021-01-22,2021-02-01,11.0,3,muscular problems
197024,2023-12-09,2024-03-11,94.0,17,Ankle injury
197030,2021-02-02,2021-02-12,11.0,3,Ill
197030,2022-07-27,2022-09-02,38.0,7,fracture
197030,2022-10-25,2022-11-01,8.0,2,stomach problems
197030,2022-10-25,2022-11-01,8.0,2,Stomach problems
197030,2024-02-22,2025-04-12,416.0,50,unknown injury
197365,2020-07-20,2020-07-25,6.0,1,Neck injury
197365,2020-10-18,2020-12-01,45.0,11,Muscle injury
197365,2021-01-21,2021-01-29,9.0,2,Knock
197365,2021-02-03,2021-02-13,11.0,2,Knock
197365,2021-03-17,2021-03-25,9.0,2,Knock
197365,2021-03-31,2021-04-20,21.0,5,Corona virus
197365,2022-02-03,2022-02-16,14.0,4,Ankle injury
197365,2022-09-14,2022-09-29,16.0,3,Thigh problems
197365,2022-10-21,2022-12-22,63.0,8,Dead leg
197365,2023-10-08,2023-10-29,22.0,3,Shoulder injury
197365,2023-10-08,2023-10-29,22.0,3,Hamstring strain
197365,2023-11-09,2023-11-17,9.0,2,Neck injury
197365,2023-11-22,2023-12-06,15.0,3,Hamstring strain
197365,2024-02-03,2024-02-16,14.0,3,Muscle injury
197365,2024-11-04,2024-12-04,31.0,4,Muscle injury
197469,2021-12-11,2021-12-26,16.0,2,Corona virus
197469,2022-05-15,2022-05-19,5.0,1,Groin strain
197469,2022-12-11,2023-01-08,29.0,6,Knee injury
197469,2023-04-21,2023-04-25,5.0,1,Ill
197469,2024-10-03,2024-11-10,39.0,5,Shoulder injury
197469,2026-01-31,2026-03-05,34.0,6,Knee injury
197937,2020-10-08,2020-10-17,10.0,0,Knock
197937,2020-12-28,2020-12-28,1.0,0,Back injury
197937,2021-09-21,2021-11-07,48.0,10,Heel injury
197937,2024-02-18,2024-04-05,48.0,8,muscular problems
197937,2024-09-02,2024-09-17,16.0,1,muscular problems
197937,2024-11-20,2024-11-26,7.0,1,Calf problems
197937,2025-01-29,2025-02-02,5.0,1,Knock
197937,2025-05-11,2025-05-26,16.0,1,Foot bruise
197937,2025-12-03,2025-12-05,3.0,1,Knock
197937,2026-02-06,2026-02-12,7.0,1,Knock
197937,2026-07-20,,71.0,5,Achilles tendon problems
198826,2020-10-26,2020-11-06,12.0,1,Hamstring injury
198826,2022-08-06,2022-11-05,92.0,15,Broken fibula
198826,2023-04-30,2023-05-30,31.0,5,Adductor injury
198826,2024-09-07,2024-09-26,20.0,3,Lumbago
198826,2024-11-18,2024-11-26,9.0,2,unknown injury
198826,2026-05-04,2026-05-15,12.0,1,unknown injury
198842,2020-09-17,2020-09-30,14.0,2,unknown injury
198842,2021-05-13,2021-07-31,80.0,2,Metatarsal fracture
198842,2024-03-11,2024-05-10,61.0,8,Knee injury
198842,2025-02-12,2025-02-28,17.0,3,Leg injury
198842,2025-03-13,2025-03-20,8.0,1,muscular problems
198842,2025-03-26,2025-04-17,23.0,3,Appendectomy
198842,2025-07-18,2025-08-28,42.0,7,Ankle injury
198842,2026-03-09,2026-05-07,60.0,10,Leg injury
198849,2020-11-19,2020-11-30,12.0,3,Corona virus
198849,2022-01-25,2022-02-03,10.0,2,Corona virus
198849,2022-02-20,2022-02-25,6.0,1,unknown injury
198849,2022-04-21,2022-04-25,5.0,1,Injury to abdominal muscles
198849,2023-07-05,2023-08-03,30.0,2,Internal ligament strain
198849,2025-05-23,2025-05-31,9.0,2,Rest
198849,2025-06-05,2025-06-07,3.0,0,flu
198869,2022-04-25,2022-05-15,21.0,3,Hamstring injury
198869,2023-11-09,2023-11-20,12.0,1,Knee injury
198869,2024-09-23,2024-10-07,15.0,4,Knee injury
198869,2024-11-11,2025-02-10,92.0,21,Knee surgery
198869,2025-04-11,2025-04-15,5.0,1,unknown injury
198869,2025-04-21,2025-04-28,8.0,1,Knee problems
198869,2025-08-17,,28.0,4,Knock
198869,2025-12-13,2025-12-29,17.0,3,Hamstring injury
198869,2026-02-20,2026-03-09,18.0,4,Knock
198869,2026-05-14,2026-07-20,68.0,3,Knee injury
198869,2026-09-18,2026-10-10,23.0,1,Hamstring injury
199056,2022-03-05,2022-06-23,111.0,21,Hamstring injury
199056,2022-10-01,2022-10-20,20.0,4,unknown injury
199056,2023-04-08,2023-05-05,28.0,5,Knee injury
199056,2023-08-01,2023-11-01,93.0,15,Knee problems
199056,2024-02-28,2026-03-04,736.0,29,minor knock
199056,2024-03-09,2024-04-15,38.0,9,Knee injury
199056,2024-10-21,2024-10-30,10.0,1,Knee problems
199056,2025-01-01,2025-01-15,15.0,2,Knee injury
199056,2025-04-12,2025-04-28,17.0,3,Knee bruise
199056,2025-09-28,2025-10-02,5.0,1,Knee problems
199056,2025-12-03,2025-12-30,28.0,7,Toe injury
199056,2026-01-02,2026-01-05,4.0,1,Rest
199056,2026-03-08,2026-03-12,5.0,1,Ill
199056,2026-08-18,2026-08-26,9.0,2,Knee problems
199170,2021-09-12,2021-09-28,17.0,2,Hamstring injury
199170,2022-01-04,2022-01-11,8.0,2,Corona virus
199170,2022-08-15,2023-03-17,215.0,44,Hamstring injury
199249,2020-09-07,2020-09-25,19.0,2,ankle sprain
199249,2020-09-07,2020-09-25,19.0,2,Ankle sprain
199249,2021-01-26,2021-02-19,25.0,7,Muscle injury
199249,2022-02-15,2022-02-22,8.0,1,Corona virus
199249,2022-04-30,2022-06-30,62.0,5,Groin problems
199249,2022-08-21,2022-10-27,68.0,14,Pubalgia
199249,2023-02-20,2023-03-13,22.0,3,Hamstring injury
199249,2026-02-19,2026-03-10,20.0,3,Knee injury
199249,2026-03-20,2026-04-09,21.0,2,Muscle injury
199249,2026-04-13,2026-05-07,25.0,4,unknown injury
199584,2020-08-22,2020-09-28,38.0,7,Hamstring strain
199584,2020-09-30,2020-11-25,57.0,15,Thigh problems
199584,2020-12-15,2020-12-26,12.0,3,Shoulder injury
199584,2022-02-04,2022-06-30,147.0,20,Knee injury
199584,2022-10-10,2022-10-17,8.0,2,Knock
199584,2023-08-01,2023-10-29,90.0,11,Knee problems
199598,2020-11-01,2020-11-21,21.0,4,Knock
199598,2020-11-23,2020-12-12,20.0,2,Groin injury
199598,2024-09-28,2024-12-03,67.0,16,Knee injury
199598,2025-02-24,2025-04-15,51.0,11,Knee injury
199598,2025-08-22,2025-09-01,11.0,3,Inner ligament injury
199670,2020-08-24,2020-08-31,8.0,2,Hamstring strain
199670,2020-10-06,2020-10-26,21.0,3,Corona virus
199670,2021-01-09,2021-01-19,11.0,2,Quarantine
199670,2022-11-04,2022-11-11,8.0,2,Dead leg
199670,2023-04-10,2023-04-16,7.0,0,Injury to the ankle
199670,2023-09-24,2023-10-08,15.0,2,Hamstring injury
199670,2023-12-10,2023-12-29,20.0,3,Knee injury
199670,2024-03-13,2024-04-15,34.0,1,Knee injury
199670,2025-08-27,2025-09-11,16.0,2,Achilles tendon contusion
199670,2025-10-05,2025-10-17,13.0,0,Muscle injury
199670,2026-01-12,2026-01-19,8.0,1,Knock
199796,2021-02-18,2021-03-07,18.0,4,Hamstring injury
199796,2022-09-03,2022-09-28,26.0,4,Tendon rupture
199796,2023-03-29,2023-05-03,36.0,7,Calf injury
199796,2023-05-04,2023-05-08,5.0,1,Fitness
199796,2023-12-29,2023-12-31,3.0,1,Ill
199796,2024-03-21,2024-04-12,23.0,5,Hamstring injury
199796,2024-05-12,2024-06-12,32.0,4,Calf injury
199796,2024-08-24,2024-10-08,46.0,11,Hamstring injury
199796,2024-11-05,2024-11-11,7.0,2,Calf injury
199796,2025-01-30,2025-02-17,19.0,3,Muscle injury
199796,2025-02-24,2025-03-03,8.0,2,unknown injury
199796,2026-02-08,2026-02-20,13.0,2,Knee problems
199796,2026-03-11,2026-03-16,6.0,2,Calf problems
199798,2020-12-13,2020-12-25,13.0,2,bruise
199798,2022-05-15,2022-07-10,57.0,7,Knee injury
199798,2024-02-04,2024-03-01,27.0,4,Knee injury
199798,2024-11-22,2024-11-24,3.0,1,Hip problems
199798,2025-02-09,2025-02-22,14.0,4,Hamstring injury
200089,2021-12-21,2021-12-31,11.0,1,Corona virus
200089,2022-04-04,2022-04-10,7.0,1,Knee injury
200089,2022-05-01,2022-05-25,25.0,3,Knee injury
200089,2023-05-18,2023-06-05,19.0,3,Hamstring injury
200089,2023-08-01,2023-10-23,84.0,12,Hamstring injury
200089,2023-11-24,2024-02-23,92.0,18,Achilles tendon problems
200089,2024-04-06,2024-05-20,45.0,8,Achilles tendon problems
200089,2024-08-28,2024-09-11,15.0,2,Thigh problems
200089,2025-01-11,2025-01-14,4.0,1,Muscle injury
200089,2025-04-03,2025-04-15,13.0,2,concussion
200089,2025-07-31,2025-08-25,26.0,2,Calf injury
200402,2022-04-30,2022-08-12,105.0,10,Hamstring injury
200402,2025-01-04,2025-01-14,11.0,2,Hamstring strain
200402,2025-08-27,2025-09-18,23.0,4,Muscle injury
200402,2025-12-06,2026-01-13,39.0,6,Partial muscle tear
200402,2026-01-13,2026-01-15,3.0,1,Fitness
200402,2026-03-01,2026-03-31,31.0,6,Inner knee ligament tear
200402,2026-03-31,2026-04-02,3.0,1,Fitness
200428,2024-01-25,2024-01-30,6.0,1,influenza
200428,2025-05-17,2025-05-19,3.0,1,pneumonia
200439,2020-12-30,2021-01-15,17.0,1,Head injury
200439,2021-06-01,2021-06-04,4.0,1,Quarantine
200439,2024-11-03,2024-11-21,19.0,4,Hamstring injury
200439,2025-11-23,2025-11-27,5.0,1,Stomach flu
200439,2026-02-03,2026-02-06,4.0,1,Muscle fatigue
200439,2026-02-16,2026-02-27,12.0,1,Calf muscle tear
200439,2026-04-30,2026-05-05,6.0,1,Hamstring injury
200439,2026-09-13,2026-10-11,29.0,2,Adductor injury
200617,2020-12-27,2020-12-28,2.0,0,Knock
200617,2021-04-09,2021-04-14,6.0,1,Knock
200617,2021-04-30,2021-05-21,22.0,5,unknown injury
200617,2023-05-07,2023-05-21,15.0,5,Hamstring injury
200617,2024-08-29,2024-10-16,49.0,10,Hamstring injury
200617,2025-09-15,2025-09-22,8.0,1,Muscle injury
200617,2025-09-29,2025-10-13,15.0,2,Ankle injury
200617,2025-11-30,2026-02-01,64.0,12,Hamstring injury
200617,2026-04-01,2026-04-21,21.0,3,Adductor injury
200641,2020-10-29,2020-11-23,26.0,5,Knee injury
200641,2020-12-03,2021-01-11,40.0,11,Head injury
200641,2021-09-09,2021-10-04,26.0,6,Groin injury
200641,2022-02-03,2022-02-10,8.0,1,Corona virus
200641,2022-02-15,2022-03-07,21.0,3,Knock
200641,2022-05-12,2022-05-26,15.0,2,minor knock
200641,2022-08-08,2022-10-03,57.0,8,Thigh problems
200641,2022-12-22,2023-02-12,53.0,9,Thigh problems
200641,2024-12-06,2025-06-01,178.0,28,Hamstring injury
200641,2025-09-19,2025-10-06,18.0,3,Ill
200641,2025-12-05,2025-12-22,18.0,4,Knock
200641,2026-02-27,2026-03-11,13.0,3,Calf injury
200641,2026-09-02,2026-09-18,17.0,3,Fitness
200720,2021-10-22,2021-11-01,11.0,3,Ill
200720,2022-06-15,2022-09-28,106.0,11,Hamstring injury
200720,2024-10-04,2024-10-07,4.0,1,Ill
200785,2020-10-24,2020-10-25,2.0,1,Inner ligament injury
200785,2021-05-03,2021-05-31,29.0,5,Back problems
200785,2021-09-24,2021-09-30,7.0,2,muscular problems
200785,2022-04-01,2022-04-08,8.0,2,Thigh problems
200785,2023-03-15,2023-06-07,85.0,15,Hamstring injury
200785,2023-09-28,2024-03-04,159.0,29,Hamstring injury
200785,2024-04-05,2024-05-05,31.0,6,Back injury
200785,2024-07-15,2024-10-07,85.0,10,Back injury
200785,2024-12-06,2024-12-09,4.0,1,Muscle fatigue
200785,2024-12-27,2024-12-30,4.0,1,Muscle injury
200785,2025-12-15,2026-02-16,64.0,10,Knee medial ligament tear
200785,2026-03-13,2026-04-01,20.0,4,Hamstring injury
200826,2020-08-22,2020-09-16,26.0,1,Hamstring strain
200826,2020-10-02,2020-10-21,20.0,4,Muscle injury
200826,2020-11-22,2020-11-28,7.0,1,Knock
200826,2020-12-20,2021-03-14,85.0,23,Hamstring injury
200826,2021-09-09,2021-09-17,9.0,3,Quarantine
200826,2021-11-18,2021-12-15,28.0,5,Knee injury
200826,2021-12-25,2021-12-30,6.0,2,Shin injury
200826,2022-10-31,2022-12-19,50.0,12,Torn muscle bundle
200826,2022-10-31,2022-12-19,50.0,12,Muscle tear
200826,2023-08-29,2023-10-05,38.0,7,Hamstring injury
200826,2023-12-14,2023-12-22,9.0,1,unknown injury
200826,2024-01-06,2024-02-11,37.0,5,Muscle injury
200826,2024-05-15,2024-05-20,6.0,1,Knee problems
200826,2024-10-17,2024-11-18,33.0,7,Hamstring injury
200826,2025-01-12,2025-02-01,21.0,3,Adductor injury
200826,2025-02-16,2025-03-25,38.0,8,Muscle injury
200826,2025-05-19,2025-08-11,85.0,2,muscular problems
200826,2026-01-17,2026-04-05,79.0,17,Hamstring injury
200834,2020-10-25,2020-11-02,9.0,2,Torn muscle fiber
200834,2022-01-04,2022-01-17,14.0,2,Corona virus
200834,2023-01-16,2023-02-23,39.0,8,Hamstring injury
200834,2023-03-09,2023-06-15,99.0,12,Hamstring injury
200834,2024-11-02,2024-11-27,26.0,4,Torn muscle fiber
200834,2025-04-24,2025-06-01,39.0,4,Torn muscle fiber
200834,2025-08-18,2025-08-26,9.0,2,Fitness
200834,2026-02-23,2026-03-16,22.0,4,Calf injury
200878,2021-10-03,2021-10-25,23.0,3,Bruise on ankle
200878,2026-04-18,2026-05-18,31.0,5,Ankle injury
201057,2020-07-24,2020-07-30,7.0,1,Knock
201057,2020-09-14,2020-10-25,42.0,10,Adductor pain
201057,2020-11-09,2020-11-29,21.0,6,surgery
201057,2021-01-08,2021-01-19,12.0,3,Corona virus
201057,2021-03-20,2021-03-30,11.0,3,Adductor pain
201057,2023-03-03,2023-03-04,2.0,1,Ill
201084,2021-03-01,2022-01-07,313.0,36,Cruciate ligament tear
201084,2022-03-18,2022-07-29,134.0,8,Hamstring injury
201084,2023-08-31,2023-10-09,40.0,7,Knee injury
201084,2023-10-10,2023-12-31,83.0,15,Fitness
201658,2022-11-13,2023-02-06,86.0,8,Hamstring injury
201658,2023-02-24,2023-03-20,25.0,4,Hamstring injury
201658,2023-04-28,2023-06-28,62.0,5,Hamstring injury
201658,2024-04-07,2024-05-05,29.0,5,Hamstring injury
201658,2024-12-09,2025-01-24,47.0,8,Thigh problems
201658,2025-03-28,2025-04-11,15.0,3,Foot injury
201658,2026-01-20,2026-02-23,35.0,4,Hamstring injury
201666,2021-02-28,2021-06-30,123.0,16,Knee injury
201666,2021-12-15,2022-01-15,32.0,4,unknown injury
201666,2022-08-05,2022-08-17,13.0,2,Knee injury
201666,2023-04-08,2023-04-23,16.0,3,Hamstring injury
201666,2023-09-24,2024-02-01,131.0,27,Foot injury
201666,2024-03-02,2024-03-30,29.0,4,Hamstring injury
201666,2025-01-12,2025-02-14,34.0,7,Thigh problems
201895,2020-11-30,2020-12-07,8.0,1,Hip bruise
201895,2021-12-11,2021-12-22,12.0,3,Corona virus
201895,2022-01-22,2022-02-06,16.0,5,Adductor injury
201895,2022-08-20,2022-09-27,39.0,8,Pubalgia
201895,2024-09-12,2024-09-15,4.0,1,Knee problems
201895,2025-02-24,2025-03-05,10.0,1,Hip problems
201895,2025-10-24,2025-11-17,25.0,3,Head injury
202641,2022-04-16,2022-06-30,76.0,7,Groin injury
202641,2025-07-12,2025-08-18,38.0,1,Hamstring injury
202641,2025-11-30,2025-12-04,5.0,1,Rest
202641,2025-12-16,2025-12-18,3.0,1,Rest
202641,2026-01-13,2026-01-15,3.0,1,Rest
202641,2026-01-31,2026-02-04,5.0,1,Rest
202641,2026-03-02,2026-03-04,3.0,1,Rest
202641,2026-05-13,2026-05-19,7.0,1,unknown injury
202993,2021-03-04,2021-03-18,15.0,3,Corona virus
202993,2022-02-25,2022-03-04,8.0,2,Ankle injury
202993,2022-05-23,2022-06-13,22.0,3,Back problems
202993,2022-08-28,2022-09-01,5.0,2,Head injury
202993,2022-12-03,2023-01-16,45.0,5,Adductor pain
202993,2023-02-12,2023-10-24,255.0,36,Cruciate ligament tear
202993,2023-11-27,2023-12-29,33.0,6,Torn ankle ligaments
202993,2024-08-20,2024-08-31,12.0,1,Head injury
202993,2025-01-09,2025-01-22,14.0,3,concussion
202993,2026-01-08,2026-04-13,96.0,18,Hamstring injury
203341,2020-09-21,2020-12-03,74.0,18,Adductor injury
203341,2021-01-28,2021-02-08,12.0,3,Hamstring strain
203341,2022-03-17,2022-05-30,75.0,20,Knee injury
203341,2023-12-29,2024-03-03,66.0,22,unknown injury
203341,2024-12-09,2025-02-07,61.0,11,Hamstring injury
203341,2025-09-09,2025-09-20,12.0,2,Hamstring strain
203341,2026-01-10,2026-01-27,18.0,4,Hamstring strain
203341,2026-04-05,2026-04-20,16.0,2,Hamstring strain
203341,2026-07-21,2026-07-31,11.0,2,Ligament injury
203368,2020-10-02,2020-12-11,71.0,7,Chest injury
203368,2024-10-22,2024-10-28,7.0,1,unknown injury
203389,2021-01-05,2021-02-05,32.0,6,bruise
203389,2021-12-17,2021-12-27,11.0,1,Corona virus
203389,2022-01-22,2022-03-17,55.0,11,Groin injury
203389,2023-04-15,2023-05-01,17.0,5,Muscle injury
203389,2025-02-19,2025-02-28,10.0,1,Hip problems
203389,2025-03-11,2025-03-31,21.0,5,muscular problems
203389,2025-09-13,2025-11-18,67.0,12,Knee bruise
203389,2026-01-18,2026-03-13,55.0,14,Foot injury
203389,2026-05-09,2026-06-30,53.0,2,muscular problems
203389,2026-08-29,2026-09-22,25.0,5,Back problems
204120,2021-02-18,2021-02-24,7.0,2,Head injury
204120,2021-03-18,2021-04-01,15.0,1,Muscle injury
204120,2022-03-09,2022-03-12,4.0,1,Ill
204120,2022-04-11,2023-02-07,303.0,39,Knee injury
204120,2024-07-27,2024-08-07,12.0,1,Shoulder injury
204214,2020-10-14,2020-10-31,18.0,4,Muscle injury
204214,2020-12-14,2020-12-17,4.0,1,Muscle injury
204214,2021-03-26,2021-04-22,28.0,7,Muscle injury
204214,2023-02-19,2023-03-01,11.0,1,muscular problems
204214,2023-09-30,2023-11-08,40.0,9,Muscle injury
204214,2023-11-09,2023-12-27,49.0,12,Muscle injury
204214,2024-04-14,2024-08-31,140.0,17,Ankle injury
204214,2025-01-24,2025-02-22,30.0,5,Muscle injury
204214,2025-09-08,2025-09-11,4.0,1,Stress reaction of the bone
204214,2025-09-09,,5.0,0,Stress reaction of the bone
204214,2025-10-12,2025-10-31,20.0,4,Ankle problems
204480,2021-04-01,2021-05-10,40.0,6,Knee injury
204480,2022-03-04,2022-03-06,3.0,1,Ill
204480,2023-05-02,2023-05-05,4.0,1,Ill
204480,2024-11-04,2024-11-19,16.0,4,Broken toe
204480,2025-05-08,2025-05-15,8.0,1,Strain in the thigh and gluteal muscles
204480,2025-12-28,2026-01-01,5.0,1,Knee problems
204580,2021-10-01,2021-10-27,27.0,3,Hamstring injury
204580,2021-12-24,2021-12-30,7.0,2,Corona virus
204580,2023-03-15,2023-04-06,23.0,4,Knee injury
204580,2025-04-29,2025-09-13,138.0,10,Heel injury
204580,2026-02-22,2026-04-30,68.0,8,Metatarsal fracture
204642,2021-04-22,2021-09-08,140.0,14,Ankle injury
204646,2021-10-25,2021-10-28,4.0,1,Stomach flu
204646,2022-04-07,2022-07-14,99.0,10,strain
204646,2022-08-18,2022-09-12,26.0,5,Torn muscle fiber
204646,2022-10-20,2022-10-24,5.0,1,cold
204646,2023-03-02,2023-03-04,3.0,1,Ankle problems
204646,2024-03-26,2024-04-11,17.0,3,Thigh problems
204646,2024-04-14,2024-04-29,16.0,3,Knee problems
204646,2024-09-29,2024-10-03,5.0,1,Fever
204646,2025-02-26,2025-03-03,6.0,1,Ill
204646,2026-09-21,,8.0,0,unknown injury
204676,2020-07-13,2020-07-16,4.0,1,unknown injury
204676,2021-12-05,2021-12-16,12.0,2,Hip injury
204676,2022-02-25,2022-03-03,7.0,1,Corona virus
204676,2023-03-20,2023-04-03,15.0,3,unknown injury
204676,2025-03-24,2025-04-04,12.0,2,Calf injury
204676,2025-04-17,2025-05-31,45.0,7,ankle sprain
204676,2025-04-17,2025-05-31,45.0,7,Ankle sprain
204676,2026-09-01,2026-09-09,9.0,1,Fitness
204716,2020-07-01,2020-10-15,107.0,15,Torn muscle fiber
204716,2020-12-17,2021-02-04,50.0,9,Ankle injury
204716,2022-08-01,2022-09-25,56.0,10,Knee injury
204716,2022-10-12,2022-10-23,12.0,4,Muscle injury
204716,2022-11-10,2022-12-27,48.0,10,Knock
204716,2023-01-30,2023-02-27,29.0,5,Muscle injury
204716,2023-04-23,2023-04-27,5.0,1,minor knock
204716,2023-08-25,2023-09-14,21.0,4,Muscle injury
204716,2023-11-10,2023-11-22,13.0,3,Hamstring injury
204716,2024-03-07,2024-03-19,13.0,4,Thigh problems
204716,2024-11-28,2024-12-31,34.0,8,Knee injury
204716,2026-09-24,,5.0,0,Ligament injury
204727,2023-02-03,2023-02-18,16.0,3,Hip injury
204727,2023-03-31,2023-06-30,92.0,10,Muscle injury
204814,2022-02-14,2022-03-27,42.0,9,Ankle ligament tear
204822,2022-01-01,2022-01-12,12.0,1,Corona virus
204822,2022-07-20,2023-06-30,346.0,45,Broken leg
204822,2024-05-09,2024-05-18,10.0,3,unknown injury
204822,2025-10-01,2026-01-12,104.0,11,Knee injury
204863,2020-09-01,2020-10-18,48.0,6,Ankle injury
204863,2022-03-15,2022-04-03,20.0,6,Calf injury
204863,2022-10-10,2022-10-25,16.0,3,Ankle injury
204863,2024-08-15,2024-10-01,48.0,10,Fitness
204863,2024-08-15,2024-10-01,48.0,10,unknown injury
204863,2025-01-26,2025-02-07,13.0,1,Knock
204863,2026-05-25,2026-06-30,37.0,2,unknown injury
204936,2020-10-26,2020-10-30,5.0,2,Corona virus
204936,2021-07-14,2021-08-16,34.0,3,Fitness
204936,2022-01-10,2022-01-14,5.0,0,Corona virus
204936,2024-09-15,2024-09-28,14.0,3,Hamstring injury
204936,2024-12-19,2025-01-03,16.0,1,Facial injury
204968,2023-01-21,2023-02-24,35.0,6,Ill
204968,2023-03-17,2023-05-08,53.0,9,Shoulder injury
204968,2025-12-06,2026-01-10,36.0,0,Thigh problems
205533,2021-08-03,2021-11-25,115.0,22,Ankle injury
205533,2023-03-02,2023-04-13,43.0,9,Ankle injury
205533,2025-02-06,2025-02-11,6.0,1,Ankle injury
205533,2025-08-02,2025-10-18,78.0,13,Hamstring injury
205533,2025-10-30,2025-11-21,23.0,3,Thigh problems
205533,2025-12-31,2026-03-31,91.0,17,Thigh problems
205533,2026-04-08,2026-06-15,69.0,13,Hamstring injury
205651,2020-09-22,2020-11-02,42.0,11,Knock
205651,2020-12-16,2020-12-20,5.0,1,Knock
205651,2020-12-23,2021-01-04,13.0,2,Corona virus
205651,2022-02-03,2022-02-23,21.0,5,Muscle injury
205651,2022-12-02,2023-03-11,100.0,17,Knee injury
205651,2023-08-02,2023-08-26,25.0,4,Knee injury
205651,2023-10-24,2023-11-19,27.0,6,Hamstring injury
205651,2024-01-05,2024-01-18,14.0,1,Knee injury
205651,2024-02-02,2024-02-24,23.0,5,Knee injury
205651,2024-08-20,2024-09-04,16.0,2,Groin injury
205651,2025-01-13,2025-11-22,314.0,44,Cruciate ligament tear
205651,2025-12-05,2025-12-07,3.0,1,Rest
205836,2022-03-19,2022-03-26,8.0,1,Corona virus
205836,2024-11-10,2024-11-25,16.0,1,unknown injury
205836,2025-09-11,2025-09-21,11.0,1,unknown injury
206325,2020-09-20,2020-09-25,6.0,2,Muscle injury
206325,2020-09-28,2020-10-20,23.0,6,Knock
206325,2020-11-18,2020-11-30,13.0,3,Quarantine
206325,2020-12-02,2020-12-18,17.0,4,Knock
206325,2021-07-31,2021-08-08,9.0,1,Fitness
206325,2021-09-17,2021-10-14,28.0,7,unknown injury
206325,2022-01-01,2022-01-31,31.0,4,Corona virus
206325,2022-08-26,2022-09-03,9.0,2,Knee problems
206325,2022-09-16,2022-11-01,47.0,11,Calf injury
206325,2023-04-14,2023-04-17,4.0,1,unknown injury
206325,2023-05-07,2023-08-18,104.0,6,Calf muscle tear
206325,2023-12-30,2024-01-18,20.0,2,Calf problems
206325,2024-02-04,2024-03-08,34.0,6,Calf problems
206325,2024-09-14,2024-10-21,38.0,8,Calf injury
206325,2024-12-05,2024-12-22,18.0,5,Knock
206325,2025-09-28,2025-10-17,20.0,2,Muscle injury
206325,2025-10-24,2025-12-08,46.0,9,Groin injury
206325,2026-02-14,,227.0,13,Torn knee ligaments
206915,2021-10-05,2021-10-10,6.0,1,Groin problems
206915,2021-10-12,2021-10-21,10.0,2,Groin injury
206915,2021-11-02,2022-01-02,62.0,16,Eye injury
206915,2022-08-04,2022-08-28,25.0,4,Calf injury
206915,2022-09-01,2022-10-13,43.0,9,Stress reaction of the bone
206915,2022-12-07,2022-12-31,25.0,3,Shin injury
206915,2023-08-16,2023-08-30,15.0,2,Ankle injury
206915,2023-11-01,2023-11-24,24.0,4,Thigh problems
206915,2024-02-18,2024-04-02,45.0,9,ankle sprain
206915,2024-02-18,2024-04-02,45.0,9,Ankle sprain
206915,2024-08-24,2024-09-11,19.0,2,Muscle injury
206915,2025-01-21,2025-01-31,11.0,3,Muscle injury
206915,2025-09-01,2025-09-26,26.0,2,Muscle injury
206915,2025-10-26,2025-11-02,8.0,2,Adductor pain
206915,2026-01-27,2026-01-29,3.0,1,Ill
207189,2020-11-08,2020-11-21,14.0,2,bruise
207189,2020-12-18,2021-03-21,94.0,20,surgery
207189,2021-08-29,2021-09-13,16.0,4,Corona virus
207189,2021-09-17,2021-11-22,67.0,16,Hamstring injury
207189,2022-10-05,2022-12-05,62.0,11,Torn ankle ligaments
207189,2024-12-23,2025-01-17,26.0,5,Ankle injury
207189,2026-05-01,2026-05-04,4.0,1,Virus
207283,2021-07-07,2021-08-31,56.0,4,Leg injury
207283,2024-09-06,2024-10-26,51.0,7,Calf injury
207283,2024-11-30,2025-01-01,33.0,8,Hamstring injury
207283,2025-02-17,2025-03-08,20.0,3,Adductor injury
207283,2025-03-14,2025-04-04,22.0,2,Ill
207283,2026-08-26,2026-09-14,20.0,3,Muscle strain
208706,2021-01-01,2021-01-11,11.0,2,Corona virus
208706,2022-08-25,2022-09-16,23.0,3,Hamstring injury
208706,2023-02-01,2023-02-20,20.0,3,Ankle injury
208706,2026-02-13,2026-04-16,63.0,14,Hamstring injury
208706,2026-08-17,2026-08-30,14.0,1,Hamstring injury
208912,2020-09-20,2020-12-30,102.0,20,Broken foot
208912,2020-09-25,2020-12-01,68.0,12,Corona virus
208912,2021-08-01,2021-08-20,20.0,4,Calf problems
208912,2022-01-16,2022-02-05,21.0,3,Rib fracture
208912,2024-09-27,2024-12-04,69.0,12,Broken foot
208912,2025-12-26,2026-01-26,32.0,7,Knock
208973,2021-10-05,2021-11-06,33.0,6,Dead leg
208973,2021-11-18,2021-12-16,29.0,7,Hamstring injury
208973,2022-04-10,2022-05-01,22.0,3,Calf injury
208973,2024-09-21,2024-10-10,20.0,5,Muscle injury
208973,2024-09-21,2024-10-10,20.0,4,Muscle tear
208973,2025-09-09,2025-09-15,7.0,2,Dead leg
208973,2025-11-15,2025-11-24,10.0,3,Adductor pain
208973,2026-01-02,2026-02-25,55.0,7,Muscle tear
209035,2021-03-12,2021-03-15,4.0,1,Ill
209035,2021-07-01,2021-10-31,123.0,14,Knee injury
209035,2023-02-11,2023-03-12,30.0,7,Knee injury
209035,2024-10-27,2025-01-26,92.0,13,Knee injury
209036,2021-03-09,2021-03-19,11.0,3,Groin injury
209036,2023-09-13,2023-09-20,8.0,1,Hip injury
209036,2024-02-03,2024-05-01,89.0,15,Knee problems
209036,2025-05-12,2025-06-07,27.0,2,concussion
209036,2025-11-06,2025-11-21,16.0,3,Ankle injury
209041,2020-10-15,2020-10-30,16.0,2,unknown injury
209041,2024-03-28,2024-04-18,22.0,4,Hamstring injury
209041,2024-08-18,2024-08-29,12.0,3,concussion
209041,2024-11-25,2024-12-31,37.0,6,Calf injury
209041,2025-04-01,2025-05-05,35.0,5,Calf injury
209042,2022-02-05,2022-06-30,146.0,32,Inflammation of pubic bone
209042,2022-07-18,2022-08-29,43.0,7,Foot injury
209042,2023-12-26,2023-12-30,5.0,1,Knock
209042,2024-04-25,2024-04-30,6.0,1,Knock
209042,2025-03-09,2025-03-17,9.0,2,Groin problems
209045,2022-01-07,2022-02-25,50.0,11,unknown injury
209046,2020-12-03,2020-12-21,19.0,5,Hip injury
209046,2022-02-28,2022-05-02,64.0,15,Achilles heel problems
209046,2022-10-13,2022-10-20,8.0,1,Knee problems
209046,2023-01-28,2023-02-01,5.0,1,Knock
209046,2023-04-19,2023-05-09,21.0,4,unknown injury
209046,2023-10-18,2023-11-21,35.0,4,Hamstring injury
209046,2024-12-27,2025-01-03,8.0,1,Knock
209046,2025-01-20,2025-02-10,22.0,2,Groin injury
209046,2025-05-02,2025-05-17,16.0,2,Thigh problems
209046,2025-11-05,2025-11-21,17.0,2,Thigh problems
209046,2026-01-01,2026-01-05,5.0,1,Knock
209046,2026-04-16,2026-07-20,96.0,8,Leg injury
209243,2020-09-29,2020-10-04,6.0,2,infection
209243,2021-03-03,2021-04-19,48.0,12,Torn muscle bundle
209243,2022-04-26,2022-05-08,13.0,3,Tonsillitis
209243,2022-11-01,2022-11-14,14.0,4,Ill
209243,2022-12-26,2023-01-31,37.0,10,depression
209243,2022-12-26,2023-01-31,37.0,10,Depression
209243,2024-01-31,2024-02-04,5.0,1,muscular problems
209243,2024-04-12,2024-04-14,3.0,1,Ill
209243,2024-11-02,2024-11-11,10.0,3,Ill
209243,2025-09-29,2025-10-06,8.0,2,Ill
209243,2026-01-16,2026-01-19,4.0,1,Ill
209243,2026-04-01,2026-04-15,15.0,2,Shoulder injury
209244,2021-08-01,2021-09-09,40.0,4,Foot injury
209244,2023-01-20,2023-01-27,8.0,1,Foot injury
209244,2023-02-04,2023-02-06,3.0,1,Ill
209244,2023-03-26,2023-04-17,23.0,4,Appendectomy
209244,2024-04-26,2024-04-30,5.0,1,Ill
209244,2024-08-21,2024-08-31,11.0,2,Ill
209244,2024-09-03,2024-09-08,6.0,0,cold
209244,2024-12-01,2024-12-09,9.0,3,unknown injury
209244,2025-04-07,2025-04-18,12.0,1,Ankle injury
209244,2025-08-04,2025-08-23,20.0,2,Ankle injury
209244,2025-08-25,2025-09-12,19.0,3,Ankle injury
209289,2020-09-10,2020-12-10,92.0,30,Shoulder injury
209289,2021-03-24,2021-04-12,20.0,9,Thigh problems
209289,2022-02-20,2022-03-09,18.0,2,Ill
209289,2022-09-10,2023-01-09,122.0,20,Groin surgery
209289,2023-01-25,2023-02-16,23.0,4,Thigh problems
209289,2023-10-31,2023-12-10,41.0,9,Knee injury
209289,2024-02-08,2024-02-14,7.0,1,Bruise on ankle
209289,2024-12-16,2024-12-28,13.0,2,bruise
209289,2025-02-23,2025-03-01,7.0,1,Ankle injury
209289,2025-04-18,2025-04-24,7.0,1,minor knock
209289,2025-10-26,2025-10-31,6.0,1,Hamstring injury
209289,2026-03-14,2026-03-20,7.0,1,Knock
209293,2023-12-14,2023-12-21,8.0,1,Ankle injury
209293,2026-08-29,2026-09-14,17.0,2,Neck injury
209353,2020-12-22,2020-12-26,5.0,1,Back problems
209353,2024-02-01,2024-03-01,30.0,5,unknown injury
209353,2024-03-07,2024-03-12,6.0,1,unknown injury
209353,2026-09-05,2026-09-12,8.0,1,Muscle fatigue
209365,2020-07-27,2020-08-03,8.0,2,Rest
209365,2020-08-10,2020-11-19,102.0,17,Shoulder injury
209365,2021-01-07,2021-01-25,19.0,5,Corona virus
209365,2021-03-01,2021-03-11,11.0,3,Muscle fatigue
209365,2021-06-03,2021-06-17,15.0,3,Groin problems
209365,2021-10-14,2021-10-21,8.0,2,Adductor pain
209365,2022-10-10,2022-10-13,4.0,1,Adductor pain
209365,2022-10-31,2022-11-10,11.0,3,Inner ligament stretch of the knee
209365,2023-03-23,2023-03-25,3.0,1,Virus
209365,2023-06-12,2023-06-19,8.0,2,Calf injury
209365,2023-09-25,2023-10-17,23.0,6,Knock
209365,2023-11-02,2023-12-14,43.0,9,Inner knee ligament tear
209365,2024-04-27,2024-05-06,10.0,3,Inner ligament injury
209365,2024-12-20,2024-12-23,4.0,1,Ill
209365,2025-04-01,2025-04-18,18.0,5,Foot injury
209365,2025-05-05,2025-05-23,19.0,4,Knee injury
209365,2025-11-30,2026-09-01,276.0,28,Back injury
209365,2026-09-15,2026-10-10,26.0,2,Back injury
209400,2021-03-04,2021-03-11,8.0,1,Lumbago
209400,2022-01-27,2022-02-10,15.0,2,Torn muscle fiber
209400,2022-11-03,2022-11-07,5.0,1,infection
209400,2023-11-16,2023-11-22,7.0,1,Back problems
209400,2024-04-22,2024-04-26,5.0,1,Calf injury
209400,2025-08-11,2025-08-24,14.0,3,Knee problems
209400,2025-12-14,2026-02-02,51.0,11,Hamstring injury
209925,2024-04-04,2024-04-17,14.0,2,Adductor injury
209925,2024-04-23,2024-05-08,16.0,3,Adductor pain
209925,2024-09-16,2024-10-16,31.0,5,Foot injury
210156,2021-02-19,2021-05-11,82.0,13,Torn muscle bundle
210156,2023-01-04,2023-04-01,88.0,17,Groin injury
210156,2023-11-16,2024-01-29,75.0,18,Groin surgery
210156,2024-03-14,2024-08-16,156.0,14,unknown injury
210156,2025-02-12,2025-02-17,6.0,1,Broken nose bone
210156,2025-04-04,2025-04-18,15.0,2,Thigh problems
210156,2025-05-14,2025-07-18,66.0,2,Intestinal surgery
210156,2025-11-21,2025-12-22,32.0,8,Knock
210462,2021-09-09,2021-09-23,15.0,4,unknown injury
210462,2022-09-10,2022-09-13,4.0,1,Ill
210462,2022-11-01,2022-11-04,4.0,1,Ill
210462,2023-02-17,2023-02-22,6.0,1,Ill
210462,2024-02-23,2024-03-01,8.0,2,Knee injury
210462,2024-09-14,2025-01-20,129.0,20,Hamstring injury
210462,2026-04-24,2026-05-05,12.0,2,unknown injury
210462,2026-08-26,2026-09-06,12.0,2,Calf injury
210494,2020-11-23,2020-12-07,15.0,4,Corona virus
210494,2021-12-20,2021-12-27,8.0,1,Injury to the ankle
210494,2022-04-14,2022-04-18,5.0,1,Ill
210494,2022-07-18,2022-10-24,99.0,19,Ankle injury
210494,2022-10-27,2022-10-31,5.0,2,minor knock
210494,2022-12-07,2022-12-13,7.0,1,Dead leg
210494,2022-12-18,2022-12-31,14.0,2,Groin injury
210494,2023-03-30,2023-04-03,5.0,1,Groin injury
210494,2023-04-14,2023-04-18,5.0,1,Heel injury
210494,2023-05-02,2023-05-04,3.0,1,Virus
210494,2023-05-19,2023-05-25,7.0,1,Knock
210494,2023-12-19,2023-12-29,11.0,3,Ill
210494,2024-03-08,2024-03-09,2.0,0,Knock
210494,2024-04-02,2024-04-05,4.0,1,Shoulder injury
210494,2024-04-19,2024-04-28,10.0,2,Injury to the ankle
210494,2024-11-08,2024-11-09,2.0,0,Hamstring injury
210494,2025-01-05,2025-01-14,10.0,2,Back injury
210494,2025-02-24,2025-03-03,8.0,2,Dead leg
210494,2025-03-26,2025-03-30,5.0,1,Knee injury
210494,2025-04-02,2025-05-05,34.0,5,Achilles tendon contusion
210494,2025-05-10,2025-05-25,16.0,4,Knee injury
210494,2025-09-15,2025-09-20,6.0,1,Head injury
210494,2025-11-09,2025-11-26,18.0,4,Pubalgia
210494,2026-02-07,2026-02-09,3.0,1,Ill
210494,2026-03-04,2026-07-28,147.0,21,Groin injury
211975,2020-10-07,2020-10-21,15.0,6,Corona virus
211975,2020-12-03,2020-12-09,7.0,2,Knee problems
211975,2021-02-19,2021-03-14,24.0,6,Torn muscle fiber
211975,2021-12-06,2022-01-10,36.0,5,Knee surgery
211975,2022-01-23,2022-02-01,10.0,0,Calf problems
211975,2022-02-18,2022-03-17,28.0,5,Torn muscle fiber
211975,2022-03-28,2022-03-31,4.0,1,minor knock
211975,2024-01-07,2024-01-31,25.0,4,unknown injury
211975,2024-11-11,2024-11-19,9.0,2,Adductor injury
211975,2024-12-04,2024-12-20,17.0,4,unknown injury
211975,2025-02-12,2025-04-13,61.0,13,Adductor injury
212314,2020-11-21,2020-12-05,15.0,4,Corona virus
212314,2022-03-04,2022-03-07,4.0,1,flu
212314,2022-11-09,2022-11-21,13.0,3,Calf problems
212314,2023-01-15,2023-01-27,13.0,2,Hamstring injury
212314,2023-08-27,2023-10-01,36.0,5,Knee injury
212314,2024-05-09,2024-05-20,12.0,2,Calf injury
212314,2024-10-12,2024-11-22,42.0,4,Shoulder injury
212314,2025-05-05,2025-05-16,12.0,1,Knock
212314,2025-10-04,2025-10-24,21.0,3,Groin injury
212314,2025-12-18,2025-12-21,4.0,0,Groin injury
212314,2026-01-18,2026-03-03,45.0,7,Hamstring injury
212319,2020-12-25,2020-12-31,7.0,1,Head injury
212319,2021-01-02,2021-01-11,10.0,1,bruise
212319,2021-09-13,2021-10-22,40.0,9,Knee injury
212319,2021-12-12,2022-01-12,32.0,4,Calf injury
212319,2022-10-15,2022-11-08,25.0,7,Calf injury
212319,2022-12-09,2023-01-13,36.0,4,Hamstring injury
212319,2023-11-10,2023-12-03,24.0,3,Groin surgery
212319,2024-02-18,2024-03-11,23.0,2,Knee injury
212319,2024-04-05,2024-04-19,15.0,2,Knee injury
212319,2024-05-10,2024-07-14,66.0,3,Hamstring injury
212319,2024-08-27,2024-10-19,54.0,9,unknown injury
212319,2024-11-03,2025-01-14,73.0,17,Hamstring injury
212319,2025-01-26,2025-01-29,4.0,1,Groin injury
212319,2025-02-06,2025-04-03,57.0,10,Calf injury
212319,2026-01-10,2026-02-21,43.0,7,Hamstring injury
212325,2020-12-11,2021-01-10,31.0,6,Wrist fracture
212325,2021-09-12,2021-09-17,6.0,0,Ill
212325,2021-12-12,2021-12-18,7.0,1,Corona virus
212325,2022-04-17,2022-04-24,8.0,0,Dead leg
212325,2022-10-05,2022-10-10,6.0,1,Knock
212325,2022-12-26,2022-12-30,5.0,1,flu
212325,2024-04-29,2024-10-03,158.0,11,Broken fibula
212325,2024-11-25,2024-12-31,37.0,6,Peroneus tendon injury
212325,2025-11-24,2026-02-10,79.0,11,Shin injury
212701,2021-02-07,2021-02-16,10.0,1,Knee problems
212701,2021-07-26,2021-08-09,15.0,1,Corona virus
212701,2021-08-10,2021-08-15,6.0,1,Fitness
212701,2021-12-29,2022-01-10,13.0,1,Corona virus
212701,2022-01-14,2022-01-16,3.0,1,strain
212701,2022-02-26,2022-03-31,34.0,8,Adductor injury
212701,2022-05-15,2022-05-21,7.0,2,Thigh problems
212701,2023-01-13,2023-02-13,32.0,4,Hamstring injury
212701,2024-05-02,2024-06-20,50.0,7,Hamstring injury
212701,2024-10-07,2024-10-17,11.0,2,Knee bruise
212701,2024-10-27,2024-11-10,15.0,4,Adductor injury
212701,2024-12-08,2024-12-31,24.0,4,Hamstring injury
212701,2025-01-11,2025-01-16,6.0,1,Ill
212701,2025-06-06,2025-06-30,25.0,2,muscular problems
212701,2025-09-17,2025-11-17,62.0,14,Adductor injury
212701,2026-09-21,,8.0,0,unknown injury
212723,2020-09-04,2020-10-15,42.0,11,Knee problems
212723,2020-12-02,2021-01-12,42.0,7,Hamstring injury
212723,2021-04-26,2021-05-03,8.0,1,Adductor pain
212723,2022-11-12,2022-12-11,30.0,5,Bone edema
212723,2023-11-17,2023-12-16,30.0,7,Hamstring strain
212723,2024-02-08,2024-02-15,8.0,2,Adductor pain
212723,2024-05-07,2024-05-13,7.0,2,Hamstring strain
212723,2024-10-16,2024-11-05,21.0,4,Hamstring strain
212723,2024-12-14,2025-01-05,23.0,3,Calf strain
212723,2025-05-18,2025-06-02,16.0,3,unknown injury
212723,2025-08-07,2025-08-10,4.0,1,Ill
212723,2025-08-24,2025-09-09,17.0,3,Muscle injury
212723,2025-09-18,2025-09-20,3.0,1,Rest
212723,2026-05-01,2026-05-13,13.0,3,Bone edema
212723,2026-05-13,2026-05-16,4.0,1,Fitness
213198,2020-12-10,2021-01-11,33.0,6,Ankle problems
213198,2021-05-03,2021-05-10,8.0,1,Back problems
213198,2021-12-30,2022-01-06,8.0,0,Corona virus
213198,2022-10-17,2022-10-20,4.0,1,Wrist injury
213198,2022-11-15,2023-02-06,84.0,12,Torn lateral knee ligament
213198,2023-02-07,2023-02-17,11.0,1,Fitness
213198,2023-03-04,2023-04-12,40.0,8,Torn muscle fiber
213198,2023-08-03,2023-11-20,110.0,20,Knee injury
213198,2023-11-01,2023-12-14,44.0,9,Fitness
213198,2024-01-05,2024-01-28,24.0,5,Hip injury
213198,2024-02-26,2024-05-03,68.0,14,Hamstring injury
213198,2025-04-30,2025-05-26,27.0,6,Knock
213198,2025-10-16,2025-10-22,7.0,1,Foot injury
213198,2026-01-01,2026-01-09,9.0,2,Ankle problems
213345,2021-01-02,2021-04-24,113.0,17,Knee injury
213405,2020-09-01,2020-09-29,29.0,7,Hip injury
213405,2022-10-17,2022-10-21,5.0,1,Hip problems
213405,2022-12-01,2023-03-12,102.0,7,Hip injury
213405,2023-04-24,2023-05-01,8.0,1,Chest injury
213405,2023-09-30,2023-10-07,8.0,2,Sore muscles
213405,2024-01-25,2024-02-05,12.0,3,Muscle injury
213405,2024-02-17,2024-02-19,3.0,1,Ill
213482,2020-10-23,2020-11-05,14.0,2,Knock
213482,2025-02-22,2025-03-30,37.0,7,Calf injury
213999,2022-02-02,2022-02-05,4.0,1,Knee problems
213999,2022-03-09,2022-03-12,4.0,1,Ill
213999,2023-01-11,2023-01-13,3.0,1,Knock
213999,2023-12-08,2023-12-11,4.0,1,Ill
213999,2024-01-08,2024-01-25,18.0,2,Calf problems
213999,2024-06-22,2024-08-18,58.0,4,Torn thigh muscle
213999,2025-02-02,2025-02-10,9.0,1,unknown injury
213999,2025-04-18,2025-05-09,22.0,3,Back injury
213999,2025-09-07,2025-09-29,23.0,5,Hamstring injury
213999,2025-09-19,2025-09-29,11.0,3,Fitness
213999,2025-11-22,2025-11-24,3.0,1,Rest
213999,2025-12-15,2026-01-12,29.0,4,Injury to the ankle
213999,2026-01-12,2026-01-15,4.0,1,Fitness
213999,2026-01-22,2026-01-31,10.0,4,Injury to the ankle
213999,2026-02-13,2026-02-16,4.0,1,Ankle problems
213999,2026-02-17,2026-04-30,73.0,16,Ankle surgery
214048,2022-04-22,2022-05-31,40.0,6,Bruise on ankle
214225,2021-08-16,2021-09-07,23.0,6,unknown injury
214225,2022-11-04,2022-11-07,4.0,1,flu
214225,2025-12-29,2026-01-05,8.0,2,Ankle injury
214225,2026-04-05,2026-04-17,13.0,1,Ankle injury
214225,2026-08-31,2026-11-08,70.0,4,Hamstring injury
214285,2020-09-02,2020-09-04,3.0,1,Fever
214285,2020-09-04,2020-09-19,16.0,2,Quarantine
214285,2020-09-25,2020-11-03,40.0,12,Thigh problems
214285,2020-12-10,2021-01-20,42.0,8,Knee injury
214285,2023-03-27,2023-03-31,5.0,0,Bruised ribs
214285,2023-11-20,2023-11-22,3.0,1,Rest
214285,2023-12-23,2024-02-06,46.0,10,Broken collarbone
214285,2024-11-23,2024-12-16,24.0,6,Ankle injury
214285,2026-05-21,2026-05-25,5.0,1,flu
214466,2020-10-14,2020-11-29,47.0,11,Hamstring injury
214466,2021-01-16,2021-10-03,261.0,49,Cruciate ligament tear
214466,2022-01-03,2022-02-02,31.0,4,Calf injury
214466,2024-09-11,2024-10-18,38.0,7,Knee injury
214466,2024-10-24,2025-01-12,81.0,17,unknown injury
214466,2025-03-14,2025-04-04,22.0,4,Hip problems
214466,2025-08-01,,44.0,6,Calf injury
214466,2025-10-21,2026-03-01,132.0,25,Hamstring muscle injury
214470,2021-07-30,2021-11-01,95.0,11,fatigue fracture
214590,2021-11-29,2021-12-04,6.0,1,Hand injury
214590,2022-01-14,2022-01-23,10.0,3,Ill
214590,2022-09-12,2022-10-25,44.0,15,Back problems
214590,2023-09-16,2023-10-30,45.0,16,Hamstring injury
214590,2024-01-01,2024-03-13,73.0,20,unknown injury
214590,2025-09-12,2025-10-03,22.0,3,Ill
214964,2020-11-02,2020-11-16,15.0,2,Quarantine
215059,2023-05-13,2023-05-29,17.0,5,Knock
215059,2023-12-11,2024-02-15,67.0,14,Knee injury
215059,2024-03-27,2024-05-31,66.0,12,unknown injury
215059,2024-04-09,2024-04-16,8.0,1,Ill
215059,2026-01-03,2026-01-06,4.0,1,Muscle injury
215059,2026-05-04,2026-05-12,9.0,1,Head injury
215136,2020-07-21,2020-07-23,3.0,1,Ill
215136,2020-09-12,2020-09-20,9.0,2,Quarantine
215136,2020-11-07,2020-11-09,3.0,1,Ill
215136,2020-11-19,2020-11-21,3.0,0,Ankle injury
215136,2023-04-26,2023-05-29,34.0,6,Facial fracture
215136,2023-09-02,2023-10-01,30.0,6,Arch problems
215136,2024-04-28,2024-06-01,35.0,4,Muscle injury
215136,2025-06-06,2025-06-30,25.0,1,Ankle injury
215379,2020-10-08,2020-10-22,15.0,6,Quarantine
215379,2022-10-21,2022-11-03,14.0,2,minor knock
215379,2023-01-11,2023-01-18,8.0,1,Calf problems
215379,2023-10-23,2024-02-25,126.0,29,Back injury
215379,2024-11-13,2024-11-28,16.0,3,Foot injury
215413,2022-04-29,2022-05-03,5.0,1,Calf injury
215413,2024-12-25,2025-01-16,23.0,5,Knock
215413,2025-12-13,2026-01-20,39.0,7,Hamstring injury
215439,2020-09-03,2020-09-08,6.0,4,Quarantine
215439,2026-06-25,,96.0,11,Ankle injury
215460,2021-02-01,2021-03-05,33.0,6,Ankle injury
215460,2021-11-20,2022-04-20,152.0,32,Broken ankle
215711,2020-08-27,2020-09-21,26.0,2,Quarantine
215711,2021-05-08,2021-06-30,54.0,4,Broken toe
215711,2021-08-20,2021-09-09,21.0,6,Hamstring injury
215711,2021-09-19,2021-10-21,33.0,7,Thigh problems
215711,2021-12-05,2022-02-10,68.0,13,Thigh problems
215711,2022-05-01,2022-05-31,31.0,5,Ligament injury
215711,2022-10-08,2022-10-14,7.0,1,Muscle injury
215711,2023-04-08,2023-05-01,24.0,5,Hamstring injury
215711,2023-09-27,2023-10-07,11.0,3,Hamstring injury
215711,2024-05-18,2024-05-31,14.0,1,Ill
215711,2024-09-02,2024-09-17,16.0,4,Hamstring injury
215711,2024-12-13,2024-12-15,3.0,1,Thigh problems
215711,2025-02-14,2025-02-20,7.0,2,unknown injury
215711,2025-03-26,2025-04-14,20.0,5,unknown injury
215711,2025-08-20,2025-09-22,34.0,4,Muscle injury
215711,2025-11-03,2025-11-25,23.0,5,Hamstring muscle injury
215711,2025-12-21,2026-01-13,24.0,4,muscular problems
215711,2026-01-17,2026-01-23,7.0,3,unknown injury
215711,2026-08-01,2026-09-01,32.0,3,Muscle strain
215711,2026-09-19,2026-10-07,19.0,2,Fitness
216051,2022-12-11,2023-01-01,22.0,3,Hamstring injury
216051,2023-01-11,2023-02-02,23.0,6,Hamstring injury
216051,2025-04-21,2025-05-15,25.0,5,Calf injury
216051,2025-09-04,2025-09-22,19.0,4,Muscle injury
216055,2021-01-05,2021-01-19,15.0,3,Corona virus
216055,2025-02-16,2025-03-09,22.0,5,Muscle injury
216055,2025-06-18,2025-06-25,8.0,2,bruise
216055,2026-08-19,2026-08-31,13.0,3,Calf problems
216058,2020-12-17,2021-02-12,58.0,11,Hamstring injury
216058,2023-08-02,2023-08-15,14.0,1,Adductor injury
216058,2023-11-23,2023-12-02,10.0,1,unknown injury
216058,2024-05-08,2024-05-12,5.0,1,unknown injury
216058,2025-02-05,2025-03-08,32.0,7,unknown injury
216058,2025-12-05,2025-12-09,5.0,0,Muscle injury
216058,2026-04-01,2026-04-16,16.0,3,Muscle injury
216094,2022-03-14,2022-05-05,53.0,11,Syndesmotic ligament tear
216094,2023-11-16,2023-11-23,8.0,2,unknown injury
216094,2025-08-21,2025-09-10,21.0,2,Hamstring muscle injury
216094,2025-08-21,2025-09-02,13.0,2,Hamstring injury
216094,2025-10-23,2025-12-15,54.0,14,Hamstring injury
216094,2026-01-28,2026-02-25,29.0,5,Hamstring injury
216094,2026-05-15,2026-05-24,10.0,1,Muscle injury
216208,2020-09-26,2021-01-01,98.0,31,Knee injury
216208,2022-01-03,2022-06-01,150.0,32,Shoulder injury
216208,2023-09-03,2023-11-28,87.0,18,Muscle injury
216646,2021-10-10,2021-11-20,42.0,8,Ankle injury
216646,2024-09-14,2024-10-19,36.0,6,Ankle injury
216646,2025-08-15,2025-12-06,114.0,27,Knee injury
216646,2026-02-12,2026-02-23,12.0,3,Bruised knee
217331,2022-05-30,2022-07-25,57.0,0,Groin surgery
217331,2023-08-28,2023-09-01,5.0,1,Leg injury
217331,2024-02-25,2024-03-10,15.0,5,unknown injury
217331,2024-07-01,2024-07-06,6.0,1,Back problems
217331,2024-07-16,2024-07-26,11.0,2,Ankle injury
217331,2026-04-13,2026-04-25,13.0,2,Hamstring injury
217331,2026-04-27,2026-05-21,25.0,6,Back problems
217593,2024-11-20,2024-12-18,29.0,7,Muscle injury
217593,2025-01-20,2025-02-25,37.0,7,Muscle strain
218023,2020-12-30,2021-01-23,25.0,4,bruise
218023,2022-10-15,2022-11-04,21.0,5,Knee injury
218023,2023-07-29,2023-10-01,65.0,12,Shoulder injury
218023,2026-04-10,2026-06-30,82.0,8,Knee injury
218218,2025-04-11,2025-04-14,4.0,1,unknown injury
218218,2026-01-25,2026-02-06,13.0,3,Ankle sprain
218328,2021-01-16,2021-02-16,32.0,8,Groin surgery
218328,2021-05-07,2021-10-15,162.0,22,Hamstring injury
218328,2022-03-25,2022-04-05,12.0,2,Muscle injury
218328,2022-09-19,2022-09-29,11.0,1,Muscle injury
218328,2023-10-16,2023-11-06,22.0,4,Hamstring muscle injury
218328,2024-05-17,2024-05-30,14.0,2,Hamstring muscle injury
218328,2024-10-11,2024-10-16,6.0,1,Hamstring muscle injury
218328,2024-12-29,2025-01-24,27.0,7,Hamstring muscle injury
218328,2025-05-15,2025-05-22,8.0,1,Inflammation of pubic bone
218328,2025-10-15,2025-10-31,17.0,3,Calf injury
218328,2026-02-12,2026-02-28,17.0,2,Calf problems
218364,2020-10-12,2020-10-29,18.0,2,Back problems
218364,2021-01-21,2021-01-28,8.0,1,muscular problems
218364,2021-03-22,2021-04-01,11.0,0,Knee problems
218364,2021-04-15,2021-05-06,22.0,3,Capsular injury
218364,2021-12-09,2021-12-27,19.0,3,Back problems
218364,2022-01-13,2022-01-20,8.0,1,muscular problems
218364,2022-02-24,2022-03-03,8.0,1,Knee bruise
218364,2022-03-28,2022-04-07,11.0,2,Adductor pain
218364,2022-07-07,2022-08-11,36.0,2,Adductor pain
218364,2022-09-26,2022-10-06,11.0,1,cold
218364,2022-11-10,2022-11-15,6.0,1,muscular problems
218364,2022-12-03,2022-12-06,4.0,1,Fever
218364,2023-01-05,2023-02-03,30.0,4,Adductor pain
218364,2023-03-30,2023-04-03,5.0,1,muscular problems
218364,2023-05-20,2023-05-23,4.0,1,infection
218364,2023-10-28,2023-11-04,8.0,2,Knock
218364,2024-01-20,2024-01-26,7.0,1,Knock
218364,2024-03-14,2024-03-19,6.0,2,Ill
218364,2024-04-03,2024-04-13,11.0,2,Ill
218364,2024-10-19,2024-10-30,12.0,2,Patellar tendon tear
218364,2025-02-21,2025-02-25,5.0,1,flu
218364,2025-04-21,2025-06-16,57.0,8,Ankle sprain
218364,2025-11-25,2025-12-05,11.0,3,Knock
218430,2021-02-25,2021-04-01,36.0,6,Mononucleation
218430,2021-05-10,2021-05-13,4.0,1,Thigh problems
218430,2021-05-17,2021-06-03,18.0,2,Corona virus
218430,2021-08-05,2021-08-16,12.0,4,Thigh problems
218430,2021-12-20,2022-01-03,15.0,2,Thigh problems
218430,2022-02-07,2022-02-21,15.0,3,Torn muscle bundle
218430,2022-02-07,2022-02-21,15.0,3,Muscle tear
218430,2022-02-28,2022-03-14,15.0,3,Knock
218430,2023-10-19,2023-10-29,11.0,2,unknown injury
218430,2025-03-15,2025-04-07,24.0,5,Calf muscle tear
218430,2025-04-28,2025-05-06,9.0,1,muscular problems
218430,2025-05-13,2025-06-12,31.0,4,muscular problems
218430,2025-10-29,2025-11-07,10.0,1,Knee injury
218430,2025-11-11,2025-11-19,9.0,2,Knee problems
218430,2026-03-23,2026-04-07,16.0,4,Muscle tear
218430,2026-05-17,2026-06-07,22.0,3,Muscle tear
218997,2022-09-14,2022-10-24,41.0,8,Toe injury
218997,2024-11-01,2024-11-08,8.0,2,Foot injury
219168,2021-08-10,2021-08-21,12.0,1,Knee problems
219168,2021-09-20,2021-10-05,16.0,4,Hamstring injury
219168,2022-01-10,2022-01-20,11.0,1,Ankle sprain
219168,2022-09-20,2023-01-04,107.0,18,Thigh problems
219168,2023-02-01,2023-02-07,7.0,1,concussion
219168,2023-10-25,2023-11-24,31.0,8,Groin injury
219168,2024-01-30,2024-02-23,25.0,4,Groin injury
219168,2024-09-15,2024-10-18,34.0,7,Broken toe
219168,2025-01-11,2025-01-14,4.0,1,Hamstring injury
219168,2025-02-25,2025-03-01,5.0,1,Groin injury
219168,2025-08-10,2025-09-01,23.0,3,Fitness
219168,2025-10-23,2025-11-07,16.0,4,Adductor pain
219168,2025-12-21,2026-04-05,106.0,24,Broken fibula
219168,2026-05-01,2026-05-07,7.0,1,Adductor pain
219168,2026-05-13,2026-05-24,12.0,1,muscular problems
219265,2021-08-09,2021-08-19,11.0,1,Fitness
219265,2023-01-23,2023-02-01,10.0,3,Thigh problems
219265,2023-08-09,2023-08-18,10.0,1,Ankle problems
219265,2023-10-28,2023-10-30,3.0,1,muscular problems
219265,2023-11-13,2024-02-27,107.0,18,Hip problems
219265,2024-02-28,2024-03-06,8.0,1,Fitness
219265,2025-01-25,2025-04-02,68.0,16,Ligament injury
219265,2026-03-22,2026-05-06,46.0,7,Torn lateral knee ligament
219279,2022-06-09,2022-08-10,63.0,9,Knee surgery
219291,2023-01-16,2023-02-06,22.0,3,Broken hand
219291,2025-11-01,2025-12-03,33.0,3,Shoulder injury
219352,2021-04-07,2021-04-20,14.0,2,muscular problems
219352,2023-04-15,2023-05-20,36.0,7,Hamstring muscle injury
219352,2024-02-11,2024-02-25,15.0,3,Ankle sprain
219352,2025-01-28,2025-02-17,21.0,6,Knee problems
219352,2025-07-17,2025-08-15,30.0,0,Calf injury
219847,2020-11-03,2020-11-22,20.0,6,Corona virus
219847,2021-02-01,2021-02-20,20.0,5,Knock
219847,2021-09-03,2021-09-06,4.0,1,cold
219847,2021-12-15,2021-12-28,14.0,4,Corona virus
219847,2023-03-26,2023-03-29,4.0,1,influenza
219847,2023-04-24,2023-05-01,8.0,1,Knee injury
219847,2024-10-06,2024-10-21,16.0,3,Knee problems
219847,2024-12-30,2025-01-06,8.0,2,Ill
219847,2025-02-11,2025-05-16,95.0,18,Hamstring injury
219847,2025-08-18,,27.0,3,Knee injury
219847,2026-01-02,2026-01-09,8.0,2,Rest
219847,2026-01-24,2026-01-26,3.0,1,Rest
219847,2026-02-11,2026-02-27,17.0,4,Muscle injury
219847,2026-04-25,2026-05-04,10.0,2,Muscle injury
219847,2026-09-25,,4.0,1,Muscle strain
219924,2020-09-21,2020-10-15,25.0,4,Corona virus
219924,2021-01-04,2021-01-14,11.0,1,bruise
219924,2021-02-11,2021-02-15,5.0,1,Head injury
219924,2022-04-18,2022-05-02,15.0,3,Ankle injury
219924,2022-05-05,2022-05-25,21.0,3,Ankle injury
219924,2023-10-08,2023-12-15,69.0,9,Foot injury
219924,2024-01-31,2024-02-09,10.0,1,Hamstring injury
219924,2024-03-02,2024-04-06,36.0,6,Calf problems
219924,2025-04-06,2025-05-03,28.0,5,unknown injury
219924,2025-08-22,2025-09-01,11.0,2,Knock
219924,2025-09-19,2025-09-29,11.0,2,Knock
219924,2025-10-31,2025-11-28,29.0,3,Knock
219937,2020-11-15,2020-11-24,10.0,1,Groin injury
219937,2021-09-11,2021-09-17,7.0,2,Knock
219937,2022-09-14,2022-10-19,36.0,7,Shin injury
219937,2023-07-17,2023-08-13,28.0,2,Back problems
219937,2024-02-01,2024-04-20,80.0,17,unknown injury
219937,2025-04-13,,154.0,4,unknown injury
220037,2020-10-13,2020-10-25,13.0,2,Hip injury
220037,2020-12-30,2021-01-20,22.0,3,Knock
220037,2024-03-03,2024-03-14,12.0,2,Broken nose bone
220087,2020-09-18,2020-09-21,4.0,1,Knee injury
220087,2020-10-30,2020-11-02,4.0,1,minor knock
220087,2021-01-29,2021-02-17,20.0,4,Thigh problems
220087,2021-04-18,2021-04-24,7.0,1,Hip injury
220087,2021-09-18,2021-09-28,11.0,3,influenza
220087,2021-11-05,2021-11-19,15.0,3,Ankle injury
220087,2021-11-27,2021-12-31,35.0,4,Torn muscle fiber
220087,2022-03-01,2022-03-04,4.0,1,Corona virus
220087,2022-09-06,2022-09-16,11.0,3,Groin problems
220087,2023-03-24,2023-04-15,23.0,4,Hamstring injury
220087,2023-08-28,2023-08-30,3.0,0,cold
220087,2023-12-01,2023-12-08,8.0,2,Ill
220087,2024-01-15,2024-01-29,15.0,2,infection
220087,2024-01-29,2024-02-05,8.0,1,Fitness
220087,2024-03-10,2024-03-14,5.0,1,muscular problems
220087,2024-04-21,2024-05-20,30.0,4,Torn muscle fiber
220087,2024-09-13,2024-10-28,46.0,10,Knee surgery
220087,2024-12-20,2024-12-30,11.0,3,unknown injury
220087,2025-02-10,2025-03-30,49.0,10,Knee surgery
220087,2025-08-16,,29.0,2,Hamstring injury
220087,2025-12-05,2025-12-15,11.0,2,Fitness
220087,2026-01-06,2026-04-07,92.0,15,Muscle injury
220087,2026-04-08,2026-04-16,9.0,1,Fitness
220087,2026-05-12,2026-05-18,7.0,1,Ill
220166,2020-09-16,2020-11-16,62.0,11,Hamstring injury
220237,2021-10-13,2021-11-29,48.0,11,Groin injury
220237,2022-03-17,2022-04-23,38.0,7,Hamstring injury
220237,2023-03-23,2023-03-30,8.0,0,Virus
220237,2023-08-27,2023-09-15,20.0,2,Ankle injury
220237,2023-09-28,2023-12-15,79.0,16,Knee injury
220237,2024-03-20,2024-12-13,269.0,28,Cruciate ligament surgery
220237,2025-02-05,2025-03-06,30.0,6,Broken kneecap
220237,2025-03-07,2025-04-23,48.0,7,Knee problems
220237,2025-11-28,2026-01-02,36.0,9,Hamstring injury
220237,2026-02-17,2026-02-22,6.0,2,Back problems
220307,2020-09-14,2020-09-17,4.0,1,Rest
220307,2020-09-21,2020-09-24,4.0,1,Rest
220307,2020-09-28,2020-10-01,4.0,0,muscular problems
220307,2022-04-28,2022-09-19,145.0,20,muscular problems
220307,2024-11-01,2024-11-15,15.0,3,Hamstring injury
220307,2025-12-16,2025-12-19,4.0,1,Ankle problems
220362,2021-12-30,2022-01-12,14.0,2,Corona virus
220362,2023-10-08,2023-10-19,12.0,2,Muscle injury
220362,2024-04-13,2024-04-18,6.0,1,unknown injury
220362,2024-05-01,2024-05-05,5.0,2,unknown injury
220362,2024-06-07,2024-08-07,62.0,0,Groin surgery
220394,2021-01-01,2021-01-16,16.0,0,Virus
220394,2022-10-31,2022-12-12,43.0,5,Calf strain
220394,2023-01-30,2023-02-15,17.0,4,Calf injury
220394,2023-09-03,2023-09-16,14.0,2,Knee injury
220566,2021-02-11,2021-02-12,2.0,0,Knock
220566,2024-07-14,2024-08-25,43.0,3,Hamstring injury
220566,2024-09-23,2025-05-16,236.0,53,Cruciate ligament tear
220566,2025-05-01,2025-05-19,19.0,3,Fitness
220566,2025-08-04,2025-08-23,20.0,2,Knee problems
220566,2025-09-22,2025-09-29,8.0,2,Knee problems
220566,2025-10-05,2025-10-31,27.0,6,Hamstring injury
220566,2025-11-04,2025-12-25,52.0,13,Hamstring injury
220566,2026-04-19,2026-05-15,27.0,5,Groin injury
220566,2026-07-27,2026-08-10,15.0,0,Back injury
220585,2020-10-04,2020-12-31,89.0,18,Knee injury
220585,2021-08-19,2021-08-29,11.0,3,Corona virus
220585,2024-12-27,2025-01-16,21.0,4,Thigh problems
220585,2025-01-26,2025-02-17,23.0,3,Knock
220598,2020-12-30,2021-05-01,123.0,25,surgery
220598,2021-09-20,2021-10-21,32.0,8,unknown injury
220598,2022-11-18,2023-02-06,81.0,10,Hamstring injury
220598,2023-06-19,2023-11-09,144.0,18,Hamstring injury
220598,2024-12-21,2024-12-30,10.0,3,Groin injury
220598,2025-02-10,2025-02-17,8.0,2,Ill
220598,2025-02-20,2025-03-03,12.0,2,unknown injury
220598,2026-02-16,2026-06-30,135.0,15,Ankle surgery
220627,2021-02-10,2022-01-07,332.0,68,Cruciate ligament tear
220627,2022-11-08,2023-05-31,205.0,30,Achilles tendon rupture
220627,2025-02-15,2025-02-24,10.0,2,Ankle injury
220682,2024-11-09,2024-12-27,49.0,11,Wrist fracture
220684,2022-10-18,2022-11-28,42.0,6,Ankle injury
220684,2022-12-25,2023-01-14,21.0,5,Foot injury
220684,2023-03-04,2023-05-14,72.0,13,Thigh problems
220684,2023-06-01,2023-12-15,198.0,22,Thigh problems
220684,2024-01-15,2024-03-20,66.0,11,Ankle injury
220684,2024-08-26,2024-11-10,77.0,12,Ankle injury
220684,2025-01-13,2025-09-13,244.0,28,Shoulder injury
220684,2026-02-08,2026-05-15,97.0,17,Hamstring injury
220686,2021-01-15,2021-01-30,16.0,4,Corona virus
220688,2020-10-17,2020-10-23,7.0,2,bruise
220688,2020-11-05,2020-11-23,19.0,2,bruise
220688,2021-06-01,2021-07-10,40.0,0,unknown injury
220688,2021-11-19,2021-11-27,9.0,2,Corona virus
220695,2024-06-01,2024-10-19,141.0,10,Ankle injury
220695,2025-08-01,,44.0,5,unknown injury
220695,2025-08-01,2025-10-20,81.0,0,Hamstring injury
220738,2024-01-05,2024-05-31,148.0,26,Foot injury
221239,2020-11-09,2020-12-16,38.0,3,Ankle injury
221239,2021-08-14,2021-09-25,43.0,8,Knee injury
221239,2022-04-16,2022-05-13,28.0,6,Hamstring injury
221239,2023-01-05,2023-01-26,22.0,3,Hamstring injury
221239,2023-04-02,2023-04-14,13.0,2,Hamstring injury
221239,2023-09-10,2024-01-06,119.0,16,Calf injury
221239,2024-01-19,2024-02-02,15.0,2,Muscle fatigue
221239,2024-03-15,2024-04-20,37.0,4,muscular problems
221239,2024-12-06,2025-02-10,67.0,11,Muscle injury
221239,2025-02-13,2025-02-17,5.0,1,flu
221239,2025-04-02,2025-04-19,18.0,2,unknown injury
221239,2025-10-30,2025-11-07,9.0,1,Muscle fatigue
221239,2026-02-03,2026-03-02,28.0,3,Adductor injury
221239,2026-04-12,2026-05-08,27.0,3,Hamstring muscle injury
221239,2026-08-21,2026-08-26,6.0,1,Muscle fatigue
221239,2026-09-20,,9.0,0,muscular problems
221399,2023-07-01,2023-09-21,83.0,8,Hip injury
221403,2020-08-26,2020-09-07,13.0,3,ankle sprain
221403,2020-08-26,2020-09-07,13.0,3,Ankle sprain
221403,2024-02-26,2024-05-28,93.0,18,Hamstring injury
221403,2025-03-03,2025-05-30,89.0,17,Muscle injury
221403,2026-04-24,2026-05-31,38.0,6,Hamstring injury
221466,2021-04-02,2021-04-06,5.0,1,Quarantine
221466,2021-08-22,2021-09-12,22.0,5,Groin injury
221466,2021-10-03,2021-10-15,13.0,4,Groin injury
221466,2021-10-20,2021-10-23,4.0,1,Ill
221466,2024-03-03,2024-04-04,33.0,5,Hamstring injury
221466,2024-08-10,2024-08-19,10.0,1,Facial injury
221466,2024-11-30,2025-04-01,123.0,21,Hamstring injury
221610,2020-11-03,2020-12-10,38.0,4,Knock
221610,2023-11-01,2023-11-22,22.0,2,Strain in the thigh and gluteal muscles
221610,2023-12-11,2024-01-05,26.0,6,Strain in the thigh and gluteal muscles
221610,2024-08-03,2024-08-30,28.0,5,Bruised knee
221610,2024-12-15,,273.0,35,Foot injury
221632,2020-07-06,2020-07-17,12.0,3,Adductor pain
221632,2021-01-29,2021-02-02,5.0,1,Corona virus
221632,2021-06-10,2021-06-15,6.0,1,muscular problems
221632,2021-06-23,2021-07-10,18.0,3,Knee injury
221632,2021-08-20,2021-08-25,6.0,1,Knee injury
221632,2021-09-09,2021-09-17,9.0,3,Quarantine
221632,2021-11-17,2022-02-05,81.0,18,Hamstring injury
221632,2022-05-12,2022-05-26,15.0,3,Hip problems
221632,2022-08-18,2022-09-02,16.0,3,Adductor pain
221632,2022-10-28,2022-11-19,23.0,6,Hamstring injury
221632,2023-12-24,2024-01-12,20.0,3,Hamstring strain
221632,2024-11-03,2024-11-08,6.0,2,Ankle injury
221632,2024-11-22,2024-12-06,15.0,4,Toe injury
221632,2024-12-08,2025-03-03,86.0,21,Hamstring injury
221632,2025-10-19,2025-10-31,13.0,4,Adductor injury
221632,2026-04-12,2026-06-06,56.0,6,Knee injury
221820,2020-09-13,2020-09-19,7.0,1,Knock
221820,2021-12-21,2021-12-31,11.0,1,unknown injury
221820,2022-03-21,2022-05-22,63.0,10,Muscle injury
221820,2023-04-14,2023-06-30,78.0,14,Metatarsal fracture
221820,2023-09-21,2024-01-04,106.0,26,Foot injury
221820,2024-02-04,2024-03-29,55.0,10,Knee injury
221820,2024-04-02,2024-05-01,30.0,6,Calf strain
221820,2024-11-23,2024-11-25,3.0,1,Back problems
221820,2025-02-03,2026-01-01,333.0,43,Cruciate ligament injury
221820,2026-02-23,2026-04-08,45.0,8,Calf injury
221820,2026-07-19,2026-08-10,23.0,0,Hamstring injury
222531,2020-10-04,2021-01-01,90.0,28,Broken foot
222531,2024-10-22,2024-10-28,7.0,1,ankle sprain
222531,2024-10-22,2024-10-28,7.0,1,Ankle sprain
222625,2023-12-27,2024-04-23,119.0,23,Torn muscle fiber
222625,2024-08-03,2024-09-01,30.0,4,Knee surgery
222625,2024-11-10,2025-01-11,63.0,12,Knee injury
222627,2023-05-02,2023-06-30,60.0,4,unknown injury
222677,2020-10-22,2020-10-24,3.0,0,Quarantine
222677,2021-08-08,2021-08-15,8.0,2,Thigh problems
222677,2021-11-03,2022-02-21,111.0,18,Groin surgery
222677,2022-04-04,2022-05-01,28.0,5,Hamstring injury
222677,2024-09-28,2024-10-12,15.0,2,Knock
222677,2025-01-15,2025-03-20,65.0,12,Hamstring injury
222677,2025-09-27,2025-11-26,61.0,14,Meniscus tear
222683,2020-12-17,2021-01-11,26.0,4,Calf injury
222683,2021-01-31,2021-02-09,10.0,2,Ankle injury
222683,2021-08-29,2021-09-13,16.0,4,Hamstring strain
222683,2021-09-25,2021-11-08,45.0,9,Hamstring injury
222683,2023-01-31,2023-02-07,8.0,2,unknown injury
222683,2023-04-09,2023-05-05,27.0,6,Hamstring injury
222683,2025-04-01,2025-04-11,11.0,2,unknown injury
222683,2025-07-16,2025-08-23,39.0,2,Calf injury
222683,2025-11-15,2025-11-24,10.0,2,Adductor injury
222683,2026-01-04,2026-05-07,124.0,18,Knee surgery
222683,2026-09-21,,8.0,0,unknown injury
222690,2020-07-01,2020-10-03,95.0,7,Hip injury
222690,2020-11-21,2020-11-30,10.0,3,Knock
222690,2021-03-26,2021-03-28,3.0,2,Ill
222690,2021-12-08,2021-12-10,3.0,1,Rest
222690,2022-03-16,2022-03-19,4.0,1,minor knock
222690,2022-05-12,2022-05-24,13.0,1,Hamstring injury
222690,2023-07-01,2024-11-11,500.0,70,Knee injury
222694,2021-12-01,2022-01-14,45.0,6,Hip injury
222694,2023-11-10,2023-11-20,11.0,1,Inguinal hernia
222694,2023-12-28,2024-05-14,139.0,27,Groin injury
222694,2026-02-07,2026-02-20,14.0,2,Hip problems
223081,2025-02-15,2025-05-10,85.0,10,unknown injury
223094,2020-10-29,2020-11-02,5.0,1,Knee problems
223094,2020-11-30,2020-12-28,29.0,7,Torn muscle fiber
223094,2021-04-29,2021-05-03,5.0,1,muscular problems
223094,2021-05-06,2021-05-10,5.0,1,minor knock
223094,2021-09-23,2021-10-11,19.0,5,muscular problems
223094,2021-10-21,2021-11-25,36.0,9,Hip flexor problems
223094,2022-01-24,2022-03-07,43.0,6,muscular problems
223094,2022-05-05,2022-05-05,1.0,0,Ill
223094,2022-10-26,2022-11-04,10.0,2,Foot bruise
223094,2023-03-21,2023-04-03,14.0,3,Groin problems
223094,2023-11-05,2023-11-06,2.0,0,Ankle injury
223094,2023-11-17,2023-11-24,8.0,1,Ankle injury
223094,2023-12-09,2024-01-31,54.0,11,Stress reaction of the bone
223094,2024-04-18,2024-04-26,9.0,2,Muscle injury
223094,2025-02-16,2025-02-25,10.0,2,Knee problems
223094,2025-03-31,2025-05-01,32.0,6,Ankle injury
223094,2026-02-26,2026-03-01,4.0,1,Knock
223175,2020-09-10,2020-10-18,39.0,9,Hamstring strain
223175,2022-10-12,2022-11-14,34.0,7,Hamstring injury
223175,2022-11-24,2022-12-24,31.0,2,Hamstring injury
223175,2022-12-26,2023-07-01,188.0,0,Knee injury
223175,2025-03-27,2025-04-03,8.0,1,Ankle injury
223335,2023-08-17,2023-08-30,14.0,2,unknown injury
223336,2024-04-20,2024-06-30,72.0,3,Ankle injury
223337,2022-08-12,,1129.0,0,Ankle injury
223340,2020-11-23,2020-11-28,6.0,1,Hamstring injury
223340,2020-12-30,2021-01-01,3.0,0,Ankle injury
223340,2021-01-28,2021-01-31,4.0,1,Hip problems
223340,2021-06-30,2021-07-05,6.0,0,Dead leg
223340,2023-10-03,2023-10-21,19.0,3,Thigh problems
223340,2024-03-21,2024-04-06,17.0,3,unknown injury
223340,2024-05-13,2024-05-20,8.0,1,Muscle injury
223340,2024-10-10,2024-10-24,15.0,2,Thigh problems
223340,2024-12-22,2025-03-30,99.0,19,Hamstring injury
223340,2025-08-23,,22.0,3,Hamstring injury
223340,2026-01-30,2026-02-11,13.0,3,Hip injury
223340,2026-03-23,2026-04-20,29.0,7,Achilles tendon problems
223349,2023-02-27,2023-03-03,5.0,0,Broken nose bone
223349,2024-09-23,2024-10-04,12.0,2,concussion
223349,2024-10-17,2024-12-31,76.0,1,Knee injury
223349,2025-08-15,2025-08-28,14.0,2,concussion
223349,2026-05-21,2026-06-30,41.0,1,Head injury
223541,2020-11-08,2020-11-19,12.0,4,Ankle problems
223541,2021-04-18,2021-04-28,11.0,2,Muscle injury
223541,2021-09-08,2021-09-17,10.0,3,Hamstring injury
223541,2021-10-28,2021-11-02,6.0,1,unknown injury
223541,2021-10-30,2021-11-01,3.0,1,Muscle fatigue
223541,2021-11-27,2021-12-26,30.0,7,Hamstring muscle injury
223541,2021-11-27,2021-12-26,30.0,6,Muscle fatigue
223541,2022-01-10,2022-10-06,270.0,45,Cruciate ligament tear
223541,2022-01-10,2022-10-06,270.0,45,Hamstring muscle injury
223541,2022-10-06,2022-11-01,27.0,6,Fitness
223541,2022-10-06,2022-11-01,27.0,6,Cruciate ligament tear
223541,2022-11-07,2022-11-12,6.0,1,Knee problems
223541,2022-11-07,2022-11-12,6.0,1,Fitness
223541,2022-12-13,2022-12-27,15.0,0,Muscle fatigue
223541,2022-12-13,2022-12-27,15.0,0,Knee problems
223541,2023-01-28,2023-01-31,4.0,1,Muscle fatigue
223541,2023-02-17,2023-02-24,8.0,2,Muscle fatigue
223541,2023-03-09,2023-03-14,6.0,2,Knee problems
223541,2023-03-09,2023-03-14,6.0,1,Muscle fatigue
223541,2023-03-19,2023-04-03,16.0,4,Tendon irritation
223541,2023-03-19,2023-04-03,16.0,3,Knee problems
223541,2023-09-08,2023-09-15,8.0,2,muscular problems
223541,2023-09-08,2023-09-15,8.0,2,Tendon irritation
223541,2023-10-05,2023-10-22,18.0,4,muscular problems
223541,2023-12-20,2023-12-25,6.0,1,unknown injury
223541,2023-12-20,2023-12-25,6.0,1,muscular problems
223541,2024-01-06,2024-01-12,7.0,2,Knee problems
223541,2024-01-06,2024-01-12,7.0,2,unknown injury
223541,2024-01-20,2024-01-30,11.0,2,unknown injury
223541,2024-01-20,2024-01-30,11.0,2,Knee problems
223541,2024-09-30,2024-12-11,73.0,14,Muscle injury
223541,2024-09-30,2024-12-11,73.0,14,unknown injury
223541,2025-12-07,2025-12-11,5.0,1,Muscle injury
223541,2026-01-22,2026-01-26,5.0,1,unknown injury
223541,2026-03-09,2026-03-11,3.0,1,Ill
223541,2026-03-23,2026-04-03,12.0,0,unknown injury
223541,2026-08-19,2026-09-27,40.0,7,Muscle injury
223723,2020-07-22,2020-08-31,41.0,3,Hamstring injury
223723,2021-02-26,2021-03-16,19.0,4,Calf injury
223723,2021-04-03,2021-05-02,30.0,6,muscular problems
223723,2021-06-09,2021-06-16,8.0,2,Knee problems
223723,2022-02-20,2022-04-21,61.0,11,Calf injury
223723,2022-11-03,2022-11-15,13.0,4,muscular problems
223723,2023-03-16,2023-07-01,108.0,16,Knee surgery
223723,2023-12-03,2023-12-30,28.0,6,Calf injury
223723,2024-02-05,2024-03-20,45.0,7,Calf injury
223723,2024-07-21,2024-10-02,74.0,9,Knee injury
223723,2024-10-06,2025-02-18,136.0,29,Knee injury
223723,2025-02-19,2025-10-01,225.0,19,Knee surgery
223723,2025-12-16,2026-01-23,39.0,6,Fitness
223723,2026-03-22,2026-04-10,20.0,3,Hamstring injury
223824,2025-05-04,2025-07-22,80.0,4,Torn muscle fiber
223827,2021-12-03,2022-03-01,89.0,14,Knee surgery
223827,2022-08-13,2022-12-22,132.0,23,Broken foot
223827,2023-03-26,2023-07-03,100.0,12,Hamstring injury
223827,2024-07-16,2024-08-31,47.0,5,Knee injury
223827,2024-09-25,2024-11-03,40.0,9,Ankle injury
223827,2024-12-24,2025-01-10,18.0,4,Muscle injury
223827,2025-02-24,2025-05-03,69.0,12,Hamstring injury
223827,2025-08-23,2025-09-13,22.0,4,Knee injury
223827,2026-03-15,2026-04-15,32.0,4,Hamstring injury
223911,2020-07-02,2020-08-31,61.0,6,Knee injury
223911,2020-09-13,2020-09-16,4.0,1,muscular problems
223911,2020-09-23,2020-09-25,3.0,1,Rest
223911,2023-04-28,2023-05-06,9.0,2,Thigh problems
223911,2023-09-28,2023-10-14,17.0,3,Muscle injury
223911,2024-03-31,2024-06-30,92.0,11,Ill
223911,2026-02-07,2026-03-06,28.0,5,Hamstring injury
224024,2022-10-17,2022-11-05,20.0,5,Shoulder injury
224024,2023-02-11,2023-02-21,11.0,2,Shoulder injury
224024,2023-04-07,2023-04-13,7.0,2,Foot injury
224024,2024-01-07,2024-02-21,46.0,7,Calf injury
224024,2025-01-30,2025-02-14,16.0,1,Hip injury
224024,2025-02-21,2025-03-10,18.0,3,Ankle injury
224024,2026-04-20,2026-05-16,27.0,7,Hamstring injury
224024,2026-06-30,2026-08-08,40.0,3,Hamstring injury
224068,2022-02-03,2022-02-17,15.0,0,Foot injury
224068,2022-02-18,2022-04-28,70.0,13,Hairline crack in foot
224068,2025-04-11,2025-04-15,5.0,1,Ill
224117,2024-05-28,2024-07-23,57.0,2,Knee injury
224117,2025-01-28,2025-02-06,10.0,2,Thigh problems
224117,2025-02-17,2025-02-20,4.0,1,Rest
224117,2025-11-02,2025-11-28,27.0,6,Muscle injury
224209,2022-09-01,2022-09-04,4.0,1,Knock
224209,2024-03-02,2024-04-05,35.0,8,muscular problems
224209,2024-10-28,2024-11-24,28.0,5,Hamstring injury
224209,2025-04-26,2025-04-30,5.0,1,muscular problems
224209,2025-09-13,2025-10-10,28.0,6,Muscle injury
224209,2026-02-15,2026-04-24,69.0,10,Ankle injury
224444,2021-01-01,2021-01-12,12.0,3,Virus
224444,2021-10-14,2022-01-10,89.0,22,Metatarsal fracture
224444,2022-01-03,2022-01-10,8.0,2,Corona virus
224444,2024-02-01,2024-03-29,58.0,11,Hamstring injury
224444,2024-10-07,2024-11-29,54.0,12,Hamstring injury
224444,2025-05-14,2025-05-31,18.0,3,Appendicitis
224444,2025-10-13,2025-10-20,8.0,2,strain
224444,2026-01-18,2026-01-28,11.0,2,Hamstring injury
224444,2026-05-16,2026-05-22,7.0,1,Muscle strain
224860,2020-09-15,2020-10-01,17.0,3,Torn muscle fiber
224860,2021-09-20,2021-10-15,26.0,5,Muscle injury
224860,2022-01-06,2022-01-20,15.0,3,Muscle injury
224967,2020-08-19,2020-09-04,17.0,3,unknown injury
224967,2020-10-26,2020-11-11,17.0,4,Corona virus
224967,2021-05-13,2021-05-15,3.0,0,Hand injury
224967,2021-09-04,2021-09-10,7.0,1,unknown injury
224967,2021-10-03,2021-10-13,11.0,3,Torn muscle fiber in the adductor area
224967,2021-10-29,2021-11-18,21.0,5,unknown injury
224967,2022-02-07,2022-02-16,10.0,2,Corona virus
224967,2023-05-13,2023-06-05,24.0,3,Muscle fatigue
224967,2023-12-15,2023-12-22,8.0,2,Groin injury
224967,2024-03-28,2024-04-01,5.0,1,cold
224967,2024-04-25,2024-06-04,41.0,4,Ankle injury
224967,2024-06-26,2024-07-26,31.0,0,Injury to the ankle
224967,2024-09-14,2024-09-27,14.0,3,Ill
224967,2024-09-28,2024-10-27,30.0,4,Calf stiffness
224967,2025-02-03,2025-02-09,7.0,1,Calf stiffness
224967,2025-04-04,2025-04-10,7.0,1,Knock
224967,2025-08-01,2025-08-26,26.0,2,Groin injury
224967,2025-09-03,,11.0,1,unknown injury
224967,2026-01-30,2026-02-02,4.0,1,Knock
224995,2021-04-02,2021-04-09,8.0,1,Corona virus
224995,2021-12-19,2022-01-22,35.0,3,Knee injury
224995,2022-05-25,2022-07-03,40.0,1,minor knock
224995,2022-10-23,2022-12-19,58.0,5,Foot injury
224995,2023-02-08,2023-03-10,31.0,6,Muscle injury
224995,2023-04-26,2023-06-01,37.0,5,Ankle injury
224995,2024-04-13,2024-05-20,38.0,7,Muscle injury
224995,2024-10-25,2025-02-10,109.0,18,Hamstring injury
224995,2025-03-15,2025-08-21,160.0,12,Thigh problems
224995,2025-09-16,2025-10-01,16.0,2,Hamstring injury
224995,2025-10-14,2025-10-25,12.0,2,Hamstring injury
224995,2026-01-09,2026-02-07,30.0,8,Knock
224995,2026-02-13,2026-04-17,64.0,14,Hamstring injury
224995,2026-07-27,,64.0,14,Hamstring injury
225321,2024-11-11,2024-12-20,40.0,7,Finger injury
225321,2025-01-24,2025-01-30,7.0,1,Muscle injury
225368,2021-03-18,2022-04-26,405.0,44,Cruciate ligament injury
225368,2023-02-09,2023-02-16,8.0,1,unknown injury
225368,2023-07-26,2023-08-24,30.0,4,Adductor injury
225368,2023-10-09,2024-06-30,266.0,30,Cruciate ligament tear
225368,2026-02-11,2026-04-09,58.0,8,unknown injury
225702,2021-05-07,2021-06-30,55.0,5,Thigh problems
225702,2021-09-10,2021-09-17,8.0,1,Quarantine
225702,2022-07-30,2022-09-14,47.0,10,Hamstring injury
225702,2022-11-01,2022-11-07,7.0,2,ankle sprain
225702,2022-11-01,2022-11-07,7.0,2,Ankle sprain
225702,2022-11-25,2022-12-25,31.0,2,Ankle injury
225702,2023-01-03,2023-04-28,116.0,19,Hamstring injury
225702,2024-02-07,2024-04-02,56.0,7,ankle sprain
225702,2024-02-07,2024-04-02,56.0,7,Ankle sprain
225702,2024-04-17,2024-05-01,15.0,1,unknown injury
225796,2020-12-14,2020-12-28,15.0,2,Ankle injury
225796,2020-12-24,2021-01-18,26.0,3,Hamstring strain
225796,2021-12-27,2022-02-14,50.0,11,Hamstring injury
225796,2022-02-14,2022-02-24,11.0,2,Fitness
225796,2022-03-03,2022-03-21,19.0,5,Muscle injury
225796,2022-04-21,2022-04-28,8.0,2,Hamstring injury
225796,2022-10-13,2022-12-12,61.0,14,Knee injury
225796,2022-12-27,2023-01-31,36.0,7,Knee injury
225796,2023-03-01,2023-03-05,5.0,1,Hamstring injury
225796,2023-03-09,2023-03-15,7.0,1,Ill
225796,2023-03-26,2023-03-31,6.0,0,Thigh problems
225796,2023-04-25,2023-05-31,37.0,7,Hamstring injury
225796,2023-08-13,2023-10-06,55.0,11,Hamstring injury
225796,2023-12-11,2024-05-10,152.0,31,surgery
225796,2024-08-09,2024-10-14,67.0,15,Hamstring injury
225796,2024-11-19,2024-12-27,39.0,10,Hamstring injury
225796,2025-03-08,2025-03-12,5.0,1,Ill
225796,2026-01-09,2026-01-16,8.0,2,Hip problems
225796,2026-02-01,2026-02-11,11.0,3,Knock
225796,2026-03-15,2026-05-03,50.0,9,Hamstring injury
225796,2026-09-14,2026-10-10,27.0,1,Thigh problems
225897,2020-09-27,2020-11-02,37.0,6,Metatarsal fracture
225897,2021-10-23,2021-10-30,8.0,2,Ankle injury
225897,2021-11-02,2021-11-05,4.0,1,Ankle problems
225897,2022-01-12,2022-01-16,5.0,2,Corona virus
225897,2022-02-09,2022-02-12,4.0,1,Adductor pain
225897,2022-12-30,2023-01-28,30.0,10,Acromioclavicular joint dislocation
225897,2025-02-03,2025-02-22,20.0,2,Injury to the ankle
225897,2025-03-10,2025-03-15,6.0,0,Muscle injury
225897,2025-03-27,2025-03-29,3.0,0,Injury to the ankle
225897,2025-10-24,2025-11-22,30.0,4,Hamstring injury
225902,2023-11-27,2023-12-08,12.0,3,Bruise on ankle
226182,2022-02-14,2022-10-01,230.0,31,Knee problems
226182,2026-01-02,2026-01-16,15.0,3,Calf injury
226473,2022-07-30,2022-12-10,134.0,22,unknown injury
226473,2024-01-29,2024-03-06,38.0,9,Thigh problems
226597,2020-08-01,2020-08-31,31.0,2,Ill
226597,2020-12-26,2021-01-13,19.0,4,Corona virus
226597,2021-07-06,2021-08-25,51.0,4,Knee injury
226597,2024-10-27,2024-11-01,6.0,2,Knee injury
226597,2024-12-01,2024-12-13,13.0,3,Knee injury
226597,2025-04-02,2025-07-14,104.0,12,Hamstring injury
226597,2025-11-16,2025-12-27,42.0,10,Hamstring injury
226597,2026-03-22,2026-04-01,11.0,2,Knee injury
226944,2021-01-14,2021-02-01,19.0,3,Muscle tear
226944,2021-09-23,2021-09-30,8.0,2,Thigh problems
226944,2022-09-15,2022-10-31,47.0,9,Knee injury
226944,2023-03-12,2023-03-18,7.0,2,Ankle injury
226944,2023-04-04,2023-04-30,27.0,6,Ankle injury
226944,2024-02-11,2024-10-30,263.0,35,Knee injury
226944,2024-11-22,2024-11-24,3.0,1,Thigh problems
226944,2025-02-15,2025-03-03,17.0,5,Hamstring injury
226944,2025-08-23,,22.0,3,Hamstring injury
226944,2026-01-11,2026-07-01,172.0,27,Knee injury
226956,2020-09-01,2020-12-01,92.0,27,Foot injury
226956,2025-03-19,2025-04-01,14.0,1,Heel problems
226956,2025-04-17,2025-04-22,6.0,1,Adductor pain
226956,2025-11-08,,325.0,48,Knee injury
227127,2021-09-19,2021-10-14,26.0,6,Knee injury
227127,2023-02-10,2023-05-01,81.0,17,Broken ankle
227127,2024-05-13,2024-06-30,49.0,4,Knee injury
227127,2024-09-10,2024-09-20,11.0,2,Groin problems
227127,2025-01-18,2025-01-25,8.0,2,Knock
227127,2025-08-15,2025-12-23,131.0,30,Knee injury
227127,2025-08-21,2025-08-30,10.0,2,Muscle injury
227127,2026-03-14,2026-04-06,24.0,3,Muscle injury
227444,2021-05-21,2021-05-31,11.0,1,surgery
227444,2021-10-09,2021-10-17,9.0,1,unknown injury
227444,2022-04-20,2022-04-23,4.0,1,flu
227444,2022-04-20,2022-04-23,4.0,1,Stomach flu
227444,2022-09-08,2022-09-30,23.0,6,Adductor pain
227444,2023-02-19,2023-02-24,6.0,2,muscular problems
227444,2023-04-04,2023-04-07,4.0,1,flu
228044,2020-11-02,2020-11-04,3.0,1,Knee injury
228044,2023-02-05,2023-03-16,40.0,6,Forearm fracture
228044,2026-08-30,,30.0,5,Knock
228286,2020-10-16,2020-10-19,4.0,1,Muscle strain
228286,2021-09-14,2021-09-24,11.0,3,Bruised ribs
228286,2022-01-07,2022-01-13,7.0,3,Corona virus
228286,2022-12-08,2023-01-04,28.0,2,Knock
228286,2023-01-05,2023-03-16,71.0,19,Shoulder injury
228286,2026-06-23,2026-09-10,80.0,2,Ligament injury
228798,2020-07-21,2020-07-27,7.0,2,Calf problems
228798,2020-12-26,2021-01-02,8.0,2,Hamstring strain
228798,2021-01-04,2021-01-15,12.0,1,Ankle injury
228798,2021-03-05,2021-04-13,40.0,8,unknown injury
228798,2021-11-07,2021-11-24,18.0,3,Back injury
228798,2021-11-27,2021-12-03,7.0,2,Back injury
228798,2022-03-05,2022-03-09,5.0,1,Ill
228798,2022-04-18,2022-04-23,6.0,1,Knee injury
228798,2023-09-17,2023-10-13,27.0,7,Torn thigh muscle
228798,2023-10-28,2023-10-30,3.0,1,Fitness
228798,2023-11-01,2023-11-07,7.0,1,unknown injury
228798,2024-03-17,2024-03-30,14.0,1,Groin injury
228798,2024-03-30,2024-04-07,9.0,2,Fitness
228798,2024-04-10,2024-04-15,6.0,2,Hip problems
228798,2024-05-12,2024-05-26,15.0,3,unknown injury
228798,2024-10-19,2024-11-20,33.0,6,Groin injury
228798,2024-11-20,2024-11-24,5.0,1,Fitness
228798,2025-06-01,2025-06-22,22.0,2,unknown injury
228798,2025-12-08,2026-01-08,32.0,3,Hamstring strain
229164,2020-09-27,2021-02-28,155.0,35,Knee injury
229164,2024-03-23,2024-05-10,49.0,8,unknown injury
229164,2024-10-27,2025-06-01,218.0,36,Achilles tendon rupture
229164,2025-11-15,2026-01-16,63.0,11,Hamstring injury
229384,2020-11-20,2020-11-27,8.0,2,concussion
229384,2022-03-18,2022-03-20,3.0,1,Ill
229384,2023-10-21,2023-11-11,22.0,4,Ligament injury
230001,2020-12-03,2020-12-07,5.0,1,minor knock
230001,2020-12-10,2021-01-11,33.0,4,Knock
230001,2021-01-28,2021-02-08,12.0,5,minor knock
230001,2021-02-18,2021-04-19,61.0,20,Eye injury
230001,2021-10-28,2021-11-01,5.0,1,Ill
230001,2021-12-13,2022-01-13,32.0,4,Thigh problems
230001,2022-03-03,2022-03-10,8.0,2,minor knock
230001,2022-04-21,2022-05-05,15.0,4,minor knock
230001,2022-12-08,2022-12-12,5.0,1,Hip flexor problems
230001,2022-12-15,2022-12-22,8.0,1,Muscle injury
230001,2023-01-05,2023-03-07,62.0,10,inflammation
230001,2023-10-15,2023-10-23,9.0,2,muscular problems
230001,2023-10-30,2023-11-02,4.0,1,Ill
230001,2023-12-13,2024-01-29,48.0,10,Torn muscle bundle
230001,2024-01-30,2024-02-09,11.0,1,Fitness
230001,2024-02-19,2024-03-18,29.0,5,Torn muscle fiber
230001,2024-10-09,2024-10-18,10.0,2,heart problems
230001,2025-07-21,2025-08-29,40.0,9,Knock
230001,2025-09-22,2025-10-17,26.0,4,Muscle injury
230001,2026-03-04,2026-03-13,10.0,0,Foot injury
230001,2026-03-19,2026-03-23,5.0,1,Ill
230001,2026-06-07,2026-06-13,7.0,0,Shoulder injury
230046,2021-10-25,2021-11-25,32.0,5,Hamstring injury
230046,2024-10-22,2024-12-09,49.0,10,Muscle fatigue
230046,2024-12-16,2024-12-18,3.0,1,Rest
230046,2024-12-19,2024-12-27,9.0,1,muscular problems
230046,2025-02-13,2025-02-21,9.0,2,Muscle fatigue
230046,2025-02-23,2025-04-04,41.0,6,Hamstring muscle injury
230046,2025-09-25,2025-10-13,19.0,4,Thigh problems
230046,2025-11-05,2025-12-11,37.0,9,Thigh problems
230251,2023-11-24,2024-01-24,62.0,0,unknown injury
230251,2026-03-20,2026-03-31,12.0,1,Knock
230251,2026-07-20,2026-08-31,43.0,6,muscular problems
230348,2022-09-05,2022-12-07,94.0,14,Hamstring injury
230348,2023-01-28,2023-11-06,283.0,38,Achilles tendon surgery
230348,2023-12-01,2024-05-01,153.0,31,Muscle injury
230348,2024-10-06,2025-02-20,138.0,22,Hamstring injury
230348,2025-02-21,2025-04-03,42.0,5,Fitness
230348,2025-10-04,2026-01-03,92.0,20,Hamstring injury
231057,2020-12-01,2020-12-14,14.0,2,Thigh problems
231057,2023-01-15,2023-03-14,59.0,8,ankle sprain
231057,2023-01-15,2023-03-14,59.0,8,Ankle sprain
231057,2023-10-22,2023-11-02,12.0,1,Calf injury
231057,2024-03-10,2024-05-01,53.0,8,Knee injury
231057,2025-10-17,2025-10-20,4.0,1,Ill
231057,2025-12-12,2026-01-31,51.0,9,Hamstring injury
231065,2024-02-10,2024-04-13,64.0,11,Ankle injury
231065,2024-06-01,2024-06-20,20.0,0,Injury to the ankle
231065,2024-12-18,2025-02-01,46.0,9,Hamstring injury
231065,2025-08-01,2025-08-26,26.0,3,Hamstring injury
231372,2020-07-13,2020-07-31,19.0,3,Knock
231372,2020-10-28,2020-10-31,4.0,1,Knock
231372,2020-11-09,2020-11-20,12.0,0,Virus
231372,2020-12-05,2020-12-08,4.0,1,unknown injury
231372,2021-08-08,2021-08-28,21.0,4,Knock
231372,2022-03-01,2022-03-08,8.0,1,Dead leg
231372,2022-04-15,2022-04-28,14.0,3,Dead leg
231372,2023-02-01,2023-02-03,3.0,0,influenza
231372,2023-07-25,2023-08-27,34.0,3,Injury to the ankle
231372,2023-10-24,2023-11-04,12.0,3,Groin problems
231372,2024-02-16,2024-02-27,12.0,3,Knock
231372,2024-09-28,2024-10-02,5.0,1,Muscle injury
231372,2024-10-18,2024-10-31,14.0,3,Hip injury
231372,2024-11-11,2024-11-22,12.0,0,Leg injury
231372,2025-02-27,,199.0,17,Pubalgia
231372,2026-02-27,2026-02-28,2.0,0,Muscle injury
231416,2020-10-18,2020-10-26,9.0,1,Hip injury
231416,2021-01-17,2021-01-31,15.0,4,Shoulder injury
231416,2021-09-05,2021-09-13,9.0,2,unknown injury
231416,2021-12-16,2022-01-02,18.0,4,Hamstring strain
231416,2022-01-21,2022-01-26,6.0,1,Corona virus
231416,2022-02-24,2022-03-27,32.0,6,Hamstring strain
231416,2022-07-27,2022-08-04,9.0,2,Groin strain
231416,2022-10-08,2022-10-10,3.0,1,Stomach flu
231416,2022-11-16,2022-11-25,10.0,1,Hamstring injury
231416,2023-08-24,2023-09-10,18.0,4,Torn thigh muscle
231416,2023-09-20,2023-09-22,3.0,1,Rest
231416,2023-11-26,2023-12-02,7.0,2,bruise
231416,2024-03-17,2024-03-31,15.0,3,Calf injury
231416,2024-06-02,2024-06-05,4.0,1,minor knock
231416,2024-08-12,2024-08-16,5.0,1,Hamstring strain
231416,2024-08-30,2024-09-10,12.0,3,unknown injury
231416,2024-11-02,2025-06-25,236.0,39,Toe joint capsular tear
231416,2026-05-24,2026-06-08,16.0,2,unknown injury
231480,2021-07-22,2021-09-06,47.0,6,Knee injury
231480,2022-04-16,2022-04-26,11.0,2,Adductor injury
231480,2023-05-24,2023-08-21,90.0,6,Hamstring injury
231480,2024-04-25,2024-04-30,6.0,1,Hamstring injury
231480,2024-11-11,2024-11-29,19.0,3,Muscle injury
231480,2025-12-28,2025-12-31,4.0,1,Knock
231747,2025-03-08,2025-03-29,22.0,2,Head injury
231747,2026-01-31,2026-03-09,38.0,8,Knee problems
231747,2026-08-23,,37.0,6,Hamstring injury
231899,2024-02-01,2024-03-01,30.0,6,Hamstring injury
231899,2024-10-21,2024-11-20,31.0,5,Hamstring injury
231899,2026-05-11,,141.0,7,Knee surgery
232112,2020-08-16,2020-08-27,12.0,3,Arm injury
232112,2021-07-20,2021-07-30,11.0,1,Corona virus
232112,2021-12-26,2022-01-05,11.0,1,Corona virus
232112,2025-01-26,2025-02-01,7.0,2,Knock
232112,2025-02-08,2025-02-17,10.0,1,Knock
232112,2025-03-04,2025-03-12,9.0,2,unknown injury
232112,2026-05-07,2026-05-13,7.0,1,Back problems
232112,2026-06-28,,93.0,7,Cruciate ligament tear
232185,2021-11-21,2022-01-01,42.0,6,Ligament injury
232185,2022-01-07,2022-01-27,21.0,7,bruise
232185,2022-02-27,2022-03-16,18.0,3,Hamstring injury
232185,2023-09-09,2023-09-28,20.0,4,Hamstring injury
232185,2024-03-22,2024-04-28,38.0,8,Hamstring injury
232185,2025-02-07,2025-02-12,6.0,1,Ill
232185,2025-09-03,,11.0,1,unknown injury
232185,2025-12-01,2025-12-12,12.0,3,Ankle problems
232185,2026-08-20,,40.0,6,Groin injury
232223,2022-12-31,2023-01-10,11.0,2,Hamstring injury
232223,2023-07-27,2023-08-27,32.0,4,Injury to the ankle
232223,2024-01-21,2024-02-05,16.0,2,Shoulder injury
232223,2024-10-06,2024-11-23,49.0,11,Shoulder injury
232223,2024-12-02,2025-03-24,113.0,25,Shoulder injury
232223,2025-05-10,2025-06-30,52.0,8,Injury to the ankle
232223,2025-08-14,2025-08-22,9.0,1,Calf injury
232223,2025-12-03,2025-12-06,4.0,1,Dead leg
232228,2022-01-15,2022-03-28,73.0,14,Hamstring injury
232228,2022-08-10,2022-09-18,40.0,8,unknown injury
232228,2025-02-25,2025-04-11,46.0,7,Foot injury
232361,2021-10-16,2022-01-31,108.0,20,Hip injury
232361,2022-11-01,2022-12-19,49.0,7,unknown injury
232391,2023-11-04,2024-02-15,104.0,21,Ankle injury
232391,2024-03-05,2024-04-15,42.0,8,Knee injury
232391,2024-04-26,2024-05-06,11.0,2,unknown injury
232391,2024-08-24,2024-11-24,93.0,16,Knock
232391,2025-09-04,2025-09-23,20.0,2,Groin problems
232413,2020-09-10,2020-09-11,2.0,0,Groin injury
232413,2020-11-19,2020-11-22,4.0,0,Knock
232413,2021-05-19,2021-10-28,163.0,26,Achilles tendon problems
232413,2023-10-03,2023-11-01,30.0,5,Hamstring injury
232413,2023-11-25,2023-12-14,20.0,4,Ankle injury
232413,2024-01-30,2024-03-01,32.0,5,Muscle injury
232413,2024-10-30,2024-11-25,27.0,6,Hamstring injury
232413,2025-02-03,2025-02-11,9.0,1,Foot injury
232413,2026-03-18,2026-04-09,23.0,5,Calf injury
232456,2023-08-12,2023-09-20,40.0,7,Arm injury
232571,2024-10-25,2024-11-15,22.0,4,Leg injury
232620,2025-01-03,2025-01-26,24.0,3,Calf problems
232653,2022-11-23,2023-01-08,47.0,4,Hamstring injury
232653,2023-07-02,2023-09-20,81.0,9,Metatarsal fracture
232653,2023-10-04,2023-11-24,52.0,8,Foot injury
232653,2024-01-13,2024-01-29,17.0,2,Hamstring injury
232653,2024-03-03,2024-06-30,120.0,17,Toe injury
232653,2024-10-05,2024-10-07,3.0,1,Muscle injury
232653,2024-11-22,2024-12-27,36.0,9,Hamstring injury
232653,2025-09-01,2025-10-13,43.0,7,Ankle injury
232787,2024-03-06,2024-03-10,5.0,0,Ill
232787,2026-03-11,2026-03-16,6.0,1,Ill
232792,2020-10-04,2020-10-17,14.0,2,Hamstring injury
232792,2020-12-08,2020-12-15,8.0,1,Hamstring strain
232792,2020-12-16,2021-02-24,71.0,16,Hamstring injury
232792,2021-02-26,2021-02-28,3.0,1,Rest
232792,2021-03-06,2021-09-18,197.0,27,Hamstring injury
232792,2022-04-21,2022-04-29,9.0,1,Knee injury
232792,2023-03-05,2023-06-30,118.0,20,Knee injury
232792,2023-10-06,2023-11-15,41.0,9,Muscle injury
232792,2023-11-25,2024-01-07,44.0,11,unknown injury
232792,2024-02-27,2024-03-01,4.0,1,Muscle injury
232792,2024-04-08,2024-05-08,31.0,4,Muscle injury
232792,2024-08-10,2024-08-23,14.0,1,Muscle injury
232792,2024-11-08,2024-11-25,18.0,2,Calf injury
232792,2025-01-10,2025-01-15,6.0,1,Ill
232792,2025-03-07,2025-04-21,46.0,7,Ankle injury
232792,2025-05-11,,126.0,6,Knee injury
232792,2025-09-24,2026-05-15,234.0,45,Cruciate ligament surgery
232797,2023-02-05,2023-04-26,81.0,17,Facial injury
232797,2024-02-14,2024-04-02,49.0,9,Hamstring injury
232797,2024-10-20,2025-01-22,95.0,20,Knee injury
232797,2026-04-15,2026-04-26,12.0,3,Hamstring injury
232826,2022-12-29,2023-01-04,7.0,2,Ill
232826,2023-03-10,2023-04-01,23.0,6,Ankle injury
232826,2024-05-15,2024-05-27,13.0,2,Ankle injury
232826,2024-10-26,2024-10-30,5.0,2,Groin injury
232826,2025-02-06,2025-02-10,5.0,1,Thigh problems
232826,2025-03-21,2025-04-14,25.0,4,Knock
232826,2025-11-07,2025-11-24,18.0,4,Hip problems
232826,2026-02-06,2026-02-09,4.0,1,Thigh problems
232826,2026-04-17,2026-04-30,14.0,2,Hip injury
232859,2023-05-12,2023-06-15,35.0,5,Knee injury
232859,2023-09-18,2023-11-18,62.0,13,Outer ligament problems
232859,2024-10-21,2024-11-08,19.0,5,Groin injury
232859,2025-01-20,2025-02-01,13.0,3,Knock
232859,2026-01-29,2026-02-09,12.0,2,Calf injury
232859,2026-02-23,2026-03-08,14.0,2,Calf problems
232859,2026-08-17,2026-10-05,50.0,6,Fitness
232892,2021-02-14,2021-02-23,10.0,2,Quarantine
232892,2023-12-15,2023-12-18,4.0,1,cold
232892,2026-03-25,2026-04-01,8.0,2,Back injury
232917,2020-10-20,2020-11-10,22.0,6,Muscle injury
232917,2022-02-06,2022-02-11,6.0,2,Head injury
232917,2025-03-04,2025-06-16,105.0,11,Shoulder injury
232928,2022-11-12,2023-02-09,90.0,8,Back injury
232928,2024-10-18,2025-01-24,99.0,15,Back injury
232937,2020-07-14,2020-07-18,5.0,1,Head injury
232937,2021-01-10,2021-02-01,23.0,6,Knock
232937,2022-07-08,2022-12-04,150.0,21,unknown injury
232977,2021-05-10,2021-06-01,23.0,0,Neck injury
232977,2022-07-15,2022-10-01,79.0,12,Knee injury
232977,2023-01-02,2023-04-22,111.0,20,Achilles tendon contusion
232980,2023-11-12,2023-12-25,44.0,5,Hamstring injury
232980,2024-01-22,2024-03-20,59.0,10,Hamstring injury
233420,2020-10-15,2020-10-18,4.0,1,Knock
233420,2020-12-05,2020-12-08,4.0,1,Back injury
233420,2021-04-30,2021-05-03,4.0,1,Muscle injury
233420,2021-11-27,2021-11-29,3.0,1,Lumbago
233420,2024-05-16,2024-05-19,4.0,1,Foot injury
233420,2025-01-27,2025-02-21,26.0,6,unknown injury
233420,2025-02-23,2025-03-09,15.0,4,unknown injury
233420,2025-05-20,2025-05-23,4.0,1,Abdominal problems
233425,2020-11-07,2020-11-20,14.0,5,Hamstring injury
233425,2020-12-21,2020-12-28,8.0,1,Groin strain
233425,2021-01-03,2021-01-26,24.0,4,Hamstring injury
233425,2021-03-24,2021-04-21,29.0,6,unknown injury
233425,2022-10-20,2022-10-23,4.0,1,unknown injury
233425,2023-02-12,2023-05-10,88.0,18,Toe injury
233425,2025-12-08,2026-04-17,131.0,25,surgery
233821,2021-10-16,2021-10-23,8.0,2,Hamstring injury
233821,2023-10-20,2023-11-24,36.0,6,unknown injury
233821,2026-01-26,2026-01-31,6.0,1,Knock
233821,2026-04-04,2026-07-10,98.0,6,unknown injury
233821,2026-08-05,2026-08-10,6.0,1,Ill
233963,2020-08-31,2020-10-05,36.0,6,Groin injury
233963,2020-10-08,2020-11-23,47.0,10,Meniscus tear
233963,2020-12-21,2020-12-31,11.0,1,Adductor pain
233963,2021-10-28,2021-11-18,22.0,4,Torn muscle fiber
233963,2021-12-27,2022-01-03,8.0,0,Corona virus
233963,2022-01-03,2022-01-13,11.0,1,Fitness
233963,2022-10-27,2022-11-03,8.0,1,muscular problems
233963,2023-01-25,2023-01-30,6.0,1,Head injury
233963,2023-05-04,2023-05-15,12.0,2,Shin injury
233963,2023-08-15,2023-08-22,8.0,1,Adductor pain
233963,2024-04-20,2024-05-13,24.0,4,Knock
233963,2025-10-20,2025-11-28,40.0,6,Torn thigh muscle
234908,2020-10-30,2020-11-20,22.0,5,Hamstring injury
234908,2021-01-21,2021-01-31,11.0,3,Muscle injury
234908,2021-01-21,2021-01-31,11.0,3,muscular problems
234908,2021-04-30,2021-05-23,24.0,6,Muscle injury
234908,2021-04-30,2021-05-23,24.0,6,Muscle tear
234908,2022-08-29,2022-11-04,68.0,17,unknown injury
234908,2023-05-30,2023-08-01,64.0,3,Shoulder injury
234908,2023-12-21,2024-05-31,163.0,23,Shoulder injury
234908,2024-08-02,2024-12-18,139.0,19,Knee injury
234908,2025-12-17,2026-01-03,18.0,1,Muscle tear
234908,2026-01-24,2026-07-31,189.0,32,Achilles tendon rupture
234908,2026-09-01,2026-09-14,14.0,2,muscular problems
235382,2020-12-28,2021-01-15,19.0,4,Ill
235382,2021-09-27,2021-12-14,79.0,11,Ankle surgery
235382,2022-04-10,2022-04-19,10.0,1,Ill
235382,2023-12-16,2024-01-22,38.0,4,Syndesmotic ligament tear
235382,2026-04-15,2026-05-14,30.0,7,Adductor injury
235382,2026-05-21,2026-08-14,86.0,5,Groin injury
235530,2020-09-25,2020-10-23,29.0,6,Hamstring injury
235530,2020-10-30,2020-11-01,3.0,1,Hamstring injury
235530,2021-04-21,2021-05-03,13.0,3,Ankle injury
235530,2021-11-10,2021-12-06,27.0,4,Muscle injury
235530,2022-08-22,2022-08-30,9.0,2,Muscle injury
235530,2022-09-15,2022-12-26,103.0,11,Ankle injury
235530,2023-01-25,2023-03-06,41.0,5,Ankle injury
235530,2023-09-23,2023-10-16,24.0,4,Calf injury
235530,2023-12-01,2024-01-08,39.0,7,Muscle injury
235530,2024-02-17,2024-03-18,31.0,6,Hip injury
235530,2025-04-28,2025-05-13,16.0,2,Hamstring muscle injury
235530,2025-10-31,2025-11-17,18.0,3,Hamstring injury
235530,2026-01-04,2026-01-10,7.0,1,Muscle fatigue
235674,2020-09-25,2020-09-28,4.0,1,Knock
235674,2021-08-03,2021-08-12,10.0,3,Ankle injury
235674,2022-01-10,2022-02-16,38.0,0,unknown injury
235674,2022-08-07,2023-01-01,148.0,17,Knee surgery
235674,2023-10-05,2024-07-07,277.0,33,Meniscus injury
235674,2024-09-18,2024-10-17,30.0,4,Hamstring injury
235674,2025-06-07,2025-08-30,85.0,4,Calf injury
235674,2025-11-06,2025-11-18,13.0,3,Back injury
235674,2026-02-17,2026-02-21,5.0,1,flu
235674,2026-02-27,2026-04-11,44.0,9,Thigh problems
235826,2020-10-25,2020-11-12,19.0,5,Corona virus
235826,2025-09-08,2025-10-17,40.0,1,Calf injury
240299,2021-02-23,2022-02-27,370.0,0,Back injury
240299,2023-08-31,2023-09-30,31.0,9,Hamstring injury
240299,2024-10-15,2025-01-03,81.0,17,Groin problems
240514,2021-07-24,2021-09-10,49.0,8,Ankle problems
240514,2022-09-01,2022-09-08,8.0,1,unknown injury
240514,2022-10-15,2022-11-07,24.0,4,Knee injury
240514,2023-11-24,2023-11-26,3.0,1,Ill
240514,2023-12-22,2024-06-30,192.0,29,Cruciate ligament tear
240514,2024-11-26,2024-12-31,36.0,4,Knee surgery
240514,2026-02-04,2026-03-02,27.0,5,Muscle injury
240514,2026-03-14,2026-03-31,18.0,1,minor knock
241157,2020-10-04,2020-10-31,28.0,4,Knee bruise
241157,2021-12-03,2021-12-13,11.0,2,unknown injury
241157,2023-03-25,2023-05-01,38.0,6,Knee surgery
241157,2024-08-16,2024-08-18,3.0,1,Fitness
241157,2024-11-24,2024-11-28,5.0,1,unknown injury
241157,2025-01-22,2025-05-13,112.0,23,Calf injury
241231,2020-09-24,2020-11-12,50.0,12,Corona virus
241231,2021-10-28,2022-01-03,68.0,10,Muscle injury
241231,2022-01-17,2022-02-03,18.0,2,Knee problems
241231,2022-03-24,2022-03-31,8.0,2,Corona virus
241231,2022-05-09,2022-06-01,24.0,1,Thigh problems
241231,2022-10-18,2022-10-23,6.0,2,muscular problems
241231,2023-02-15,2023-02-23,9.0,2,Torn muscle fiber
241231,2023-04-24,2023-05-15,22.0,3,Foot injury
241231,2023-10-04,2023-10-30,27.0,3,Meniscus injury
241231,2024-01-08,2025-07-08,548.0,68,Knee injury
241231,2025-07-08,2025-09-14,69.0,5,Hamstring injury
241289,2023-04-15,2023-06-30,77.0,5,Back injury
241519,2020-10-14,2020-10-24,11.0,2,Corona virus
241519,2021-11-27,2021-12-13,17.0,5,Knee problems
241519,2022-02-23,2022-05-21,88.0,19,Metatarsal fracture
241519,2022-07-31,2022-08-13,14.0,0,Shoulder injury
241519,2022-10-30,2022-11-14,16.0,4,Muscle injury
241519,2023-12-30,2024-01-03,5.0,1,unknown injury
241519,2024-02-25,2024-03-10,15.0,3,Shoulder injury
241519,2024-10-14,2024-10-20,7.0,2,Muscle fatigue
241519,2024-11-24,2024-12-09,16.0,3,Muscle fatigue
241519,2025-01-18,2025-01-20,3.0,1,Muscle fatigue
241519,2025-12-21,2025-12-26,6.0,0,Muscle fatigue
241519,2026-08-27,2026-09-15,20.0,3,Muscle fatigue
242058,2020-07-17,2020-07-25,9.0,1,Knee injury
242058,2020-09-27,2020-10-14,18.0,2,Knock
242058,2020-11-08,2020-11-19,12.0,3,muscular problems
242058,2021-03-02,2021-03-16,15.0,4,Corona virus
242058,2021-03-24,2021-03-31,8.0,2,Muscle fatigue
242058,2021-08-12,2021-08-19,8.0,1,Quarantine
242058,2021-10-23,2021-11-09,18.0,5,Muscle fatigue
242058,2022-05-29,2022-06-16,19.0,5,unknown injury
242058,2022-10-31,2022-11-09,10.0,2,inflammation
242058,2023-04-15,2023-05-02,18.0,5,muscular problems
242058,2023-08-19,2023-08-26,8.0,1,Knock
242058,2023-09-26,2023-09-30,5.0,1,unknown injury
242058,2023-12-14,2024-03-08,86.0,14,Shin injury
242058,2024-04-15,2024-04-26,12.0,2,Knee problems
242058,2024-10-07,2024-10-19,13.0,2,Lumbago
242058,2024-10-28,2024-11-01,5.0,1,Ankle problems
242058,2024-11-06,2024-11-09,4.0,1,Rest
242058,2025-02-23,2025-03-03,9.0,2,Head injury
242058,2025-05-11,2025-05-16,6.0,1,muscular problems
242058,2025-06-04,2025-07-13,40.0,2,muscular problems
242058,2025-10-12,2025-10-17,6.0,1,Ankle sprain
242058,2025-10-22,2025-10-24,3.0,1,Rest
242058,2025-11-07,2025-11-18,12.0,3,Shin bruise
242058,2026-01-16,2026-01-30,15.0,3,Ankle problems
242058,2026-02-18,2026-02-20,3.0,1,Rest
242058,2026-03-03,2026-03-14,12.0,2,Shin bruise
242058,2026-04-07,2026-06-01,56.0,9,Shin bruise
242166,2020-10-15,2020-10-26,12.0,2,Corona virus
242166,2021-03-11,2021-03-15,5.0,1,Knock
242166,2021-05-07,2021-07-31,86.0,0,Metatarsal fracture
242166,2022-10-04,2022-10-11,8.0,2,Knock
242166,2022-12-28,2023-01-01,5.0,1,Injury to the ankle
242166,2024-04-11,2024-04-20,10.0,2,Calf injury
242166,2024-10-14,2024-10-18,5.0,0,Toe injury
242166,2025-01-29,2025-02-01,4.0,1,influenza
242166,2026-05-09,2026-05-18,10.0,1,Thigh problems
242453,2022-09-16,2022-10-29,44.0,8,Thigh problems
242453,2023-04-19,2023-06-20,63.0,4,Hamstring injury
242453,2024-01-01,2024-01-13,13.0,2,Knee problems
242453,2024-01-17,2024-01-31,15.0,2,Knee problems
242453,2024-02-15,2024-09-24,223.0,23,Knee injury
242453,2024-12-23,2024-12-31,9.0,2,Knee problems
242453,2025-03-24,2025-11-10,232.0,27,Ankle surgery
242880,2021-11-26,2021-12-20,25.0,6,Hamstring injury
242880,2021-12-30,2022-01-06,8.0,1,Corona virus
242880,2022-01-09,2022-03-03,54.0,10,Hamstring injury
242880,2022-07-15,2022-08-10,27.0,3,Muscle injury
242880,2022-10-13,2022-10-20,8.0,2,Adductor injury
242880,2023-05-19,2023-08-31,105.0,7,Hamstring injury
242880,2023-05-29,2023-09-17,112.0,6,Groin injury
242880,2023-09-18,2023-10-19,32.0,4,Fitness
242880,2023-12-28,2024-01-08,12.0,2,Muscle fatigue
242880,2024-02-08,2024-03-13,35.0,6,Groin injury
242880,2024-12-14,2025-03-03,80.0,15,Hamstring injury
242880,2025-06-29,2025-07-15,17.0,3,Muscle strain
242880,2025-07-01,2025-09-08,70.0,6,Muscle injury
242880,2025-10-17,2025-11-21,36.0,7,Muscle injury
242880,2026-03-16,2026-03-20,5.0,1,Ill
242882,2020-10-18,2020-11-05,19.0,2,Metacarpal fracture
242882,2021-07-17,2021-09-06,52.0,15,Muscle injury
242882,2023-02-25,2023-03-20,24.0,3,Dead leg
242882,2023-11-03,2023-12-01,29.0,5,Fissure of the fibula
242882,2023-12-19,2024-02-18,62.0,9,Shoulder injury
242882,2025-09-12,2025-09-15,4.0,1,Knock
242885,2021-08-09,2021-09-11,34.0,12,Groin injury
242885,2021-09-24,2021-12-31,99.0,30,Thigh problems
242898,2023-09-28,2023-10-21,24.0,4,Hamstring injury
242898,2023-12-15,2023-12-18,4.0,1,Head injury
242898,2025-01-16,2025-02-13,29.0,7,Calf injury
243016,2020-11-07,2020-12-12,36.0,5,Virus
243016,2021-02-02,2021-02-05,4.0,1,Back injury
243016,2023-12-07,2023-12-29,23.0,6,Knee injury
243016,2025-05-12,2025-07-29,79.0,2,Muscle injury
243016,2025-08-18,2025-08-29,12.0,1,muscular problems
243298,2020-10-21,2020-10-31,11.0,3,Corona virus
243298,2021-01-10,2021-03-13,63.0,15,Ankle injury
243298,2021-09-04,2021-09-09,6.0,1,unknown injury
243298,2021-10-08,2021-10-13,6.0,1,concussion
243298,2021-10-22,2021-11-30,40.0,9,Ankle injury
243298,2022-02-21,2022-03-04,12.0,3,unknown injury
243298,2022-03-18,2022-04-01,15.0,3,unknown injury
243298,2023-03-23,2023-03-26,4.0,1,Virus
243298,2023-10-01,2023-10-24,24.0,5,Knee injury
243298,2025-02-12,2025-02-21,10.0,3,Knock
243298,2025-03-04,2025-03-09,6.0,2,Knock
243298,2025-12-07,2025-12-25,19.0,3,Muscle injury
243298,2026-09-27,,2.0,0,Ankle injury
243505,2022-04-02,2023-10-29,576.0,93,Cruciate ligament tear
243505,2025-02-28,2025-03-04,5.0,1,Ankle injury
243505,2025-08-01,2025-09-13,44.0,6,Back problems
243505,2025-08-01,2026-01-28,181.0,36,Inguinal hernia
243505,2026-04-23,,159.0,12,Knee surgery
243526,2020-08-29,2020-10-22,55.0,10,Ankle injury
243526,2021-02-24,2021-03-18,23.0,4,Hamstring injury
243526,2021-04-24,2021-05-17,24.0,5,Ankle injury
243526,2022-10-28,2023-01-17,82.0,12,Pubalgia
243526,2026-01-18,2026-01-30,13.0,1,Adductor pain
243526,2026-05-22,2026-06-08,18.0,2,Hamstring injury
243568,2020-07-09,2020-11-17,132.0,27,Knee injury
243568,2021-06-21,2021-07-01,11.0,1,Corona virus
243568,2022-01-08,2022-02-05,29.0,5,Ankle injury
243568,2024-03-27,2024-04-26,31.0,5,Knee injury
243568,2025-07-16,2025-08-04,20.0,0,Adductor injury
243568,2025-11-02,2026-02-15,106.0,25,Pubalgia
243568,2026-05-30,2026-08-03,66.0,4,Knee injury
243571,2021-02-14,2021-02-23,10.0,2,Quarantine
243571,2021-06-01,2021-06-04,4.0,1,Quarantine
243571,2021-08-27,2021-09-08,13.0,4,Quarantine
243571,2022-04-05,2022-06-06,63.0,11,Ankle surgery
243571,2022-09-21,2022-10-26,36.0,7,Ankle injury
243571,2023-01-03,2023-01-03,1.0,1,Knee injury
243571,2024-04-15,2024-09-21,160.0,21,Thigh problems
243571,2025-02-03,2025-02-28,26.0,5,Hamstring injury
243571,2025-08-01,,44.0,5,Muscle injury
243571,2025-10-17,2025-12-06,51.0,8,Muscle injury
244042,2022-02-18,2022-02-26,9.0,3,Calf problems
244042,2023-02-01,2023-03-14,42.0,8,Knee problems
244042,2023-11-05,2023-12-09,35.0,4,Knee injury
244042,2025-01-09,2025-01-13,5.0,1,Back injury
244042,2025-04-15,2025-06-01,48.0,6,Achilles tendon problems
244042,2025-09-27,2025-10-31,35.0,5,Muscle injury
244042,2025-11-15,2026-02-06,84.0,15,Hamstring injury
244085,2024-10-23,2024-12-23,62.0,10,Ankle injury
244262,2023-11-28,2023-12-03,6.0,1,Hip injury
244262,2024-11-08,2025-01-18,72.0,14,Ankle injury
244262,2025-02-05,2025-02-13,9.0,1,Back problems
244262,2025-04-09,2025-05-15,37.0,5,Hamstring injury
244704,2020-07-23,2020-08-04,13.0,4,Head injury
244704,2020-11-15,2020-11-28,14.0,6,Corona virus
244704,2021-01-08,2021-01-10,3.0,1,Rest
244704,2021-03-01,2021-03-15,15.0,4,Bruise on ankle
244704,2021-09-04,2021-09-10,7.0,2,muscular problems
244704,2021-09-15,2021-09-25,11.0,3,Knee injury
244704,2021-11-03,2021-11-26,24.0,6,Adductor injury
244704,2023-12-11,2024-02-19,71.0,0,Knee problems
244704,2024-08-12,2025-05-31,293.0,70,Knee injury
244704,2026-05-18,2026-05-31,14.0,3,Adductor tear
244723,2020-10-25,2020-11-22,29.0,5,Knock
244723,2020-11-24,2020-12-15,22.0,3,Knock
244731,2020-10-22,2020-10-29,8.0,2,Muscle injury
244731,2021-01-14,2021-01-28,15.0,3,Corona virus
244731,2022-10-10,2023-04-16,189.0,35,Knee injury
244845,2021-04-20,2021-04-26,7.0,2,Groin strain
244845,2023-09-30,2023-12-13,75.0,17,Back injury
244845,2025-01-31,2025-02-07,8.0,1,unknown injury
244848,2023-02-14,2023-05-31,107.0,19,Hamstring injury
244850,2024-05-06,2024-06-01,27.0,3,Hamstring injury
244851,2021-01-06,2021-01-25,20.0,2,Virus
244851,2022-01-08,2022-04-11,94.0,18,Foot injury
244851,2024-04-22,2024-04-25,4.0,1,cold
244851,2024-09-03,2024-09-08,6.0,0,Muscle fatigue
244851,2025-03-15,2025-04-03,20.0,2,Hamstring injury
244851,2025-08-21,,23.0,2,Groin problems
244851,2025-09-20,2025-11-18,60.0,15,Groin injury
244851,2025-11-19,2025-11-28,10.0,2,Broken toe
244851,2026-01-09,2026-01-16,8.0,2,Thigh problems
244851,2026-01-20,2026-01-26,7.0,2,Knock
244851,2026-04-19,2026-04-25,7.0,1,Hamstring injury
244856,2021-04-14,2021-05-31,48.0,10,Hamstring injury
244856,2022-02-12,2022-03-10,27.0,5,Hamstring injury
244856,2022-03-15,2022-10-01,201.0,17,Hamstring injury
244856,2022-07-03,2022-10-01,91.0,8,Hamstring injury
244856,2022-12-10,2023-04-25,137.0,32,Hamstring injury
244856,2024-12-03,,285.0,38,Knee injury
244856,2025-07-23,2025-09-12,52.0,8,Ankle injury
244856,2026-03-15,2026-05-20,67.0,10,Hamstring injury
244858,2021-08-21,2021-08-28,8.0,3,Ankle injury
244858,2021-09-04,2021-10-25,52.0,13,Toe injury
244858,2021-10-08,2021-10-15,8.0,1,Corona virus
244858,2022-09-04,2022-09-28,25.0,2,muscular problems
244858,2025-01-01,2025-01-10,10.0,2,Groin injury
244858,2025-03-08,2025-06-01,86.0,11,Shoulder injury
244858,2025-09-26,2025-09-29,4.0,1,Knee problems
244858,2025-11-20,2026-09-01,286.0,32,Cruciate ligament tear
244890,2023-08-08,2023-08-24,17.0,2,Knee problems
244890,2023-08-25,2023-08-31,7.0,1,Fitness
244890,2023-10-11,2024-02-06,119.0,13,Adductor tear
244930,2021-12-18,2022-02-11,56.0,14,Knee injury
244930,2023-09-23,2023-10-17,25.0,10,Knock
244930,2025-05-05,2025-05-13,9.0,1,unknown injury
244930,2025-08-14,2025-08-28,15.0,2,Leg injury
244932,2021-09-01,2021-10-29,59.0,10,Knee problems
244954,2021-03-12,2021-04-01,21.0,6,Muscle injury
244954,2023-12-18,2023-12-23,6.0,1,unknown injury
244954,2024-01-05,2024-02-04,31.0,5,Ankle injury
244954,2024-12-31,2025-03-03,63.0,14,Metatarsal fracture
244954,2025-12-07,2026-01-09,34.0,6,Calf injury
244954,2026-04-17,2026-04-20,4.0,1,Rest
245414,2020-07-18,2020-07-21,4.0,1,Muscle fatigue
245414,2020-09-07,2021-05-31,267.0,63,Cruciate ligament tear
245414,2021-01-18,2021-02-08,22.0,4,Corona virus
245414,2021-09-05,2021-09-12,8.0,1,bruise
245414,2021-10-03,2021-10-11,9.0,2,Muscle fatigue
245414,2021-10-17,2021-10-24,8.0,1,Knee injury
245414,2021-11-07,2021-11-16,10.0,2,Calf problems
245414,2022-01-08,2022-01-11,4.0,1,unknown injury
245414,2022-02-17,2022-02-22,6.0,1,muscular problems
245414,2022-03-30,2022-04-09,11.0,2,Hip flexor problems
245414,2022-05-14,2022-05-18,5.0,1,Muscle fatigue
245414,2022-05-29,2022-06-08,11.0,4,unknown injury
245414,2022-08-22,2022-09-12,22.0,6,Shoulder injury
245414,2023-01-15,2023-01-18,4.0,1,flu
245414,2023-01-31,2023-02-08,9.0,2,depression
245414,2023-01-31,2023-02-08,9.0,2,Depression
245414,2023-08-01,2023-08-22,22.0,5,Groin problems
245414,2024-02-01,2024-02-08,8.0,2,unknown injury
245414,2024-04-18,2024-04-30,13.0,3,unknown injury
245414,2024-05-14,2024-08-03,82.0,0,Metatarsal fracture
245414,2024-08-09,2024-08-23,15.0,2,Tendonitis
245414,2024-08-27,2024-09-02,7.0,1,Adductor pain
245414,2025-01-20,2025-01-24,5.0,1,Adductor pain
245414,2025-05-23,2025-05-31,9.0,1,Lumbago
245414,2026-01-11,2026-02-01,22.0,2,Arthroscopy
245414,2026-05-15,2026-06-01,18.0,2,Lumbago
245414,2026-08-23,2026-09-15,24.0,4,Hamstring strain
245414,2026-09-24,2026-10-05,12.0,0,Rest
245419,2020-10-28,2020-11-30,34.0,8,Hamstring injury
245419,2021-12-26,2022-01-13,19.0,3,Hamstring injury
245419,2022-12-30,2023-01-07,9.0,1,Hamstring injury
245419,2024-08-10,2024-11-05,88.0,13,Ankle injury
245719,2023-01-07,2023-03-16,69.0,15,Foot injury
245719,2025-02-02,2025-02-24,23.0,3,Foot injury
245719,2025-05-26,2026-06-26,397.0,2,Ankle injury
245824,2020-11-30,2020-12-05,6.0,1,Knock
245824,2022-01-12,2022-02-06,26.0,4,unknown injury
245824,2022-05-01,2022-08-01,93.0,5,Hamstring injury
245824,2023-10-28,2023-10-31,4.0,1,minor knock
245824,2024-09-09,2024-10-18,40.0,5,Calf injury
245824,2025-09-12,2025-09-20,9.0,1,muscular problems
245824,2025-09-22,2025-10-15,24.0,4,Hamstring injury
246265,2021-03-23,2021-04-05,14.0,3,minor knock
246301,2020-07-29,2020-08-29,32.0,0,Adductor injury
246301,2024-09-26,2024-10-18,23.0,2,Ankle injury
246301,2024-11-27,2024-12-04,8.0,1,Knock
247245,2021-03-07,2021-07-01,117.0,12,Knee surgery
247245,2021-08-27,2022-01-07,134.0,20,Knee surgery
247245,2022-01-27,2022-04-25,89.0,14,Torn muscle fiber in the adductor area
247245,2023-01-06,2023-03-20,74.0,16,Knee injury
247245,2024-04-12,2024-11-26,229.0,24,Ankle injury
247245,2026-02-02,2026-03-02,29.0,5,Adductor injury
247245,2026-07-24,2026-07-27,4.0,1,unknown injury
247348,2023-04-02,2023-04-25,24.0,4,Hamstring injury
247348,2023-11-24,2023-11-27,4.0,1,flu
247348,2025-12-06,2026-01-19,45.0,12,Knee injury
247348,2026-03-05,2026-03-16,12.0,2,Shoulder injury
247412,2021-02-28,2021-04-08,40.0,8,Ankle injury
247412,2021-09-10,2021-09-16,7.0,1,Ill
247412,2024-02-04,2024-02-10,7.0,1,Hamstring injury
247412,2025-01-25,2025-02-17,24.0,4,Hamstring injury
247412,2025-05-02,2025-05-09,8.0,1,Groin injury
247412,2025-08-29,2025-09-15,18.0,4,Achilles tendon problems
247632,2020-07-02,2020-07-13,12.0,3,Knock
247632,2020-07-13,2020-07-16,4.0,1,Muscle injury
247632,2021-04-12,2022-02-03,298.0,52,Knee injury
247632,2022-10-01,2023-02-05,128.0,27,Ankle injury
247632,2023-10-28,2023-12-25,59.0,11,Hamstring injury
247632,2024-03-10,2024-05-16,68.0,12,Hamstring injury
247632,2024-11-17,2024-11-29,13.0,3,unknown injury
247632,2025-11-01,2025-11-07,7.0,1,Muscle injury
247632,2025-11-09,2025-11-21,13.0,2,Muscle injury
247632,2026-02-01,2026-02-06,6.0,1,Knock
247632,2026-05-03,2026-05-15,13.0,2,Muscle injury
247670,2022-06-28,2022-07-01,4.0,1,Ill
247670,2023-05-10,2023-05-16,7.0,1,Ankle injury
247670,2024-01-10,2024-01-24,15.0,3,Adductor injury
247670,2024-09-16,2024-09-24,9.0,2,Adductor injury
247670,2025-02-15,2025-03-11,25.0,6,Adductor injury
247670,2025-03-14,2025-04-04,22.0,2,Calf muscle tear
247670,2025-10-11,2025-11-27,48.0,6,Hamstring muscle injury
247693,2021-08-16,2021-08-31,16.0,1,Dead leg
247693,2023-04-28,2023-05-02,5.0,1,Adductor pain
247693,2023-08-30,2023-09-11,13.0,2,Injury to the ankle
247693,2024-02-05,2024-02-08,4.0,1,Virus
247693,2024-10-19,2024-10-21,3.0,1,Injury to the ankle
247693,2025-09-20,2025-11-04,46.0,7,Muscle contusion
247693,2025-11-08,2025-11-21,14.0,2,Head injury
247693,2026-09-21,2026-10-05,15.0,0,Broken finger
247955,2020-10-03,2020-10-14,12.0,6,Ill
247955,2021-05-16,2021-09-10,118.0,24,Knee surgery
247955,2022-03-23,2022-04-13,22.0,7,Thigh problems
247955,2022-09-02,2022-09-22,21.0,6,Mononucleation
247955,2022-12-12,2022-12-22,11.0,0,unknown injury
247955,2023-03-24,2023-04-07,15.0,3,Hamstring injury
247955,2023-09-09,2023-09-16,8.0,2,unknown injury
247955,2023-11-16,2023-11-24,9.0,2,unknown injury
247955,2024-02-13,2024-02-16,4.0,1,flu
247955,2024-11-06,2024-11-22,17.0,3,muscular problems
247955,2026-09-25,,4.0,0,minor knock
248056,2022-10-31,2022-11-12,13.0,3,Capsular injury
248056,2023-04-10,2023-06-24,76.0,9,Knee medial ligament tear
248056,2024-04-02,2024-04-21,20.0,4,Appendectomy
248056,2025-08-24,2025-09-12,20.0,4,Inner ligament injury
248164,2021-02-27,2021-03-04,6.0,1,Knock
248164,2021-04-07,2021-05-14,38.0,5,Groin injury
248854,2025-07-12,2026-03-01,233.0,36,Achilles tendon rupture
248857,2021-01-11,2021-01-18,8.0,2,minor knock
248857,2021-01-25,2021-02-25,32.0,8,Knock
248857,2021-09-20,2021-10-14,25.0,8,Muscle injury
248857,2021-10-21,2021-12-02,43.0,12,Muscle injury
248857,2021-12-09,2022-02-07,61.0,9,Muscle injury
248857,2022-04-11,2022-05-05,25.0,8,Muscle injury
248857,2022-07-28,2022-10-17,82.0,22,Ankle injury
248857,2023-09-17,2023-09-25,9.0,2,Muscle injury
248857,2023-12-05,2023-12-18,14.0,3,unknown injury
248857,2025-01-10,2025-01-13,4.0,1,Ill
248857,2025-02-14,2025-04-02,48.0,9,Hamstring injury
248857,2025-09-21,2025-11-21,62.0,15,Knee injury
248875,2021-08-23,2021-10-04,43.0,13,Hamstring injury
248875,2021-10-15,2021-11-13,30.0,8,Knee injury
248875,2021-12-02,2021-12-31,30.0,5,Knee injury
248875,2022-01-29,2022-02-21,24.0,3,Hamstring injury
248875,2022-03-16,2022-04-29,45.0,10,Calf injury
248875,2022-08-29,2022-09-14,17.0,4,Muscle injury
248875,2022-10-05,2022-10-24,20.0,5,Dead leg
248875,2023-03-06,2023-03-21,16.0,2,Hamstring injury
248875,2023-12-04,2024-01-05,33.0,8,Muscle injury
248875,2024-03-04,2024-03-08,5.0,1,minor knock
248875,2024-11-03,2024-11-27,25.0,6,Hamstring injury
248875,2025-01-19,2025-02-11,24.0,7,unknown injury
248875,2025-12-10,2025-12-28,19.0,4,Muscle injury
248875,2026-01-28,2026-02-23,27.0,6,Calf injury
248875,2026-08-16,2026-09-30,46.0,6,Calf injury
248937,2025-04-19,2025-08-04,108.0,3,muscular problems
249231,2022-09-05,2022-10-10,36.0,5,Ligament injury
249231,2022-10-11,2022-10-31,21.0,4,Fitness
249231,2023-03-05,2023-05-02,59.0,11,Knee injury
250199,2021-03-03,2021-03-07,5.0,2,unknown injury
250199,2021-04-21,2021-05-31,41.0,7,unknown injury
250199,2021-12-30,2022-01-09,11.0,0,Corona virus
250199,2022-01-11,2022-01-16,6.0,1,unknown injury
250199,2022-01-21,2022-04-08,78.0,9,Shoulder injury
250199,2022-09-10,2022-09-16,7.0,1,unknown injury
250199,2023-03-04,2023-03-25,22.0,3,Knee problems
250199,2025-05-30,2025-10-04,128.0,9,Knee injury
250199,2025-12-13,2025-12-22,10.0,1,Knee injury
250604,2021-07-26,2021-08-14,20.0,1,Hamstring injury
250604,2022-09-27,2022-10-17,21.0,5,Ankle injury
250735,2020-10-14,2020-10-21,8.0,1,bruise
250735,2021-02-10,2021-02-21,12.0,2,Broken nose bone
250735,2021-02-22,2021-03-01,8.0,1,Fitness
250735,2021-11-15,2021-12-05,21.0,3,Shoulder injury
250735,2022-04-10,2022-04-18,9.0,1,muscular problems
250735,2022-09-12,2022-11-30,80.0,19,unknown injury
250735,2023-06-01,2023-10-12,134.0,14,Blood poisoning
250735,2024-05-17,2024-06-07,22.0,2,Ill
250735,2024-09-11,2024-09-26,16.0,3,Muscle strain
250735,2025-10-13,2025-10-30,18.0,2,unknown injury
250735,2026-04-26,2026-05-08,13.0,1,unknown injury
420922,2024-07-27,2024-10-05,71.0,7,Knee surgery
422287,2021-02-12,2021-04-15,63.0,16,Hamstring injury
423649,2021-08-24,2021-08-27,4.0,1,Knock
423649,2021-09-22,2021-10-14,23.0,3,unknown injury
423649,2022-01-08,2022-03-11,63.0,10,Hamstring injury
423649,2022-04-30,2022-05-21,22.0,3,Groin injury
423649,2022-09-30,2022-10-10,11.0,2,heart problems
424001,2024-12-11,2024-12-23,13.0,3,Hamstring injury
424001,2024-12-27,2025-01-22,27.0,6,Hamstring injury
424001,2025-03-09,2025-03-31,23.0,3,Hamstring injury
424001,2025-12-03,2025-12-10,8.0,1,Adductor pain
424001,2026-02-02,2026-02-09,8.0,1,Ill
424044,2021-10-14,2021-10-21,8.0,1,influenza
424044,2022-04-28,2022-05-09,12.0,2,minor knock
424044,2022-06-30,2022-10-15,108.0,13,Metatarsal fracture
424044,2023-02-26,2023-03-12,15.0,2,Foot injury
424044,2023-04-05,2023-06-05,62.0,9,Foot injury
424044,2023-12-04,2024-01-10,38.0,6,malaria
424044,2024-01-10,2024-02-01,23.0,6,Fitness
424044,2024-12-13,2024-12-29,17.0,2,Ill
424044,2025-04-02,2025-05-05,34.0,5,Hamstring injury
424044,2025-09-15,2025-12-31,108.0,19,Dead leg
424044,2026-05-02,2026-09-04,126.0,5,Adductor pain
424876,2020-12-22,2021-07-01,192.0,35,Adductor pain
424876,2020-12-22,2021-07-01,192.0,35,Adductor injury
424876,2021-11-21,2021-11-25,5.0,1,Ankle problems
424876,2024-01-01,2024-01-26,26.0,5,Hamstring injury
424876,2024-01-31,2024-02-29,30.0,7,Hamstring injury
424876,2025-01-04,2025-01-10,7.0,2,Ill
427420,2021-01-14,2021-01-18,5.0,1,infection
427420,2021-03-04,2021-03-11,8.0,2,muscular problems
427420,2021-09-06,2021-11-29,85.0,22,Muscle injury
427420,2021-11-29,2022-01-24,57.0,10,Fitness
427420,2022-02-10,2022-02-17,8.0,2,Ill
427420,2022-02-21,2022-03-07,15.0,2,Hamstring injury
427420,2022-04-11,2022-06-30,81.0,9,Muscle injury
427420,2022-07-04,2022-08-01,29.0,1,Fitness
427420,2022-08-08,2022-08-15,8.0,1,muscular problems
427420,2022-08-22,2022-08-29,8.0,1,muscular problems
427420,2022-09-29,2022-10-09,11.0,3,strain
427420,2023-03-29,2023-04-02,5.0,1,cold
427420,2023-06-20,2023-09-17,90.0,12,Fissure of the fibula
427420,2023-12-05,2023-12-07,3.0,1,Ill
427420,2024-09-05,2024-11-20,77.0,19,Groin strain
427420,2025-08-18,2025-09-01,15.0,4,Fitness
427420,2025-09-22,2025-10-13,22.0,3,Thigh problems
427420,2026-01-24,2026-02-25,33.0,5,muscular problems
427623,2020-10-05,2020-10-19,15.0,2,Calf problems
427623,2021-02-11,2021-02-15,5.0,1,minor knock
427623,2021-04-26,2021-07-08,74.0,3,Hamstring injury
427623,2022-01-31,2022-03-31,60.0,11,Foot injury
427623,2022-04-18,2022-06-30,74.0,4,Hamstring injury
427623,2022-09-18,2022-11-14,58.0,11,Leg injury
427623,2024-04-01,2024-04-19,19.0,3,Knee problems
427623,2024-09-27,2024-11-03,38.0,8,Hamstring injury
427623,2025-04-01,2025-04-11,11.0,2,Calf problems
427623,2025-12-23,2026-01-05,14.0,3,Foot injury
427623,2026-03-27,2026-03-31,5.0,1,Knee problems
427637,2022-03-19,2022-04-23,36.0,7,Knee problems
427637,2023-11-24,2023-11-27,4.0,1,Ill
428580,2022-03-25,2022-05-16,53.0,8,Ankle injury
428580,2022-12-01,2023-02-15,77.0,8,Hamstring injury
428580,2023-03-25,2023-04-09,16.0,4,Thigh problems
428626,2020-10-01,2020-10-10,10.0,2,Hamstring injury
428626,2021-08-15,2021-09-25,42.0,10,Ill
428626,2022-08-26,2023-07-04,313.0,42,Shin bruise
428626,2024-04-01,2024-06-18,79.0,7,Hamstring injury
428626,2024-08-24,2024-11-22,91.0,14,unknown injury
428626,2025-08-09,2025-08-17,9.0,2,unknown injury
428626,2025-12-06,2025-12-13,8.0,2,unknown injury
428971,2021-01-04,2021-04-10,97.0,20,Ankle injury
428971,2022-03-02,2022-05-10,70.0,13,Back injury
428971,2023-01-21,2023-10-23,276.0,32,Cruciate ligament tear
428971,2025-10-17,2025-11-21,36.0,6,Groin injury
429414,2021-07-29,2021-08-16,19.0,2,Corona virus
429414,2021-08-19,2022-01-03,138.0,24,Shoulder injury
429414,2022-02-10,2022-02-14,5.0,1,Calf problems
429414,2022-04-04,2022-04-11,8.0,1,Corona virus
429414,2022-07-18,2022-08-01,15.0,1,Ankle problems
429414,2022-09-04,2023-06-05,275.0,43,Cruciate ligament tear
429414,2024-02-19,2025-04-30,437.0,52,Cruciate ligament tear
429414,2025-05-01,2025-06-17,48.0,4,Fitness
429414,2025-10-18,2025-10-24,7.0,1,unknown injury
430871,2021-01-09,2021-01-14,6.0,1,Groin problems
430871,2021-02-28,2021-03-15,16.0,2,Hamstring injury
430871,2021-05-10,2021-06-13,35.0,6,Ankle injury
430871,2021-10-01,2021-10-18,18.0,4,Muscle injury
430871,2022-02-17,2022-03-31,43.0,7,Knee injury
430871,2022-09-02,2022-09-09,8.0,2,Muscle injury
430871,2023-02-25,2023-03-03,7.0,1,Ankle injury
430871,2024-02-11,2024-03-30,49.0,7,Hamstring injury
430871,2024-04-14,2024-04-22,9.0,1,Calf injury
430871,2025-08-30,2025-09-18,20.0,3,Hamstring injury
430871,2025-11-21,2025-12-04,14.0,2,Knock
430871,2026-04-19,2026-04-30,12.0,1,Hip flexor problems
430992,2024-03-12,2024-04-14,34.0,6,Groin problems
430992,2025-07-26,,50.0,7,Muscle injury
430992,2025-11-12,,321.0,27,Hamstring injury
431131,2020-07-06,2020-07-31,26.0,5,Calf strain
431131,2020-10-05,2020-10-31,27.0,3,Hamstring injury
431131,2021-01-06,2021-01-29,24.0,7,Hamstring strain
431131,2024-04-04,2024-04-09,6.0,1,Ill
431131,2024-04-10,2024-04-17,8.0,1,minor knock
431131,2024-08-17,2024-08-19,3.0,1,unknown injury
431131,2024-11-07,2024-11-16,10.0,1,unknown injury
431131,2024-11-28,2024-12-16,19.0,4,unknown injury
431131,2025-05-15,2025-05-22,8.0,1,unknown injury
431131,2025-05-22,2025-05-25,4.0,1,Fitness
431131,2025-10-21,2025-11-24,35.0,5,unknown injury
431639,2021-09-17,2021-10-10,24.0,4,Abdominal problems
431639,2025-12-28,2026-01-26,30.0,6,Knock
431639,2026-02-28,2026-03-06,7.0,1,Calf stiffness
431960,2021-02-11,2021-02-21,11.0,1,Ankle injury
431960,2021-11-03,2021-11-24,22.0,4,unknown injury
431960,2024-11-07,2024-11-15,9.0,2,Hip injury
431960,2025-09-20,2025-09-27,8.0,1,Ankle problems
431960,2025-11-26,2025-12-13,18.0,4,Hip problems
431960,2025-12-17,2025-12-19,3.0,1,Ill
431960,2026-05-21,2026-05-23,3.0,1,Ill
432160,2020-09-10,2020-09-14,5.0,1,Knee injury
432160,2020-09-23,2020-10-29,37.0,7,Knee injury
432160,2020-10-30,2021-03-30,152.0,34,Knee surgery
432160,2021-10-10,2021-11-18,40.0,5,Shoulder injury
432160,2023-08-25,2023-11-11,79.0,11,Shoulder injury
432160,2024-09-04,2024-10-04,31.0,4,Hamstring injury
432160,2024-12-06,2025-02-12,69.0,14,Calf injury
432160,2025-08-30,,15.0,3,Cruciate ligament tear
432422,2020-12-20,2020-12-22,3.0,1,Adductor injury
432422,2021-01-09,2021-01-11,3.0,1,Shin bruise
432422,2021-01-26,2021-01-27,2.0,1,unknown injury
432422,2021-02-05,2021-02-09,5.0,1,Bursitis
432422,2021-03-03,2021-03-07,5.0,2,Contracture
432422,2021-05-10,2021-05-16,7.0,2,Knee injury
432422,2022-03-17,2022-03-19,3.0,1,Fever
432422,2022-08-06,2022-08-18,13.0,1,unknown injury
432422,2022-09-22,2022-09-28,7.0,3,Muscle fatigue
432422,2022-11-17,2022-11-25,9.0,2,Rest
432422,2026-03-11,2026-03-15,5.0,1,Virus
432422,2026-03-18,2026-03-25,8.0,1,Groin injury
432422,2026-05-18,2026-06-01,15.0,1,Thigh problems
432656,2020-09-20,2020-09-26,7.0,2,Head injury
432656,2020-12-10,2021-01-02,24.0,5,Knock
432656,2021-01-03,2021-01-19,17.0,5,Corona virus
432656,2021-11-07,2021-11-19,13.0,2,Calf injury
432656,2022-01-09,2022-02-12,35.0,4,Hamstring injury
432656,2022-05-11,2022-05-26,16.0,2,Hand injury
432656,2022-10-30,2022-11-04,6.0,1,Hamstring injury
432656,2023-10-23,2023-11-03,12.0,2,muscular problems
432656,2024-01-07,2024-02-02,27.0,5,Muscle injury
432656,2024-08-27,2024-08-30,4.0,1,Foot injury
432656,2024-10-20,2024-11-25,37.0,7,Pubalgia
432656,2025-11-05,2025-11-09,5.0,0,Broken nose bone
432656,2025-11-29,2025-12-02,4.0,0,Broken nose bone
432656,2026-02-17,2026-02-19,3.0,0,Hamstring injury
432656,2026-03-10,2026-03-13,4.0,0,strain
432656,2026-09-26,,3.0,1,Knee problems
432711,2023-05-24,2023-06-30,38.0,2,Hamstring injury
432711,2026-04-06,2026-06-30,86.0,6,Dead leg
432735,2020-11-20,2021-02-15,88.0,20,Knee injury
432735,2021-03-14,2021-06-01,80.0,14,unknown injury
432735,2022-02-09,2022-08-23,196.0,35,Knee injury
432735,2022-09-08,2022-10-25,48.0,11,Knee surgery
432735,2022-10-25,2022-12-09,46.0,7,Knee injury
432735,2024-10-28,2024-11-01,5.0,1,Ankle problems
432735,2024-11-10,2024-11-20,11.0,3,Head injury
432830,2020-08-28,2020-09-19,23.0,5,Metacarpal fracture
432830,2020-09-21,2020-10-14,24.0,8,Metacarpal fracture
432830,2020-10-25,2020-11-15,22.0,7,Hamstring injury
432830,2023-11-18,2023-12-15,28.0,5,Injury to the ankle
432830,2024-05-17,2024-06-26,41.0,3,unknown injury
432830,2026-09-05,,24.0,3,unknown injury
432931,2021-09-10,2021-12-06,88.0,19,unknown injury
432931,2023-11-23,2023-12-30,38.0,8,Knock
432931,2024-08-02,2024-09-06,36.0,6,Muscle injury
432931,2024-11-26,2025-04-26,152.0,33,Ankle ligament tear
432987,2024-02-24,2024-03-02,8.0,1,muscular problems
432987,2025-10-06,2025-10-17,12.0,0,unknown injury
432987,2026-02-20,2026-10-01,224.0,20,Knee injury
432990,2021-08-05,2021-09-26,53.0,12,Knee problems
432990,2021-10-10,2021-12-13,65.0,19,Hip flexor problems
432990,2025-04-06,2025-04-28,23.0,5,Groin injury
432990,2025-12-13,2026-02-06,56.0,6,Hamstring injury
432990,2026-08-22,2026-09-01,11.0,1,concussion
433036,2022-01-21,2022-02-01,12.0,1,unknown injury
433154,2020-12-22,2021-01-11,21.0,3,Groin injury
433154,2023-07-29,2023-09-01,35.0,4,Ankle injury
433154,2024-11-03,2024-11-17,15.0,1,Knee problems
433154,2024-12-13,2025-04-02,111.0,18,Knee injury
433312,2021-10-15,2021-11-30,47.0,8,Muscle injury
433312,2022-10-16,2022-11-03,19.0,2,strain
433312,2023-10-29,2023-11-10,13.0,1,Broken nose bone
433312,2023-11-27,2023-12-27,31.0,4,Ankle sprain
433312,2025-12-03,2026-01-16,45.0,11,Hamstring injury
433590,2023-12-07,2023-12-27,21.0,5,Ankle injury
433590,2026-04-12,2026-05-10,29.0,5,Hamstring injury
433952,2021-04-24,2021-04-29,6.0,1,Muscle injury
433952,2021-10-09,2021-11-13,36.0,9,Hamstring injury
433952,2022-03-25,2022-04-04,11.0,3,unknown injury
433952,2022-04-12,2022-04-15,4.0,0,Muscle injury
433952,2022-05-12,2022-05-17,6.0,1,Muscle injury
433952,2024-10-22,2024-11-23,33.0,5,Ankle injury
433952,2025-10-14,2025-12-04,52.0,7,Muscle injury
433979,2024-02-14,2024-04-05,52.0,6,Calf injury
433979,2025-01-26,2025-02-07,13.0,1,Adductor injury
434024,2020-10-15,2020-10-21,7.0,1,Quarantine
434024,2024-10-20,2024-11-27,39.0,6,Shin injury
434024,2024-11-30,2024-12-11,12.0,2,Shin injury
434024,2025-01-06,,250.0,21,Knock
434024,2025-01-06,2026-06-15,526.0,50,unknown injury
434024,2026-08-01,2026-08-31,31.0,3,Muscle injury
434043,2024-01-08,2024-05-01,115.0,20,Torn thigh muscle
434043,2025-07-26,2025-09-15,52.0,11,Shin injury
434044,2020-10-08,2020-10-22,15.0,3,Quarantine
434399,2021-11-19,2021-11-21,3.0,1,Ill
434399,2023-02-25,2023-11-25,274.0,33,Cruciate ligament tear
434399,2026-02-20,2026-03-20,29.0,5,Knee injury
434662,2021-02-08,2021-02-21,14.0,3,Corona virus
434662,2021-09-19,2021-09-23,5.0,2,unknown injury
434662,2024-05-17,2024-05-22,6.0,1,unknown injury
434662,2025-10-04,2025-11-20,48.0,6,unknown injury
434662,2025-11-20,2025-11-24,5.0,1,Fitness
434752,2021-05-20,2021-05-31,12.0,1,muscular problems
434752,2021-09-20,2021-09-23,4.0,2,concussion
434752,2022-09-04,2022-09-15,12.0,2,Ankle sprain
434752,2023-11-29,2024-03-10,103.0,15,Scaphoid fracture
434752,2024-12-22,2024-12-26,5.0,1,Muscle fatigue
434752,2025-05-16,2025-05-22,7.0,1,unknown injury
434752,2026-01-12,2026-02-04,24.0,3,Muscle injury
435973,2020-10-15,2020-11-05,22.0,3,Knock
435973,2020-11-09,2020-11-16,8.0,2,Lumbar vertebra problems
435973,2020-12-17,2021-02-01,47.0,6,Corona virus
435973,2022-09-22,2022-09-30,9.0,3,Knock
435973,2023-11-09,2023-12-10,32.0,7,depression
435973,2023-11-09,2023-12-10,32.0,7,Depression
435973,2024-02-05,2024-03-10,35.0,7,Muscle injury
435973,2024-10-16,2024-12-22,68.0,15,Knee injury
435973,2025-04-08,2025-04-27,20.0,5,Shoulder injury
435973,2025-10-16,2025-10-20,5.0,1,muscular problems
435973,2025-10-31,2025-11-03,4.0,1,Ill
435973,2026-02-20,2026-02-23,4.0,1,Ill
435997,2020-11-25,2020-12-04,10.0,3,Fever
435997,2021-01-22,2021-02-03,13.0,3,Corona virus
435997,2021-02-21,2021-04-10,49.0,14,Torn muscle fiber
435997,2021-05-24,2021-06-07,15.0,3,muscular problems
435997,2021-07-17,2021-07-31,15.0,1,Hamstring injury
435997,2021-11-22,2021-12-07,16.0,3,Hamstring injury
435997,2022-02-16,2022-03-12,25.0,4,Hamstring injury
435997,2022-04-26,2022-04-30,5.0,1,bruise
435997,2022-05-07,2022-05-23,17.0,3,Toe injury
435997,2022-09-17,2022-09-30,14.0,3,Toothache
435997,2022-11-27,2022-11-30,4.0,1,muscular problems
435997,2023-04-01,2023-04-08,8.0,1,Foot bruise
435997,2023-04-16,2023-07-22,98.0,8,Metatarsal fracture
435997,2023-10-10,2023-10-19,10.0,1,Head injury
435997,2023-10-24,2023-10-29,6.0,2,Muscle fatigue
435997,2023-11-21,2023-12-13,23.0,5,Hamstring muscle injury
435997,2023-12-17,2024-01-11,26.0,6,unknown injury
435997,2024-09-26,2024-10-02,7.0,2,muscular problems
435997,2024-11-29,2024-12-02,4.0,1,Fever
435997,2024-12-09,2024-12-14,6.0,1,Lumbago
435997,2024-12-17,2025-01-21,36.0,7,Calf muscle tear
435997,2025-03-25,2025-03-29,5.0,0,muscular problems
435997,2025-05-17,2025-06-15,30.0,2,Muscle fatigue
435997,2025-10-16,2025-10-20,5.0,1,Adductor pain
435997,2026-02-16,2026-03-16,29.0,5,Hamstring injury
435997,2026-05-22,2026-05-28,7.0,1,Calf injury
436416,2021-04-10,2021-05-24,45.0,5,Knee injury
436416,2024-02-22,2024-02-26,5.0,2,Fever
436680,2024-07-23,2024-12-09,140.0,18,Ankle injury
436680,2026-09-02,2027-06-30,302.0,4,Cruciate ligament injury
436893,2023-10-03,2023-10-21,19.0,3,Muscle injury
436893,2024-03-27,2024-07-24,120.0,10,Hamstring injury
436893,2024-11-10,2025-03-03,114.0,21,Hamstring injury
436893,2025-03-03,2025-03-30,28.0,5,Fitness
436893,2026-03-13,2026-05-17,66.0,10,Hamstring injury
437468,2022-07-01,2022-08-03,34.0,2,Pubic bone bruise
437468,2023-11-03,2023-11-13,11.0,3,Knock
437495,2021-01-03,2021-01-25,23.0,2,Ill
437499,2020-12-22,2020-12-31,10.0,1,Corona virus
437499,2022-04-17,2022-04-23,7.0,1,muscular problems
437499,2023-05-01,2023-07-10,71.0,4,Shoulder injury
437505,2021-07-28,2021-08-09,13.0,2,Corona virus
437505,2022-08-28,2022-09-17,21.0,5,Shoulder injury
437505,2023-01-30,2023-04-12,73.0,8,Ankle injury
437688,2024-02-10,2024-02-19,10.0,3,Eye injury
437738,2021-01-28,2021-04-08,71.0,13,Back problems
437738,2022-04-28,2022-05-12,15.0,2,Bruised back
437738,2023-11-26,2023-12-06,11.0,2,Thigh problems
437738,2024-02-05,2024-02-14,10.0,1,minor knock
437738,2024-10-26,2024-11-05,11.0,3,flu
437738,2024-11-27,2025-01-07,42.0,5,Muscle injury
437738,2025-02-26,2025-03-25,28.0,4,Bone edema
437738,2025-04-04,2025-05-14,41.0,6,Foot injury
437738,2025-11-07,2025-11-30,24.0,3,Knee injury
437738,2026-09-07,2026-09-21,15.0,2,muscular problems
437742,2021-01-10,2021-01-25,16.0,4,Adductor pain
437742,2021-12-17,2021-12-24,8.0,2,Corona virus
437742,2023-09-26,2023-12-04,70.0,14,Hamstring injury
437742,2024-03-01,2024-04-15,46.0,10,Hamstring strain
437742,2024-07-30,2024-08-19,21.0,1,Hamstring injury
437742,2024-09-06,2024-09-30,25.0,5,Hamstring injury
437742,2025-02-06,2025-03-05,28.0,4,Hamstring injury
437742,2025-04-22,2025-05-11,20.0,3,Hamstring injury
437742,2025-10-28,2025-10-29,2.0,1,Rest
437742,2025-12-02,2025-12-05,4.0,1,Knock
437742,2026-01-13,2026-01-21,9.0,1,Calf problems
437742,2026-02-08,2026-02-27,20.0,2,Torn lateral ankle ligament
437742,2026-04-10,2026-04-20,11.0,2,Thigh problems
437742,2026-09-05,2026-09-09,5.0,1,Back problems
437748,2023-08-10,2023-09-17,39.0,7,Hamstring muscle injury
437748,2025-02-01,2025-04-01,60.0,12,unknown injury
437748,2026-01-02,2026-04-02,91.0,14,Ankle injury
437753,2022-11-03,2023-08-01,272.0,31,Knee injury
437753,2024-05-01,2024-05-31,31.0,6,unknown injury
437753,2025-11-27,2025-12-01,5.0,1,Muscle injury
437753,2026-09-11,,18.0,2,Hamstring muscle injury
437757,2020-09-13,2020-10-04,22.0,5,Ankle injury
437757,2020-10-19,2020-10-26,8.0,2,Ankle injury
437757,2021-09-23,2021-10-16,24.0,3,unknown injury
437757,2023-04-05,2023-05-02,28.0,4,Calf injury
437757,2026-04-09,2026-04-11,3.0,1,Rest
438098,2021-01-07,2021-01-17,11.0,3,Corona virus
438098,2022-06-03,2022-06-16,14.0,3,Leg injury
438098,2022-06-29,2022-08-18,51.0,2,Foot injury
438098,2023-11-28,2024-02-19,84.0,15,Groin surgery
438098,2024-09-10,2024-09-24,15.0,2,Muscle injury
438098,2025-09-28,2025-10-13,16.0,1,Knee injury
438234,2021-10-21,2021-11-23,34.0,7,Foot injury
438234,2022-02-11,2022-02-16,6.0,1,Corona virus
438234,2022-04-23,2022-04-28,6.0,1,muscular problems
438234,2023-12-12,2023-12-16,5.0,1,Ill
438234,2024-01-29,2024-02-08,11.0,1,Ill
438234,2024-11-15,2024-11-15,1.0,0,Rest
438234,2025-09-10,,4.0,0,Knee injury
438277,2020-11-30,2020-12-03,4.0,0,Groin problems
438277,2021-05-03,2021-05-27,25.0,6,Muscle injury
438277,2021-11-04,2021-11-29,26.0,5,influenza
438277,2022-03-30,2022-05-23,55.0,9,Hamstring injury
438277,2023-09-01,2023-09-03,3.0,1,Ill
438277,2023-10-07,2023-10-30,24.0,5,Shoulder injury
438277,2024-06-05,2025-08-25,447.0,47,Cruciate ligament tear
438277,2025-09-01,2025-10-06,36.0,6,Fitness
438464,2021-04-23,2021-04-29,7.0,1,Muscle injury
438464,2023-10-06,2023-10-18,13.0,3,Dead leg
438464,2023-11-26,2024-05-30,187.0,34,Achilles tendon rupture
438464,2024-09-15,2024-10-28,44.0,6,Toe injury
438464,2025-01-24,2025-11-08,289.0,39,Knee surgery
438464,2026-04-02,2026-04-16,15.0,2,Muscle injury
439135,2023-01-15,2023-01-26,12.0,2,Hamstring injury
439135,2024-08-17,2024-08-28,12.0,3,concussion
439135,2024-12-14,2025-01-15,33.0,6,Hamstring injury
439135,2025-01-20,2025-01-22,3.0,1,Fitness
439135,2026-09-17,,12.0,1,Calf injury
439485,2020-09-06,2020-09-24,19.0,2,Calf problems
439485,2020-10-26,2020-11-04,10.0,3,Back injury
439509,2021-08-25,2021-09-06,13.0,4,Calf injury
439509,2022-09-14,2022-09-25,12.0,3,unknown injury
439509,2022-10-10,2023-01-08,91.0,8,Ligament injury
439509,2025-11-21,2025-11-24,4.0,1,Ill
439509,2025-12-19,2025-12-23,5.0,1,Ill
439509,2026-01-16,2026-01-26,11.0,2,Back injury
439509,2026-02-07,2026-02-11,5.0,1,Ill
439510,2024-10-01,2025-01-31,123.0,26,Hamstring injury
440089,2021-03-03,2021-03-07,5.0,2,Fever
440089,2021-10-12,2022-04-15,186.0,39,Thigh problems
440089,2023-08-26,2023-09-27,33.0,8,Adductor pain
440089,2023-09-29,2023-12-05,68.0,12,Knee surgery
440089,2025-09-12,2025-09-15,4.0,1,Ill
440089,2026-03-17,2026-03-24,8.0,1,Knee injury
440123,2024-01-18,2024-06-30,165.0,22,Knee injury
440148,2025-02-07,2025-04-10,63.0,14,Shoulder injury
440148,2026-01-31,2026-02-02,3.0,1,Ill
440148,2026-05-16,2026-06-30,46.0,1,Pubalgia
440241,2022-01-14,2022-06-30,168.0,24,Knee injury
440241,2024-10-19,2024-11-09,22.0,5,Ankle injury
440323,2020-12-14,2020-12-21,8.0,2,Corona virus
440323,2021-10-25,2021-11-04,11.0,2,Ankle injury
440323,2021-11-11,2021-11-18,8.0,4,Fitness
440323,2022-05-30,2022-06-09,11.0,3,Corona virus
440323,2022-08-15,2022-08-25,11.0,1,Knock
440323,2022-12-14,2023-09-14,275.0,39,Cruciate ligament tear
440323,2023-10-09,2023-11-08,31.0,6,Knee problems
440323,2024-02-16,2024-02-19,4.0,1,cold
440323,2024-08-29,2024-11-28,92.0,18,Achilles tendon problems
440323,2025-01-05,2025-01-09,5.0,1,Knock
440323,2025-01-10,2025-03-10,60.0,10,Ankle injury
440323,2025-06-11,2025-08-25,76.0,0,Fitness
440323,2026-02-10,2026-03-10,29.0,5,Knock
440854,2021-10-08,2021-10-30,23.0,6,unknown injury
440854,2026-02-10,2026-02-23,14.0,2,Muscle injury
440955,2020-08-06,2020-08-19,14.0,0,Corona virus
440955,2020-11-18,2021-01-29,73.0,7,Broken collarbone
440955,2023-08-12,2023-08-24,13.0,3,Adductor pain
440955,2023-11-28,2023-12-08,11.0,2,Groin problems
440955,2024-03-15,2024-04-04,21.0,3,Calf injury
440993,2025-02-12,2025-04-02,50.0,7,Knee injury
441024,2023-02-15,2023-03-17,31.0,5,Hamstring injury
441024,2023-11-25,2024-01-15,52.0,12,Hamstring injury
441024,2024-01-30,2024-05-06,98.0,18,Muscle injury
441024,2025-09-23,2025-12-01,70.0,14,Thigh problems
441164,2021-03-04,2021-03-11,8.0,1,minor knock
441164,2021-05-03,2021-05-10,8.0,1,muscular problems
441164,2021-05-13,2021-05-31,19.0,2,Muscle injury
441164,2021-07-15,2021-08-09,26.0,2,Knee bruise
441164,2021-11-04,2021-11-15,12.0,3,Muscle injury
441164,2021-12-13,2022-01-27,46.0,9,Muscle injury
441164,2022-03-17,2022-03-31,15.0,3,minor knock
441164,2022-09-22,2022-10-09,18.0,5,Knock
441164,2024-02-16,2024-03-05,19.0,2,strain
441164,2026-01-25,2026-02-28,35.0,5,Hamstring injury
441191,2022-01-06,2022-02-03,29.0,4,Knee problems
441191,2022-04-25,2023-04-13,354.0,64,Cruciate ligament tear
441191,2024-01-12,2024-01-20,9.0,1,Ill
441191,2024-03-11,2024-04-12,33.0,9,Ankle injury
441191,2024-05-14,2024-05-27,14.0,2,Ankle injury
441191,2024-12-24,2024-12-29,6.0,1,Ill
441191,2025-09-28,2025-11-21,55.0,13,Knee injury
441191,2025-12-18,2026-01-01,15.0,3,Knee injury
441191,2026-01-11,2026-03-06,55.0,15,Hamstring injury
441191,2026-04-18,2026-06-01,45.0,5,Thigh problems
441191,2026-06-16,,105.0,12,Knee injury
441192,2021-12-02,2022-03-10,99.0,18,Hamstring injury
441192,2022-04-26,2022-05-24,29.0,4,Hamstring injury
441192,2022-08-14,2022-08-31,18.0,4,Knee injury
441192,2023-03-25,2023-06-01,69.0,15,Metatarsal fracture
441192,2023-10-01,2023-11-01,32.0,7,Muscle injury
441192,2025-09-20,2025-09-25,6.0,1,unknown injury
441192,2025-12-12,2025-12-18,7.0,1,muscular problems
441192,2026-08-30,2026-09-09,11.0,3,minor knock
441240,2021-04-16,2021-04-22,7.0,1,Groin injury
441240,2022-01-23,2022-02-07,16.0,3,Groin injury
441240,2022-03-18,2022-04-01,15.0,1,Dead leg
441240,2022-08-01,2022-08-15,15.0,1,unknown injury
441240,2022-09-30,2022-10-08,9.0,2,Dead leg
441240,2023-04-12,2023-04-20,9.0,1,Knee problems
441240,2024-02-16,2024-02-23,8.0,1,Ill
441240,2024-04-20,2024-06-03,45.0,6,Dead leg
441240,2024-05-11,2024-05-20,10.0,2,Injury to the ankle
441240,2024-09-13,2024-09-19,7.0,2,Knock
441240,2024-11-21,2024-11-25,5.0,1,Injury to the ankle
441240,2024-12-06,2024-12-14,9.0,2,Injury to the ankle
441240,2025-04-03,2025-04-16,14.0,2,Knee injury
441240,2026-02-16,2026-03-09,22.0,3,Injury to the ankle
441240,2026-05-01,2026-05-20,20.0,3,Knock
441264,2020-12-10,2021-01-16,38.0,4,concussion
441264,2021-03-02,2021-03-10,9.0,1,unknown injury
441264,2021-04-09,2021-04-14,6.0,1,Thigh problems
441264,2021-10-09,2021-11-04,27.0,8,Muscle injury
441264,2022-01-23,2022-03-07,44.0,9,Knee medial ligament tear
441264,2023-01-09,2023-01-13,5.0,1,Shoulder injury
441264,2023-09-04,2023-09-15,12.0,2,unknown injury
441264,2023-11-13,2023-11-29,17.0,3,muscular problems
441264,2024-03-17,2024-04-06,21.0,5,Hamstring injury
441264,2024-06-12,2024-06-20,9.0,1,Hamstring injury
441264,2024-07-29,2024-08-05,8.0,1,Fitness
441264,2024-09-18,2024-09-21,4.0,2,unknown injury
441264,2024-11-28,2024-12-03,6.0,2,Head injury
441264,2025-02-19,2025-02-22,4.0,1,Ill
441264,2025-08-03,2025-08-23,21.0,2,Ankle injury
441264,2026-02-23,2026-03-11,17.0,3,Groin injury
441264,2026-09-25,,4.0,0,Hamstring injury
441266,2020-09-19,2020-10-02,14.0,2,Corona virus
441266,2022-02-04,2022-02-12,9.0,2,Corona virus
441266,2022-05-04,2022-06-30,58.0,10,Ankle injury
441266,2023-02-02,2023-02-12,11.0,2,Knee bruise
441266,2024-02-26,2024-03-15,19.0,5,Ankle injury
441266,2025-03-16,2025-04-01,17.0,3,unknown injury
441266,2025-10-20,2025-10-29,10.0,2,Ankle problems
441271,2025-08-23,,22.0,4,Knee injury
441271,2026-09-07,,22.0,3,Hip problems
441302,2022-01-04,2022-02-03,31.0,5,Hamstring injury
441302,2022-10-18,2022-10-23,6.0,2,Cut
441302,2024-05-03,2024-05-05,3.0,1,Rest
441302,2025-06-05,2025-06-08,4.0,1,flu
442229,2020-11-02,2020-11-17,16.0,5,Corona virus
442229,2021-11-01,2021-12-08,38.0,16,Outer ligament problems
442229,2022-01-20,2022-01-27,8.0,1,muscular problems
442229,2023-02-04,2023-02-21,18.0,3,muscular problems
442229,2024-04-22,2024-06-01,41.0,4,unknown injury
442229,2024-09-16,2024-10-13,28.0,3,Ankle injury
442229,2024-11-06,2024-12-20,45.0,6,Torn ankle ligaments
442229,2025-08-06,,39.0,5,Ankle injury
442335,2022-11-13,2023-06-01,201.0,31,Calf injury
442335,2024-01-10,2024-02-11,33.0,14,Calf injury
443211,2020-11-01,2020-11-15,15.0,4,Hamstring injury
443211,2020-12-05,2020-12-08,4.0,2,Heel problems
443211,2021-08-05,2021-08-09,5.0,1,Ill
443211,2021-08-16,2021-08-20,5.0,1,Arch problems
443211,2021-08-17,2021-08-18,2.0,1,Arch problems
443211,2021-10-02,2021-10-24,23.0,6,Ankle problems
443211,2021-10-24,2021-10-26,3.0,1,Ankle problems
443211,2021-11-02,2022-01-08,68.0,9,Ankle injury
443211,2022-02-10,2022-02-14,5.0,1,Arch problems
443261,2024-02-17,2024-03-31,44.0,7,Ankle injury
443296,2022-12-09,2023-01-15,38.0,8,Ankle injury
443296,2023-11-06,2023-11-22,17.0,1,Torn ankle ligaments
443296,2026-01-08,2026-05-21,134.0,17,Knee injury
443661,2020-09-14,2020-09-16,3.0,1,Rest
443661,2022-04-01,2022-04-13,13.0,2,Inflammation of the sole of the foot
443661,2023-06-26,2023-11-08,136.0,17,Hamstring injury
443661,2023-06-26,2023-11-08,136.0,13,Muscle tear
443661,2024-02-03,2024-04-03,61.0,12,Hamstring injury
444102,2020-09-25,2020-10-04,10.0,2,Muscle fatigue
444102,2021-01-17,2021-01-27,11.0,2,Corona virus
444102,2022-12-22,2023-01-30,40.0,7,unknown injury
444102,2023-02-10,2023-02-20,11.0,2,unknown injury
444102,2023-02-23,2023-03-13,19.0,3,Muscle injury
444102,2023-03-30,2023-04-12,14.0,2,unknown injury
444102,2023-08-06,2023-09-01,27.0,4,Muscle injury
444102,2023-09-16,2023-10-03,18.0,3,Ankle injury
444102,2025-01-04,2025-02-20,48.0,8,Broken foot
444102,2025-10-17,2025-10-31,15.0,2,Calf problems
444145,2021-01-09,2021-01-17,9.0,2,Ankle injury
444145,2022-03-18,2022-03-21,4.0,1,Ill
444145,2023-05-14,2023-06-01,19.0,3,Ankle injury
444145,2023-09-17,2023-10-07,21.0,6,Hamstring injury
444145,2024-03-05,2024-03-29,25.0,4,Foot injury
444145,2025-02-06,2025-03-07,30.0,4,Hamstring injury
444145,2025-10-27,2025-11-21,26.0,6,Groin problems
444463,2020-11-09,2020-11-21,13.0,5,Knee injury
444463,2020-12-27,2021-01-02,7.0,1,Knee injury
444463,2021-02-03,2021-03-01,27.0,8,Hamstring strain
444463,2021-08-04,2022-03-15,224.0,63,Broken fibula
444463,2022-10-06,2022-12-16,72.0,17,Knee injury
444463,2022-12-20,2023-02-13,56.0,9,Knee injury
444463,2023-07-17,2024-06-30,350.0,51,Cruciate ligament tear
444463,2024-12-01,2025-02-24,86.0,18,Hamstring injury
444463,2025-04-01,2025-07-01,92.0,18,surgery
444463,2025-09-24,2025-10-20,27.0,4,concussion
444463,2025-11-21,2025-11-23,3.0,1,Rest
444463,2025-12-02,2025-12-04,3.0,1,Rest
444463,2025-12-31,2026-01-06,7.0,1,Fever
444765,2022-10-03,2023-03-01,150.0,15,Torn ankle ligaments
444765,2023-03-09,2023-04-17,40.0,7,Foot injury
444765,2023-06-16,2023-08-11,57.0,0,Torn muscle bundle
444765,2024-12-16,2024-12-28,13.0,3,Groin problems
444765,2025-02-15,2025-03-15,29.0,5,Knee problems
444765,2025-12-21,2025-12-31,11.0,1,Knock
444765,2026-07-31,2026-10-06,68.0,7,Groin injury
444880,2022-08-10,2022-09-07,29.0,4,unknown injury
444880,2022-10-20,2022-11-30,42.0,9,unknown injury
444880,2023-01-26,2023-02-28,34.0,6,unknown injury
444880,2023-08-19,2023-10-28,71.0,15,Knee injury
444884,2021-09-13,2022-01-31,141.0,34,Dislocation fracture of the ankle joint
444884,2024-09-11,2024-11-21,72.0,18,Broken foot
444884,2025-12-19,2025-12-28,10.0,2,Ill
445044,2021-06-08,2021-06-15,8.0,1,Corona virus
445044,2021-12-07,2021-12-15,9.0,2,surgery
445044,2022-09-29,2022-11-05,38.0,10,Thigh problems
445044,2024-01-10,2024-01-16,7.0,2,Ill
445044,2025-03-03,2025-04-10,39.0,7,Foot injury
445044,2025-05-12,,125.0,8,Knee injury
445044,2025-05-12,2026-09-06,483.0,59,Knee surgery
445122,2020-10-17,2020-10-30,14.0,4,Hamstring injury
445122,2020-12-10,2021-01-05,27.0,4,Inflammation of the pancreas
445122,2021-03-11,2021-04-03,24.0,8,Corona virus
445122,2021-09-20,2021-09-24,5.0,1,Abdominal problems
445122,2021-11-08,2021-11-20,13.0,2,Knock
445122,2022-02-25,2022-03-10,14.0,3,Knock
445122,2022-03-23,2022-04-01,10.0,2,Knock
445122,2022-07-15,2022-07-22,8.0,0,Knock
445122,2023-01-11,2023-01-13,3.0,1,Ill
445122,2023-08-13,2024-04-21,253.0,53,Cruciate ligament tear
445122,2024-09-22,2024-09-28,7.0,3,Knock
445122,2024-10-01,2024-10-25,25.0,6,Muscle injury
445122,2025-01-02,2025-01-07,6.0,2,Hamstring muscle injury
445122,2025-03-19,2025-03-24,6.0,2,Ill
445122,2025-05-02,2025-05-05,4.0,1,unknown injury
445122,2025-12-24,2025-12-28,5.0,1,Ankle injury
445122,2026-03-14,2026-05-04,52.0,12,Ankle injury
445122,2026-06-01,2026-09-11,103.0,11,Groin injury
445548,2023-09-01,2023-09-18,18.0,2,Ill
445548,2023-11-03,2024-01-10,69.0,11,Ill
445550,2020-10-08,2020-10-22,15.0,1,Quarantine
446008,2021-12-27,2022-01-06,11.0,2,Calf injury
446008,2023-12-07,2024-03-12,97.0,19,Ankle injury
446189,2024-03-09,2024-03-11,3.0,1,muscular problems
446189,2026-02-06,2026-02-15,10.0,2,Muscle injury
446281,2023-03-27,2023-05-30,65.0,8,Ankle injury
446281,2024-07-01,,440.0,56,Back injury
447093,2023-09-22,2024-04-08,200.0,27,Knee injury
447235,2020-09-01,2020-09-21,21.0,6,Ankle injury
447235,2020-09-25,2020-11-25,62.0,17,Ankle injury
447235,2022-10-11,2023-01-06,88.0,15,Knee injury
447235,2024-03-05,2024-04-11,38.0,7,Hamstring muscle injury
447235,2025-04-22,2025-05-19,28.0,5,unknown injury
447235,2025-08-27,,18.0,2,unknown injury
447235,2026-08-14,2026-08-24,11.0,2,unknown injury
447715,2022-12-09,2023-02-15,69.0,0,Knee injury
447715,2024-02-17,2025-03-27,405.0,56,Knee injury
447715,2025-10-25,2025-12-16,53.0,9,Hamstring injury
447715,2026-01-01,2026-04-19,109.0,21,Hamstring injury
447879,2022-08-18,2023-01-03,139.0,28,Broken arm
447880,2023-11-21,2023-12-31,41.0,5,Shoulder injury
447880,2024-04-06,2024-05-06,31.0,6,Hamstring injury
447880,2025-02-16,2025-06-30,135.0,14,Calf injury
447932,2021-11-01,2021-12-14,44.0,9,Ankle injury
447932,2022-04-13,2022-04-27,15.0,4,Hamstring injury
447932,2023-12-16,2024-01-09,25.0,4,bruise
447932,2025-03-28,2025-04-26,30.0,4,Calf problems
447932,2025-12-09,2026-01-09,32.0,8,muscular problems
447932,2026-03-06,2026-05-06,62.0,10,Hamstring muscle injury
448047,2023-12-19,2023-12-29,11.0,3,unknown injury
448047,2024-04-13,2024-04-18,6.0,1,unknown injury
448047,2024-04-25,2024-05-31,37.0,6,Groin surgery
448047,2024-09-13,2024-09-15,3.0,1,Ill
448047,2025-01-16,2025-01-23,8.0,1,Knock
448047,2025-10-14,2025-10-20,7.0,2,Knee problems
448047,2025-11-09,2025-11-21,13.0,1,Knee problems
448104,2021-12-18,2022-01-05,19.0,1,Muscle injury
448104,2021-12-29,2022-01-04,7.0,0,Corona virus
448104,2023-06-19,2023-07-19,31.0,1,Foot injury
448104,2025-09-19,2025-10-20,32.0,8,Groin problems
448104,2026-01-09,2026-01-24,16.0,4,Groin injury
448104,2026-03-28,2026-04-09,13.0,3,Muscle injury
448104,2026-09-13,2026-09-16,4.0,1,muscular problems
448104,2026-09-20,2026-10-02,13.0,0,Rest
448482,2024-01-28,2024-05-31,125.0,19,Knee injury
448514,2020-08-20,2020-09-15,27.0,5,Virus
448514,2020-11-09,2020-11-22,14.0,2,bruise
448514,2021-01-28,2021-02-10,14.0,3,Groin injury
448514,2021-09-22,2021-10-02,11.0,3,Head injury
448514,2021-12-14,2021-12-31,18.0,4,Groin injury
448514,2022-10-17,2022-10-22,6.0,1,Ill
448514,2024-04-07,2024-04-17,11.0,1,Calf injury
448514,2025-09-01,2025-10-27,57.0,13,Ankle injury
449027,2022-03-04,2022-03-09,6.0,1,Tonsillitis
449027,2024-12-10,2024-12-31,22.0,3,Leg injury
449027,2026-04-20,2026-05-06,17.0,2,Knee injury
449429,2024-10-14,2024-12-17,65.0,9,Muscle injury
449781,2022-11-10,2022-11-17,8.0,1,Ill
449781,2023-11-08,2023-12-31,54.0,5,unknown injury
449781,2024-03-01,2024-05-31,92.0,14,unknown injury
449781,2024-07-01,2025-02-28,243.0,29,Foot injury
449871,2021-01-02,2021-01-13,12.0,2,Adductor pain
449871,2021-05-17,2021-05-24,8.0,1,Groin problems
449871,2023-04-14,2023-04-24,11.0,2,Leg injury
449871,2023-11-11,2023-12-08,28.0,6,Calf injury
449871,2024-10-02,2024-10-17,16.0,4,Hamstring injury
449871,2024-11-22,2024-12-05,14.0,4,Foot injury
449871,2025-01-19,2025-01-31,13.0,3,Hamstring injury
449871,2025-02-03,2025-03-10,36.0,8,Hamstring injury
449871,2025-08-24,,20.0,1,Hamstring injury
449871,2025-11-15,2025-11-27,13.0,2,Muscle injury
449871,2025-12-31,2026-01-19,20.0,4,Hamstring injury
449871,2026-04-24,2026-04-27,4.0,1,Knee problems
449871,2026-04-30,2026-05-18,19.0,4,Calf problems
449871,2026-07-07,,84.0,8,Cruciate ligament tear
449926,2020-12-14,2021-01-19,37.0,1,Virus
449926,2021-08-03,2022-01-21,172.0,27,surgery
449926,2022-09-10,2022-11-11,63.0,11,muscular problems
449926,2024-02-26,2024-03-07,11.0,2,Ankle problems
449926,2024-11-04,2025-01-28,86.0,12,Hamstring injury
449926,2025-02-22,2025-03-07,14.0,2,Adductor injury
449926,2025-04-24,2025-05-16,23.0,3,Hamstring injury
449926,2026-03-07,2026-04-01,26.0,3,Groin problems
449926,2026-05-08,2026-08-05,90.0,3,Muscle injury
449926,2026-08-31,2026-09-05,6.0,1,Muscle fatigue
449926,2026-09-03,2026-09-12,10.0,1,unknown injury
449926,2026-09-18,,11.0,1,muscular problems
449988,2021-12-18,2021-12-31,14.0,1,Corona virus
449988,2025-02-08,2025-02-25,18.0,3,Knee injury
449988,2025-04-22,,145.0,0,Adductor injury
450070,2022-04-23,2022-06-30,69.0,9,Ankle injury
450070,2023-01-13,2023-01-30,18.0,4,unknown injury
450070,2023-08-08,2023-08-30,23.0,5,Groin strain
450070,2025-01-10,2025-09-13,247.0,24,Hamstring injury
450070,2025-11-21,2025-12-05,15.0,3,Knock
450070,2026-03-09,2026-04-07,30.0,3,Calf injury
450072,2021-08-11,2022-06-24,318.0,76,Cruciate ligament tear
450072,2023-12-01,2023-12-05,5.0,1,unknown injury
450072,2025-09-29,2025-10-02,4.0,0,flu
450434,2023-08-09,2023-09-11,34.0,5,Torn lateral knee ligament
450434,2024-02-18,2024-03-01,13.0,1,Torn muscle fiber
450434,2024-11-07,2024-11-20,14.0,3,Hamstring strain
450434,2024-11-20,2024-12-17,28.0,7,Torn muscle fiber
450434,2024-12-17,2024-12-23,7.0,1,Fitness
450434,2025-04-04,2025-04-08,5.0,1,stomach problems
450434,2025-04-04,2025-04-08,5.0,1,Stomach problems
450434,2025-08-31,,13.0,0,Inner knee ligament tear
450527,2020-07-06,2020-12-06,154.0,19,Muscle injury
450527,2020-07-07,2020-07-27,21.0,4,Hamstring injury
450527,2020-09-11,2020-09-25,15.0,3,Knock
450527,2020-12-30,2021-02-05,38.0,7,Hamstring injury
450527,2022-02-26,2022-03-06,9.0,2,Thigh problems
450527,2023-02-14,2023-03-02,17.0,3,Knock
450527,2023-03-20,2023-06-30,103.0,13,Hip injury
450527,2023-08-01,2023-11-30,122.0,19,Adductor injury
450527,2024-02-29,2024-03-25,26.0,4,Hamstring injury
450527,2024-10-16,2024-11-06,22.0,5,Hamstring injury
450527,2026-01-05,2026-09-06,245.0,28,Cruciate ligament tear
450539,2025-03-04,2025-07-25,144.0,12,Back injury
450542,2023-11-02,2024-04-26,177.0,26,Hamstring injury
450542,2024-12-25,2025-01-22,29.0,7,Muscle injury
450542,2026-09-13,,16.0,1,unknown injury
450544,2021-10-25,2021-11-15,22.0,6,Ankle injury
450544,2022-08-16,2022-09-05,21.0,5,Ankle injury
450544,2022-10-30,2022-11-04,6.0,1,Ill
450544,2025-01-12,2025-01-26,15.0,2,Virus
450544,2025-02-13,2025-02-19,7.0,1,Knee bruise
451302,2021-04-16,2021-05-13,28.0,6,Scaphoid fracture
451302,2021-10-30,2022-02-09,103.0,21,Shoulder injury
451302,2022-07-27,2022-08-04,9.0,2,Knee injury
451302,2022-12-03,2022-12-17,15.0,0,Hip problems
451302,2022-12-17,2022-12-21,5.0,1,Fitness
451302,2023-04-14,2023-06-20,68.0,15,Hip problems
451302,2024-03-15,2024-04-05,22.0,5,Groin problems
451302,2025-02-03,2025-03-31,57.0,9,unknown injury
451340,2022-01-11,2022-02-17,38.0,8,Ankle sprain
451340,2023-11-15,2023-11-29,15.0,3,unknown injury
451340,2023-12-22,2024-01-25,35.0,8,Ankle injury
451340,2024-02-23,2024-06-30,129.0,20,Back injury
451340,2025-04-07,2025-04-18,12.0,1,Heel problems
451340,2025-05-02,2025-05-09,8.0,1,Heel problems
451340,2025-10-02,2025-12-08,68.0,14,Foot injury
451340,2025-12-26,2025-12-28,3.0,1,Ill
451340,2026-03-13,2026-03-20,8.0,1,Ankle injury
451340,2026-05-10,,142.0,10,Hamstring injury
451432,2020-12-27,2021-01-06,11.0,2,Corona virus
451432,2021-02-11,2022-01-28,352.0,59,Broken ankle
451432,2024-11-25,2024-12-11,17.0,4,Knock
454667,2020-11-23,2020-12-07,15.0,4,Corona virus
454667,2021-07-01,2021-09-01,63.0,11,unknown injury
454667,2022-02-05,2022-02-28,24.0,4,Thigh problems
454667,2022-03-07,2022-03-21,15.0,2,Injury to the ankle
454667,2022-04-23,2022-05-30,38.0,5,Hamstring injury
454667,2023-09-20,2023-09-23,4.0,1,Muscle fatigue
454667,2023-12-09,2023-12-11,3.0,0,Knee bruise
454667,2024-01-13,2024-01-16,4.0,1,Thigh problems
454667,2024-02-26,2024-03-11,15.0,3,Hamstring strain
454667,2024-09-25,2024-10-19,25.0,3,Knee injury
454667,2026-09-14,2026-10-01,18.0,2,Hamstring injury
455084,2023-09-17,2023-09-22,6.0,1,Ankle problems
455084,2025-02-14,2025-02-17,4.0,1,Knock
455084,2025-03-31,2025-04-04,5.0,1,Thigh problems
455084,2026-02-22,2026-02-26,5.0,1,Knock
456350,2024-04-16,2025-01-01,261.0,39,Achilles tendon rupture
456350,2025-04-11,2025-06-30,81.0,10,Meniscus injury
456350,2026-01-20,2026-04-01,72.0,15,Thigh problems
456350,2026-04-23,2026-06-30,69.0,5,unknown injury
456512,2020-11-10,2020-11-18,9.0,5,Corona virus
456512,2023-01-19,2023-02-02,15.0,3,unknown injury
456512,2023-05-18,2023-05-23,6.0,2,unknown injury
456512,2023-12-27,2024-02-05,41.0,6,Hamstring injury
456512,2024-08-28,2024-09-12,16.0,3,Hamstring muscle injury
456512,2024-10-17,2024-10-21,5.0,1,Muscle fatigue
456512,2024-11-11,2024-11-25,15.0,3,muscular problems
456512,2024-12-16,2024-12-23,8.0,1,Bruise on ankle
456512,2025-04-26,2025-05-13,18.0,3,Hamstring injury
456512,2025-12-15,2026-01-07,24.0,5,Knock
456512,2026-03-10,2026-03-14,5.0,1,unknown injury
456512,2026-04-25,2026-05-19,25.0,4,unknown injury
456966,2023-10-30,2024-01-20,83.0,15,Hamstring injury
458249,2020-11-05,2020-11-13,9.0,2,Quarantine
458249,2020-12-06,2020-12-17,12.0,3,Quarantine
458249,2021-02-25,2021-03-14,18.0,4,Lumbago
458249,2021-04-02,2021-06-13,73.0,15,Inner ligament injury
458249,2022-12-08,2023-01-17,41.0,4,inflammation
458249,2023-02-08,2023-02-28,21.0,3,Adductor injury
458249,2023-03-27,2023-03-30,4.0,0,Ankle injury
458249,2024-03-09,2024-03-31,23.0,4,Hamstring muscle injury
458249,2024-05-11,2024-06-05,26.0,3,Hamstring injury
458249,2025-04-14,2025-06-01,49.0,10,Thigh problems
458249,2026-01-16,2026-01-30,15.0,2,Knock
458297,2025-02-27,2025-03-05,7.0,1,Calf injury
460028,2021-09-26,2021-10-13,18.0,7,Ankle injury
460028,2022-01-07,2022-02-20,45.0,9,Knee injury
460028,2023-01-20,2023-02-25,37.0,5,Torn muscle bundle
460028,2023-11-14,2023-11-20,7.0,0,Shoulder injury
460028,2024-01-26,2024-02-11,17.0,4,Hamstring injury
460028,2024-03-07,2024-05-05,60.0,11,Toe injury
460028,2025-01-16,2025-01-23,8.0,1,Knock
460028,2025-08-07,2026-04-01,238.0,40,Cruciate ligament tear
460842,2020-10-02,2020-10-09,8.0,2,Knock
460842,2020-10-22,2021-01-09,80.0,17,Meniscus injury
460842,2021-01-14,2021-02-09,27.0,6,Fitness
460842,2021-07-16,2021-09-16,63.0,8,Ankle injury
460842,2021-11-15,2022-02-06,84.0,17,Rib fracture
460842,2023-01-07,2023-01-13,7.0,2,Ill
460842,2023-04-07,2023-05-05,29.0,4,Hamstring injury
460842,2023-07-24,2023-08-05,13.0,0,minor knock
460842,2025-11-03,2025-11-21,19.0,4,unknown injury
460842,2026-01-04,2026-06-29,177.0,30,Hamstring injury
461023,2022-02-15,2022-04-20,65.0,13,Back injury
461023,2022-09-24,2022-10-14,21.0,3,Knee injury
461023,2023-10-26,2023-11-08,14.0,3,Knock
461023,2023-12-02,2023-12-31,30.0,6,Knock
461023,2024-01-25,2024-02-02,9.0,2,minor knock
461023,2024-04-09,2024-05-16,38.0,5,Knock
461023,2024-10-16,2024-11-01,17.0,3,minor knock
461102,2025-04-12,2025-05-03,22.0,5,Calf strain
461188,2024-02-13,2024-02-25,13.0,3,unknown injury
461188,2025-02-20,,205.0,18,Thigh problems
461188,2025-02-20,2025-09-01,194.0,17,Hamstring injury
461188,2025-10-17,2025-12-15,60.0,9,unknown injury
461195,2021-11-21,2021-12-20,30.0,8,Groin surgery
461195,2022-09-07,2022-10-05,29.0,13,Muscle injury
461195,2022-11-10,2022-11-20,11.0,1,unknown injury
461195,2022-12-27,2023-02-01,37.0,6,Knee injury
461195,2023-02-05,2023-02-12,8.0,2,Head injury
461195,2023-02-22,2023-03-26,33.0,5,concussion
461195,2023-09-10,2023-10-21,42.0,7,Hamstring injury
461195,2023-11-11,2024-01-01,52.0,11,Hamstring injury
461195,2024-01-11,2024-04-12,93.0,16,surgery
461195,2024-11-22,2024-11-30,9.0,3,Wrist fracture
461195,2025-07-01,2025-09-13,75.0,5,Broken thumb
461195,2026-02-21,2026-03-09,17.0,4,unknown injury
461199,2023-09-13,2023-10-18,36.0,4,Ankle injury
461199,2025-07-14,2025-10-18,97.0,9,Hamstring injury
461199,2026-04-10,2026-06-15,67.0,7,Hamstring injury
461358,2022-03-04,2022-03-06,3.0,1,Ill
461358,2025-09-14,2025-09-20,7.0,1,Inner ligament injury
461358,2026-04-30,2026-05-04,5.0,1,Ankle problems
461358,2026-05-06,2026-05-31,26.0,4,Ankle sprain
461358,2026-09-12,2026-09-20,9.0,2,muscular problems
461382,2025-03-28,2025-04-11,15.0,3,concussion
461416,2023-09-18,2023-11-05,49.0,12,Back injury
461421,2025-03-02,,196.0,0,Calf injury
461446,2021-04-03,2021-10-04,185.0,15,Ankle injury
461446,2023-02-11,2023-07-06,146.0,16,Hip flexor problems
461446,2024-11-03,2025-02-10,100.0,19,Hamstring injury
461446,2026-02-17,2026-05-31,104.0,20,Hamstring injury
461508,2022-09-20,2022-12-09,81.0,12,concussion
461548,2023-08-01,2023-08-22,22.0,2,unknown injury
461548,2023-09-20,2023-11-07,49.0,9,unknown injury
461548,2024-01-19,2024-01-23,5.0,1,Ill
461548,2024-09-20,2024-10-19,30.0,5,unknown injury
461548,2025-04-11,2025-08-22,134.0,13,Knee surgery
461548,2025-12-13,2025-12-16,4.0,1,Fever
461587,2023-10-01,2023-10-27,27.0,7,unknown injury
461587,2024-03-01,2024-04-13,44.0,11,unknown injury
461587,2024-12-21,2025-01-10,21.0,4,unknown injury
461587,2025-01-02,2025-03-14,72.0,11,unknown injury
462116,2020-08-14,2020-09-09,27.0,5,Corona virus
462116,2020-09-10,2020-10-05,26.0,3,Fitness
462116,2020-10-21,2020-11-10,21.0,6,Achilles tendon problems
462116,2023-08-18,2023-08-22,5.0,1,Knock
462116,2023-11-25,2023-11-28,4.0,1,Thigh problems
462116,2025-01-05,2025-02-10,37.0,5,unknown injury
462116,2026-01-01,2026-01-05,5.0,1,Groin problems
462116,2026-03-21,2026-04-09,20.0,2,Calf injury
462387,2025-02-23,2025-02-26,4.0,1,Groin problems
462387,2025-08-16,2025-10-30,76.0,17,Calf injury
462424,2023-03-16,2023-06-20,97.0,16,Back injury
462424,2023-10-09,2023-10-19,11.0,2,Toe injury
462424,2025-01-17,2025-01-24,8.0,2,Hamstring injury
462424,2025-08-31,2025-09-28,29.0,6,Ankle injury
462424,2025-11-29,2025-12-13,15.0,4,Knock
462424,2026-02-09,2026-02-14,6.0,1,Ill
462424,2026-03-02,2026-03-09,8.0,2,Ankle sprain
462424,2026-03-23,2026-04-01,10.0,2,Ankle injury
462424,2026-07-19,2026-11-21,126.0,8,Back injury
462831,2022-09-26,2022-10-18,23.0,5,Calf strain
462831,2022-12-27,2023-02-15,51.0,8,Shin injury
462831,2023-09-02,2024-05-13,255.0,31,Cruciate ligament tear
462831,2024-10-28,2024-12-16,50.0,7,Bone edema
462831,2025-04-08,2025-04-14,7.0,1,Ill
463034,2024-01-11,2024-04-11,92.0,16,Knee injury
463034,2025-08-31,,14.0,1,Hamstring injury
463034,2025-12-06,2025-12-25,20.0,4,Shoulder injury
463034,2026-01-13,2026-01-16,4.0,1,Ill
463067,2021-02-01,2021-02-10,10.0,1,Quarantine
463067,2022-05-08,2022-06-26,50.0,1,Shoulder injury
463067,2025-03-30,2025-05-25,57.0,9,Foot injury
463067,2025-08-22,2025-08-25,4.0,1,Muscle injury
463067,2025-12-01,2025-12-05,5.0,1,Head injury
463067,2026-08-23,2026-09-15,24.0,4,Foot injury
463212,2023-10-28,2023-11-04,8.0,2,Knock
463212,2025-01-24,2025-01-31,8.0,1,Ankle injury
463212,2026-01-14,2026-01-18,5.0,1,Ankle injury
463212,2026-02-15,2026-02-19,5.0,1,Ankle injury
463748,2022-02-23,2022-05-14,81.0,9,Finger injury
463748,2025-03-22,2025-05-01,41.0,6,Shoulder injury
463748,2026-03-20,2026-05-31,73.0,10,Thumb injury
463748,2026-08-14,2026-08-26,13.0,1,muscular problems
463903,2020-08-24,2020-08-31,8.0,0,Inflammation of ligaments in the knee
463903,2021-12-06,2021-12-10,5.0,1,Thigh problems
463903,2022-04-28,2022-05-16,19.0,5,Hamstring injury
463903,2022-09-15,2022-09-22,8.0,2,cold
463903,2023-02-05,2023-02-11,7.0,1,Thigh problems
463903,2023-03-08,2023-04-24,48.0,8,Ankle injury
463903,2023-11-21,2023-12-01,11.0,2,Shin injury
463903,2023-12-22,2023-12-25,4.0,1,Lumbago
463903,2024-04-05,2024-04-08,4.0,1,Lumbago
463903,2024-05-13,2024-05-15,3.0,0,Lumbago
463903,2025-03-16,,182.0,0,Groin surgery
463903,2025-08-15,2025-09-01,18.0,3,Fitness
463903,2025-09-19,2025-11-24,67.0,13,Adductor injury
463903,2025-11-25,2025-12-15,21.0,3,Fitness
463903,2026-01-02,2026-01-15,14.0,2,Knock
463903,2026-02-13,2026-02-23,11.0,2,Ill
463912,2023-08-26,2023-10-06,42.0,7,Ankle sprain
463912,2025-05-18,2025-05-26,9.0,2,Muscle strain
463936,2020-09-24,2020-10-05,12.0,2,Fitness
463936,2021-07-22,2021-11-22,124.0,28,Torn ankle ligaments
463936,2022-02-14,2022-02-28,15.0,1,Shoulder injury
463936,2022-09-03,2022-11-28,87.0,17,Shoulder injury
463936,2023-03-16,2023-03-31,16.0,1,Shoulder injury
463936,2023-05-07,2023-08-18,104.0,5,Shoulder injury
463936,2024-11-14,2024-11-18,5.0,0,Knock
463936,2025-06-24,2025-06-26,3.0,1,Ill
463936,2025-12-19,2025-12-24,6.0,1,Shoulder injury
463936,2026-01-13,2026-01-18,6.0,2,Ill
463936,2026-02-01,2026-03-31,59.0,13,Hamstring injury
463936,2026-04-03,2026-06-29,88.0,10,Hamstring injury
463936,2026-09-26,,3.0,0,Ankle injury
463981,2021-11-10,2022-05-02,174.0,34,Knee injury
463981,2023-01-22,2023-01-30,9.0,2,concussion
463981,2024-01-25,2024-03-11,47.0,9,Ankle injury
463981,2025-01-17,2025-02-20,35.0,5,Hamstring injury
465247,2023-08-04,2023-08-15,12.0,2,Knock
465351,2021-03-17,2021-03-29,13.0,3,Corona virus
465351,2022-11-04,2022-11-12,9.0,3,Shoulder injury
465351,2023-11-14,2023-12-04,21.0,5,Muscle injury
465351,2024-11-10,2024-11-19,10.0,0,unknown injury
465351,2024-12-20,2025-01-02,14.0,3,unknown injury
465351,2026-01-16,2026-01-19,4.0,1,Ill
465527,2022-01-06,2022-01-08,3.0,0,Corona virus
465527,2026-03-21,2026-04-30,41.0,5,Hamstring injury
465551,2022-01-13,2022-01-20,8.0,1,unknown injury
465551,2023-07-19,2023-10-18,92.0,12,Hamstring injury
465551,2023-11-06,2024-01-15,71.0,6,Torn muscle fiber
465551,2025-03-05,2025-06-30,118.0,11,Hamstring injury
465572,2022-03-19,2022-04-26,39.0,8,Calf problems
465572,2023-02-05,2023-03-01,25.0,5,Hamstring injury
465572,2024-09-22,2025-08-24,337.0,39,Cruciate ligament tear
465572,2025-10-03,2025-10-20,18.0,2,Knee injury
465572,2025-12-12,2026-03-07,86.0,9,Shoulder injury
465607,2020-09-11,2020-09-18,8.0,0,Hip bruise
465607,2020-11-08,2021-09-09,306.0,64,Meniscus tear
465607,2021-09-10,2021-09-24,15.0,3,Fitness
465607,2021-10-27,2021-11-01,6.0,2,Knee problems
465607,2021-11-07,2022-01-11,66.0,13,Hamstring injury
465607,2022-01-21,2022-03-28,67.0,13,Hamstring injury
465607,2022-03-29,2022-04-29,32.0,7,Fitness
465607,2023-02-24,2023-03-02,7.0,2,Knee bruise
465607,2023-11-25,2024-02-02,70.0,14,Calf injury
465607,2024-07-24,2024-09-16,55.0,5,Foot injury
465607,2024-11-13,2024-12-11,29.0,6,Muscle injury
465607,2025-03-01,2025-03-03,3.0,1,Ill
465607,2025-11-03,2025-11-07,5.0,1,Ill
465607,2025-12-03,2026-01-11,40.0,6,Hamstring injury
465607,2026-01-31,2026-02-11,12.0,2,Calf problems
465607,2026-08-14,,46.0,7,Calf injury
465642,2021-05-11,2021-05-23,13.0,3,Quarantine
465642,2021-08-02,2021-08-12,11.0,1,Thigh problems
465642,2021-08-02,2021-08-12,11.0,1,Hamstring injury
465642,2022-03-20,2022-03-29,10.0,4,Knee problems
465642,2023-11-28,2024-02-14,79.0,15,Hamstring muscle injury
465642,2024-04-05,2024-04-10,6.0,1,Heel spur
465642,2024-08-30,2024-09-20,22.0,3,Ankle sprain
465642,2025-01-14,2025-01-27,14.0,4,Hamstring muscle injury
465680,2021-03-18,2021-03-29,12.0,3,Knee injury
465680,2022-01-20,2022-01-24,5.0,1,angina
465680,2022-08-22,2022-09-16,26.0,6,Muscle tear
465680,2023-01-16,2023-02-03,19.0,3,Dead leg
465680,2023-09-12,2023-09-29,18.0,3,Hamstring injury
465680,2026-02-14,2026-02-20,7.0,0,Shoulder injury
465694,2021-09-18,2021-09-22,5.0,1,Knock
465694,2021-11-07,2021-11-19,13.0,2,Adductor injury
465694,2022-03-24,2022-04-01,9.0,2,influenza
465694,2022-04-29,2022-05-29,31.0,5,Broken toe
465694,2023-01-01,2023-03-01,60.0,12,Metatarsal fracture
465694,2023-04-10,2023-04-20,11.0,1,Ankle injury
465694,2025-02-08,2025-02-10,3.0,1,Knock
465694,2026-01-02,2026-01-05,4.0,1,Knock
465694,2026-01-11,2026-01-27,17.0,4,Knock
465702,2021-02-04,2021-02-18,15.0,4,Corona virus
465702,2022-04-11,2023-01-16,281.0,34,Cruciate ligament injury
465702,2023-09-01,2023-12-17,108.0,18,Knee injury
465730,2020-08-13,2020-08-26,14.0,2,Meniscus injury
465730,2021-04-11,2021-04-22,12.0,2,Ankle injury
465730,2024-02-04,2024-02-09,6.0,2,Whiplash
465730,2024-09-07,2024-09-11,5.0,1,Hamstring injury
465730,2024-12-19,2024-12-31,13.0,2,Achilles tendon problems
465730,2025-09-19,2025-09-22,4.0,1,Muscle injury
465730,2026-01-09,2026-01-21,13.0,2,Ill
465920,2021-08-10,2021-08-15,6.0,2,Knock
465920,2023-08-23,2023-08-31,9.0,2,unknown injury
465920,2023-10-27,2023-11-03,8.0,2,Muscle strain
465920,2023-12-28,2023-12-29,2.0,0,unknown injury
465920,2024-05-15,2024-05-20,6.0,2,concussion
465920,2024-06-25,2024-07-07,13.0,0,unknown injury
465920,2024-09-06,2024-09-09,4.0,0,unknown injury
465920,2024-12-03,2024-12-16,14.0,4,Ill
465920,2026-09-09,2026-11-09,62.0,3,Ankle injury
466052,2022-02-09,2022-05-09,90.0,21,Metatarsal fracture
466052,2024-04-01,2024-04-02,2.0,1,Muscle injury
466052,2025-08-30,2025-10-26,58.0,11,Thigh problems
466075,2020-10-17,2020-11-12,27.0,7,Corona virus
466075,2021-01-01,2021-01-27,27.0,6,Hamstring muscle injury
466075,2021-02-13,2021-03-08,24.0,7,Hamstring muscle injury
466075,2021-04-22,2021-05-31,40.0,8,Hamstring muscle injury
466075,2021-11-06,2021-12-01,26.0,11,muscular problems
466075,2022-03-18,2022-03-21,4.0,1,unknown injury
466075,2022-04-08,2022-04-21,14.0,2,unknown injury
466075,2022-05-06,2022-06-03,29.0,4,unknown injury
466075,2022-09-01,2022-10-05,35.0,10,Torn muscle fiber
466075,2023-02-19,2023-02-23,5.0,2,muscular problems
466075,2023-04-11,2023-04-18,8.0,2,unknown injury
466075,2023-05-04,2023-05-08,5.0,1,unknown injury
466075,2024-02-11,2024-02-14,4.0,2,Knock
466075,2024-09-07,2024-09-18,12.0,2,Calf problems
466075,2024-10-22,2024-11-21,31.0,8,Knee injury
466075,2024-12-03,2024-12-17,15.0,4,Knee injury
466075,2025-01-11,2025-01-21,11.0,3,Muscle injury
466075,2025-03-21,2025-05-06,47.0,10,Knee injury
466075,2025-05-24,2025-07-21,59.0,3,Knee bruise
466075,2025-11-10,2025-11-20,11.0,2,Hip problems
466075,2025-12-26,2026-01-26,32.0,9,Muscle injury
466075,2026-04-08,2026-04-27,20.0,4,Knock
466117,2020-08-10,2020-08-27,18.0,0,Calf injury
466117,2021-07-19,2021-09-06,50.0,9,Calf injury
466117,2021-09-06,2021-09-23,18.0,6,Fitness
466117,2021-11-01,2021-12-04,34.0,8,Achilles tendon problems
466117,2021-12-30,2022-01-10,12.0,1,Corona virus
466117,2022-03-13,2022-07-01,111.0,31,Broken toe
466117,2022-10-16,2022-10-18,3.0,0,Ankle injury
466117,2023-03-20,2023-05-12,54.0,7,Ankle injury
466404,2022-10-17,2022-11-17,32.0,8,Ankle injury
466404,2024-10-24,2024-12-31,69.0,13,unknown injury
466404,2025-02-17,2025-04-04,47.0,7,Achilles tendon contusion
466404,2025-08-25,2025-09-17,24.0,3,Calf injury
466404,2026-01-03,2026-01-25,23.0,3,Calf injury
466404,2026-05-25,2026-06-30,37.0,0,unknown injury
466525,2022-09-08,2022-09-15,8.0,1,Hip problems
466525,2022-10-10,2022-10-13,4.0,0,Knock
466525,2023-02-23,2023-02-28,6.0,1,Ill
466525,2023-05-05,2023-05-12,8.0,1,Stomach flu
466525,2025-01-15,2025-01-17,3.0,1,Stomach flu
466525,2025-01-30,2025-02-15,17.0,3,Knock
466525,2025-11-22,2025-12-04,13.0,1,Head injury
466525,2026-01-16,2026-01-19,4.0,1,Muscle injury
466525,2026-02-01,2026-02-16,16.0,3,Hip injury
466525,2026-04-05,2026-04-24,20.0,3,Ankle injury
466525,2026-05-22,2026-06-01,11.0,2,Ankle injury
467169,2020-10-20,2020-10-23,4.0,1,Knock
467169,2020-11-09,2020-11-24,16.0,3,muscular problems
467169,2021-03-19,2021-04-03,16.0,1,Knock
467169,2021-11-23,2021-12-01,9.0,2,unknown injury
467169,2022-03-30,2022-07-22,115.0,10,Ankle injury
467169,2022-10-28,2022-11-23,27.0,5,unknown injury
467169,2023-02-05,2023-02-20,16.0,4,Leg injury
467189,2021-10-10,2021-11-01,23.0,6,Foot injury
467189,2022-08-18,2022-09-16,30.0,4,Tendon tear
467189,2023-08-08,2023-08-18,11.0,2,Hamstring injury
467189,2024-12-15,2025-01-30,47.0,8,Groin injury
467189,2025-04-28,2025-07-14,78.0,4,Groin injury
467779,2020-09-11,2020-09-29,19.0,3,Ankle injury
467779,2022-07-09,2022-09-02,56.0,4,Syndesmotic ligament tear
467779,2022-12-15,2022-12-27,13.0,0,Knock
467779,2023-11-03,2023-11-05,3.0,1,Ill
467779,2024-04-17,2024-06-17,62.0,8,Thigh problems
467779,2024-08-24,2024-09-16,24.0,6,unknown injury
467779,2024-12-21,2025-01-19,30.0,7,Thigh problems
467779,2024-12-22,2025-02-10,51.0,9,Leg injury
467779,2025-08-29,2025-09-15,18.0,4,Knee problems
467779,2025-12-29,2026-02-13,47.0,9,Toe injury
467779,2026-08-30,,30.0,4,Knee injury
468243,2024-12-27,2025-02-06,42.0,8,Knee injury
468243,2025-02-07,2025-06-30,144.0,18,Bone inflammation
469130,2021-04-08,2021-05-07,30.0,5,Knee problems
469130,2021-05-10,2021-07-03,55.0,11,Meniscus injury
469130,2024-03-23,2024-04-10,19.0,3,Hamstring injury
469130,2025-04-19,2025-05-08,20.0,3,Calf problems
469130,2026-01-03,2026-01-06,4.0,1,influenza
469142,2024-04-26,2024-05-26,31.0,5,Hamstring injury
469142,2024-09-23,2024-10-16,24.0,4,Groin injury
469142,2025-04-19,2025-05-03,15.0,2,Head injury
469142,2025-12-19,2025-12-22,4.0,1,Ill
469142,2026-02-06,2026-02-10,5.0,1,Thigh problems
469247,2022-04-01,2022-04-12,12.0,3,Hand injury
469247,2022-10-30,2022-12-31,63.0,12,Bruise on ankle
469247,2024-10-17,2024-10-21,5.0,1,Internal ligament strain
469272,2023-11-21,2023-12-02,12.0,1,Calf injury
470255,2024-02-20,2024-04-02,43.0,10,Ankle ligament tear
470294,2024-03-27,2024-06-30,96.0,11,Groin surgery
470294,2026-01-13,,259.0,29,Groin injury
470313,2020-12-31,2021-02-01,33.0,6,Virus
470313,2021-04-01,2021-05-31,61.0,11,Outer ligament tear
470313,2021-07-08,2021-07-20,13.0,0,Back problems
470313,2021-10-07,2021-12-31,86.0,19,Foot surgery
470313,2023-08-17,2023-08-21,5.0,1,Back problems
470313,2025-02-03,2025-02-06,4.0,1,Ill
470313,2026-03-01,2026-03-06,6.0,1,Ill
470315,2021-03-25,2021-06-30,98.0,13,Metatarsal fracture
470315,2022-03-19,2022-04-12,25.0,4,muscular problems
470315,2022-07-05,2022-07-18,14.0,0,Corona virus
470315,2023-02-18,2023-02-23,6.0,1,Thigh problems
470315,2023-08-21,2023-09-17,28.0,5,Thigh problems
470315,2023-11-16,2023-11-18,3.0,1,Ill
470315,2024-02-19,2024-02-26,8.0,1,Ill
470315,2024-10-18,2024-12-09,53.0,8,Foot injury
471471,2021-01-22,2021-01-28,7.0,2,Knee problems
471471,2022-05-07,2022-09-30,147.0,20,Knee injury
471471,2022-10-19,2022-10-19,1.0,1,Ankle injury
471798,2024-04-03,2024-04-10,8.0,1,minor knock
471798,2024-11-08,2025-02-03,88.0,17,Finger injury
471848,2024-08-13,2024-09-10,29.0,5,unknown injury
471848,2024-12-09,2025-01-16,39.0,8,Calf injury
471848,2025-01-22,2025-02-28,38.0,6,Calf strain
471848,2026-08-26,,34.0,7,Knee injury
472464,2025-01-10,2025-01-17,8.0,1,Ill
472464,2026-03-17,2026-07-31,137.0,9,Knee injury
472713,2020-11-07,2020-11-22,16.0,2,unknown injury
472713,2020-12-13,2021-01-01,20.0,4,Corona virus
472713,2021-02-28,2021-03-13,14.0,2,Shoulder injury
472713,2021-04-03,2021-06-07,66.0,10,surgery
472713,2022-01-01,2022-01-13,13.0,1,Corona virus
472713,2022-10-10,2022-12-31,83.0,9,Ankle injury
472713,2023-11-02,2025-02-17,474.0,60,Hamstring injury
472713,2025-02-17,2025-05-16,89.0,11,Fitness
472713,2025-10-09,2025-11-03,26.0,5,Knock
472713,2025-12-02,2025-12-04,3.0,1,Rest
472713,2026-02-22,2026-04-13,51.0,8,Hamstring injury
472739,2024-10-18,2025-01-18,93.0,19,Ankle injury
473341,2021-08-28,2021-09-05,9.0,3,unknown injury
473341,2022-11-16,2022-12-09,24.0,1,Foot injury
473341,2023-04-22,2023-05-06,15.0,3,Ankle problems
473342,2020-10-08,2020-10-22,15.0,1,Quarantine
474003,2020-12-16,2020-12-31,16.0,2,Muscle injury
474003,2021-01-23,2021-03-22,59.0,10,Hamstring injury
474003,2022-08-08,2022-08-31,24.0,3,Torn knee ligaments
474003,2023-02-21,2023-04-05,44.0,8,Calf injury
474003,2023-10-02,2023-10-10,9.0,2,muscular problems
474003,2024-04-08,2024-04-25,18.0,3,Leg injury
474003,2024-11-14,2025-02-11,90.0,0,Muscle injury
474003,2025-03-10,2025-04-10,32.0,5,Muscle injury
474003,2025-05-19,2025-06-19,32.0,7,strain
474003,2025-09-11,2025-09-25,15.0,2,Adductor injury
474003,2026-03-23,,190.0,25,Hamstring injury
474120,2021-05-21,2021-06-20,31.0,6,Facial injury
474120,2022-05-08,2022-08-29,114.0,16,Facial injury
474120,2023-08-22,2024-02-21,184.0,38,Meniscus tear
474120,2025-02-16,2025-03-06,19.0,3,Knee injury
474120,2025-07-16,2025-08-31,47.0,4,Knee injury
474803,2024-02-06,2024-03-11,35.0,7,Mononucleation
474803,2024-09-28,2024-11-22,56.0,13,unknown injury
475123,2025-02-10,2025-03-31,50.0,8,Hamstring injury
475168,2022-09-20,2022-10-10,21.0,5,Calf injury
475168,2022-12-26,2023-02-20,57.0,11,Ankle injury
475168,2024-02-07,2024-04-01,55.0,11,Hamstring injury
475168,2025-01-08,2025-01-15,8.0,1,Ankle injury
475168,2026-04-17,2026-04-24,8.0,2,Thigh problems
475168,2026-09-13,2026-10-17,35.0,1,Knee problems
476344,2023-08-11,2023-08-13,3.0,1,unknown injury
476344,2023-10-21,2023-10-23,3.0,1,infection
476344,2023-10-28,2023-11-06,10.0,2,infection
476344,2024-01-25,2024-03-08,44.0,9,Hamstring injury
476344,2025-08-27,2025-10-03,38.0,8,unknown injury
476344,2025-08-27,2025-10-20,55.0,9,Bone inflammation
476344,2026-01-28,2026-02-06,10.0,3,Thigh problems
476369,2021-02-14,2021-03-16,31.0,5,Hamstring injury
476369,2023-01-19,2023-01-23,5.0,1,ankle sprain
476369,2023-01-19,2023-01-23,5.0,1,Ankle sprain
476369,2025-05-02,2025-05-06,5.0,1,Arm injury
476502,2020-08-04,2020-12-01,120.0,11,Knee injury
476502,2022-03-07,2022-04-08,33.0,3,Dead leg
476502,2023-01-04,2023-05-20,137.0,27,Groin injury
476502,2023-12-18,2023-12-29,12.0,2,Ill
476502,2024-08-28,2025-01-27,153.0,24,Meniscus injury
476502,2025-01-28,2025-02-17,21.0,3,Ill
476502,2025-10-24,2025-10-30,7.0,2,Ill
476502,2026-01-16,2026-01-23,8.0,1,Ill
476502,2026-02-02,2026-02-16,15.0,2,Injury to the ankle
476502,2026-03-08,2026-07-06,121.0,8,Calf injury
476887,2025-01-20,2025-02-12,24.0,4,Knee injury
476887,2025-10-17,2025-12-03,48.0,9,Hamstring injury
476888,2021-12-21,2022-01-07,18.0,3,Virus
476888,2025-01-06,2025-01-18,13.0,2,Injury to the ankle
476938,2021-11-15,2022-02-21,99.0,18,Back injury
476938,2025-02-22,2025-03-15,22.0,3,Calf problems
477386,2022-03-21,2022-03-28,8.0,2,Corona virus
477386,2022-10-16,2022-11-01,17.0,4,Shoulder injury
477386,2023-01-04,2023-02-12,40.0,10,Knee problems
477386,2023-03-19,2023-04-07,20.0,1,Shoulder injury
477386,2023-04-26,2023-04-29,4.0,1,unknown injury
477386,2023-05-08,2023-05-31,24.0,4,Hamstring muscle injury
477386,2023-09-21,2023-09-25,5.0,1,Dental surgery
477386,2023-10-20,2024-02-08,112.0,18,Shoulder injury
477386,2025-10-16,2025-10-23,8.0,1,Muscle fatigue
477386,2026-01-13,2026-02-13,32.0,5,muscular problems
477386,2026-03-01,2026-04-13,44.0,5,Hamstring muscle injury
477386,2026-04-26,2026-05-12,17.0,2,Shoulder injury
477386,2026-09-06,2026-10-06,31.0,2,Adductor injury
477424,2021-03-08,2021-03-29,22.0,8,Muscle injury
477424,2021-05-13,2021-06-17,36.0,7,Muscle injury
477424,2022-05-05,2022-05-12,8.0,2,Knee problems
477424,2023-05-06,2023-05-13,8.0,1,Thigh problems
477424,2023-06-11,2023-07-07,27.0,2,Groin problems
477424,2024-02-11,2024-03-04,23.0,6,Ankle ligament tear
477424,2025-08-01,2025-08-31,31.0,3,unknown injury
477424,2026-01-04,2026-05-01,118.0,27,Broken tibia
477547,2023-11-21,2024-01-25,66.0,14,unknown injury
477547,2025-06-02,2025-10-04,125.0,8,Achilles tendon surgery
477547,2026-08-16,2027-05-01,259.0,5,Patellar tendon tear
477555,2024-08-14,2025-03-01,200.0,48,Broken leg
477555,2025-03-01,2025-03-30,30.0,6,Fitness
477555,2025-12-17,2026-02-06,52.0,12,Hamstring injury
477580,2021-02-12,2021-02-17,6.0,1,unknown injury
477580,2022-01-16,2022-01-28,13.0,0,Corona virus
477580,2023-02-10,2023-03-31,50.0,6,Ankle injury
477580,2025-12-05,2025-12-07,3.0,1,Ill
477717,2021-11-22,2022-02-21,92.0,14,Muscle injury
477717,2025-12-19,2025-12-29,11.0,2,Knock
477717,2026-01-02,2026-01-06,5.0,1,Knock
477717,2026-08-12,2026-08-24,13.0,1,Thigh problems
477733,2024-09-18,2024-10-18,31.0,3,Cruciate ligament tear
478912,2022-11-01,2022-12-15,45.0,4,Hamstring injury
478912,2023-04-25,2023-04-27,3.0,1,flu
478912,2023-08-21,2023-10-06,47.0,8,Knee injury
478912,2023-10-09,2023-12-31,84.0,18,Knee injury
478912,2024-01-01,2024-01-08,8.0,1,Fitness
478912,2024-02-13,2024-03-10,27.0,4,Ankle injury
478912,2024-03-25,2024-04-02,9.0,2,Knock
478912,2024-04-25,2024-05-18,24.0,5,unknown injury
478912,2024-10-02,2024-10-04,3.0,1,Ill
478912,2024-12-20,2024-12-31,12.0,3,Ill
478912,2025-02-07,2025-02-10,4.0,1,Knee problems
478912,2025-02-12,2025-02-16,5.0,1,Knee problems
478912,2025-03-03,2025-03-10,8.0,2,muscular problems
478912,2025-04-14,2025-04-18,5.0,1,minor knock
478912,2025-06-30,2025-07-03,4.0,1,Ill
478912,2026-02-27,2026-03-11,13.0,2,muscular problems
478969,2023-08-30,2023-11-18,81.0,18,Knee injury
478969,2024-06-05,2024-12-05,184.0,19,Hamstring injury
480216,2022-01-24,2022-07-24,182.0,18,Cruciate ligament tear
480455,2020-09-16,2020-11-01,47.0,13,Ankle injury
480455,2021-07-01,2021-08-02,33.0,3,Ankle surgery
480455,2022-07-17,2022-08-04,19.0,2,Fitness
480455,2022-10-07,2022-10-14,8.0,2,unknown injury
480455,2022-11-01,2022-11-04,4.0,1,Ill
480455,2023-03-20,2023-04-06,18.0,4,Hamstring strain
480455,2024-07-18,2024-09-14,59.0,7,Groin injury
480455,2024-08-01,2024-09-30,61.0,10,Groin surgery
480455,2024-10-03,2024-10-20,18.0,4,Groin injury
480455,2025-08-10,,35.0,5,Hamstring injury
480455,2026-03-13,2026-03-17,5.0,1,unknown injury
480455,2026-04-19,2026-05-31,43.0,5,Hamstring injury
481405,2023-09-22,2023-09-25,4.0,1,Finger injury
481405,2023-10-20,2023-10-22,3.0,1,Ill
481405,2024-04-20,2024-04-27,8.0,2,Shoulder injury
481405,2024-05-11,2024-06-30,51.0,8,Shoulder injury
481405,2024-09-17,2024-09-26,10.0,3,Ill
481405,2024-11-04,2024-11-09,6.0,1,Stomach flu
481405,2025-01-28,2025-01-30,3.0,1,Ill
481405,2025-06-26,2025-07-22,27.0,1,Calf problems
481405,2025-09-28,2025-11-08,42.0,8,Hamstring injury
481405,2026-05-02,2026-05-31,30.0,3,Calf injury
481405,2026-08-04,2026-08-12,9.0,2,Knee injury
481510,2022-04-01,2022-06-30,91.0,14,unknown injury
481510,2023-03-01,2023-03-25,25.0,4,Ankle injury
481510,2023-10-02,2023-10-19,18.0,3,Hamstring injury
481510,2024-10-20,2024-10-28,9.0,1,Groin problems
481510,2025-01-01,2025-01-10,10.0,1,Ill
481510,2025-02-03,2025-02-10,8.0,1,Knock
481510,2025-11-11,2025-11-19,9.0,0,Knee injury
481510,2025-11-20,2026-02-05,78.0,16,Knee surgery
481510,2026-02-22,2026-06-30,129.0,13,Knee injury
481624,2022-03-11,2022-04-10,31.0,6,Knee injury
481624,2022-11-06,2022-12-12,37.0,3,Groin injury
481624,2023-04-16,2023-04-20,5.0,1,Knee problems
481624,2023-11-01,2023-11-09,9.0,1,Thigh problems
481624,2023-12-09,2024-01-21,44.0,11,Knee injury
481624,2023-12-13,2024-02-03,53.0,11,Knee injury
481624,2024-08-30,2024-09-29,31.0,6,Knock
481624,2025-01-03,2025-01-15,13.0,3,Knock
481624,2025-04-14,2025-06-16,64.0,6,Knee injury
481624,2026-01-18,2026-03-11,53.0,11,Knee injury
481624,2026-08-17,,43.0,4,Ankle injury
481655,2020-09-04,2020-09-25,22.0,2,Muscle injury
481655,2021-10-22,2021-10-27,6.0,1,Hip injury
481655,2022-01-20,2022-02-01,13.0,1,Hamstring injury
481655,2022-07-16,2022-07-25,10.0,0,Adductor injury
481655,2024-01-16,2024-01-22,7.0,2,Hip injury
481655,2024-05-01,2024-06-03,34.0,5,Hamstring injury
482442,2022-01-05,2022-01-12,8.0,2,Corona virus
482442,2023-11-22,2023-12-07,16.0,3,Knock
482442,2025-01-21,2025-01-26,6.0,2,Knock
482442,2026-04-13,2026-05-01,19.0,2,Shoulder injury
482442,2026-09-01,2026-09-10,10.0,1,unknown injury
482609,2021-09-23,2021-09-26,4.0,1,Muscle fatigue
482609,2022-09-27,2022-10-05,9.0,1,Knock
482609,2022-12-22,2023-01-08,18.0,3,Strain in the thigh and gluteal muscles
482609,2023-01-15,2023-01-30,16.0,2,Strain in the thigh and gluteal muscles
482609,2023-02-09,2023-04-17,68.0,15,Hamstring injury
482609,2023-11-14,2023-12-14,31.0,8,Knee injury
482609,2024-01-20,2024-01-28,9.0,2,Muscle injury
482609,2024-03-31,2024-04-02,3.0,0,Hamstring injury
482609,2024-04-07,2024-04-08,2.0,1,Rest
482609,2024-04-22,2024-05-05,14.0,4,unknown injury
482609,2024-09-01,2024-09-22,22.0,5,Muscle injury
482609,2024-11-22,2024-11-29,8.0,2,Ill
482609,2025-03-07,2025-03-15,9.0,2,Injury to the ankle
482609,2025-04-20,2025-04-28,9.0,2,Muscle injury
482609,2026-01-09,2026-01-18,10.0,3,Ill
482609,2026-03-15,2026-03-19,5.0,1,Ill
482769,2022-08-23,2022-10-14,53.0,19,Pneumothorax
482769,2024-10-30,2025-01-13,76.0,10,unknown injury
482769,2026-05-03,2026-05-08,6.0,0,Nose injury
483081,2025-02-14,2025-03-08,23.0,5,Hip injury
483081,2025-10-29,2026-01-09,73.0,12,Groin injury
483364,2025-03-19,2025-06-01,75.0,9,Torn thigh muscle
483365,2024-02-12,2024-04-10,59.0,13,Hamstring injury
483365,2025-11-10,2025-11-30,21.0,2,Hamstring muscle injury
483365,2026-04-26,2026-05-01,6.0,0,Hamstring strain
483391,2024-02-15,2024-03-06,21.0,4,unknown injury
483391,2025-02-09,,217.0,25,Cruciate ligament injury
484420,2023-03-26,2023-04-20,26.0,3,Dead leg
484420,2023-09-25,2023-10-02,8.0,1,Shoulder injury
484420,2024-02-07,2024-03-25,48.0,9,Hamstring injury
484420,2024-08-26,2024-10-04,40.0,6,Collateral ligament injury
484420,2026-03-13,2026-03-20,8.0,1,unknown injury
485047,2022-08-29,2022-10-20,53.0,11,Ankle sprain
485337,2025-08-03,2025-08-10,8.0,1,Knee problems
485337,2025-12-05,2025-12-08,4.0,1,muscular problems
485337,2026-04-09,2026-05-17,39.0,9,Knee injury
485711,2021-10-17,2021-11-01,16.0,4,Torn muscle fiber
485711,2021-11-05,2021-11-19,15.0,3,Thigh problems
485711,2022-02-06,2022-03-07,30.0,6,Torn muscle fiber
485711,2025-11-08,2025-12-10,33.0,6,Knee injury
485711,2026-05-15,2026-08-01,79.0,4,Shin injury
486385,2022-04-10,2022-05-25,46.0,9,Muscle injury
486385,2023-04-16,2023-04-20,5.0,1,flu
486385,2023-04-27,2023-05-20,24.0,4,Lumbago
486385,2023-11-23,2023-11-28,6.0,1,Knee injury
486385,2026-04-19,2026-04-30,12.0,1,concussion
486520,2021-03-15,2021-04-08,25.0,11,Ankle injury
486520,2024-03-25,2024-04-03,10.0,2,Ankle injury
486520,2024-10-01,2025-01-12,104.0,24,Knee surgery
486520,2026-04-21,2026-05-21,31.0,5,Meniscus injury
486520,2026-05-22,2026-09-14,116.0,8,Knee injury
486672,2020-11-18,2020-12-09,22.0,7,Torn muscle fiber
486672,2022-04-01,2022-04-06,6.0,1,Ill
486672,2023-09-14,2023-09-20,7.0,1,Knock
486672,2023-12-23,2023-12-25,3.0,1,Fever
486672,2026-08-22,2026-08-29,8.0,2,Knock
486672,2026-08-31,2026-10-10,41.0,4,Calf injury
486870,2020-11-09,2020-12-10,32.0,3,unknown injury
486870,2024-01-19,2024-08-01,196.0,19,Achilles tendon irritation
486870,2024-09-10,2024-09-26,17.0,3,Groin injury
486870,2024-11-27,2024-12-10,14.0,2,unknown injury
486870,2025-08-01,2025-08-19,19.0,5,Knock
486870,2026-02-28,2026-06-30,123.0,12,Muscle injury
486870,2026-08-05,2026-08-23,19.0,2,Knock
486870,2026-09-03,2026-09-04,2.0,0,Knock
487053,2021-05-01,2021-05-21,21.0,4,Muscle fatigue
487053,2021-09-08,2021-09-23,16.0,3,Calf problems
487053,2021-11-10,2021-11-18,9.0,4,Muscle fatigue
487053,2022-01-01,2022-01-08,8.0,0,unknown injury
487053,2022-02-13,2022-02-20,8.0,2,muscular problems
487053,2022-04-10,2022-04-15,6.0,1,Calf problems
487053,2022-06-02,2022-06-15,14.0,7,unknown injury
487053,2022-11-04,2023-01-01,59.0,8,Muscle injury
487053,2023-05-04,2023-05-07,4.0,1,unknown injury
487053,2023-10-23,2023-11-04,13.0,2,Muscle injury
487053,2024-02-11,2024-02-26,16.0,1,Knee injury
487053,2024-04-20,2024-08-05,108.0,12,Hamstring injury
487053,2024-09-29,2024-09-30,2.0,1,Hamstring injury
487053,2024-12-29,2025-02-10,44.0,12,Hamstring injury
487053,2025-07-20,2025-08-30,42.0,4,Knee injury
487053,2025-10-18,2025-10-31,14.0,4,Knee injury
487053,2025-12-03,2026-01-02,31.0,6,Hamstring injury
487053,2026-02-07,2026-03-16,38.0,6,Hamstring injury
487053,2026-04-20,2026-04-30,11.0,1,Muscle injury
487053,2026-09-10,2026-09-14,5.0,1,unknown injury
487117,2023-04-15,2023-05-05,21.0,5,Ankle injury
487117,2023-09-05,2023-09-23,19.0,4,Knee injury
487117,2024-04-01,2024-08-25,147.0,13,Cruciate ligament tear
487117,2024-12-25,2025-01-31,38.0,7,Ankle problems
487117,2025-10-30,2025-11-20,22.0,3,Ankle sprain
487117,2026-01-11,2026-01-20,10.0,2,bruise
487117,2026-01-18,,254.0,28,Ankle problems
487702,2023-12-06,2024-06-17,195.0,31,Knee injury
487702,2024-08-23,2024-08-30,8.0,2,unknown injury
487828,2021-08-16,2021-10-12,58.0,13,Knee problems
487828,2024-08-01,2024-08-21,21.0,2,muscular problems
487828,2024-11-01,2024-11-18,18.0,2,unknown injury
487828,2025-02-19,2025-02-28,10.0,1,unknown injury
487828,2025-05-14,,122.0,6,unknown injury
487838,2025-02-27,2025-07-01,125.0,13,Ankle surgery
487838,2025-10-01,2025-11-02,33.0,9,Hamstring injury
487968,2024-02-08,2024-09-23,229.0,25,Muscle injury
487968,2024-09-25,2024-10-07,13.0,3,Ill
487968,2024-11-19,2024-12-08,20.0,5,Fever
487968,2025-02-02,2025-03-03,30.0,5,Strain in the thigh and gluteal muscles
487968,2025-03-04,2025-03-09,6.0,1,Fitness
487968,2025-05-08,2025-05-19,12.0,2,Knock
487968,2025-05-20,2025-05-25,6.0,1,Fitness
487968,2025-08-20,2025-09-09,21.0,3,muscular problems
487968,2025-09-10,,4.0,1,Fitness
487968,2026-01-03,2026-01-15,13.0,2,Ill
487968,2026-04-10,2026-05-10,31.0,6,Knee problems
488213,2023-02-25,2023-04-18,53.0,9,Meniscus tear
488213,2023-12-03,2023-12-09,7.0,2,concussion
488404,2020-08-21,2020-08-26,6.0,1,Muscle injury
488404,2021-01-07,2021-01-25,19.0,5,Corona virus
488404,2021-04-07,2021-04-14,8.0,1,Muscle injury
488404,2021-04-22,2021-05-06,15.0,2,muscular problems
488404,2022-01-01,2022-01-07,7.0,1,Corona virus
488404,2022-02-03,2022-02-11,9.0,1,Ankle injury
488404,2022-07-30,2022-08-31,33.0,4,Ankle injury
488404,2024-12-10,2024-12-14,5.0,1,Ill
488404,2024-12-17,2024-12-30,14.0,2,unknown injury
488404,2025-02-05,2025-03-07,31.0,7,Hamstring strain
488404,2025-02-07,2025-03-07,29.0,7,Hamstring strain
488404,2025-09-05,2025-11-07,64.0,16,Calf injury
488404,2025-11-20,2026-01-05,47.0,9,Muscle strain
488404,2026-01-27,2026-02-23,28.0,8,unknown injury
488404,2026-03-14,2026-03-16,3.0,1,Rest
488404,2026-05-08,2026-05-20,13.0,3,Adductor injury
488439,2025-01-05,2025-01-08,4.0,1,flu
488439,2026-03-17,2026-03-30,14.0,1,Virus
488464,2022-04-25,2022-05-01,7.0,1,Leg injury
488464,2022-05-09,2022-06-15,38.0,8,Ankle injury
488464,2024-09-14,2024-10-28,45.0,6,Knee problems
488464,2024-11-25,2025-01-30,67.0,9,Shoulder injury
488464,2025-08-01,2025-08-31,31.0,5,Adductor injury
488464,2025-10-20,2026-08-10,295.0,44,Adductor injury
489571,2021-12-11,2022-01-16,37.0,5,Elbow injury
489571,2022-12-23,2022-12-29,7.0,1,Back injury
489571,2026-04-07,2026-12-31,269.0,7,unknown injury
489580,2021-10-23,2021-12-20,59.0,9,Hamstring injury
489580,2022-02-24,2022-03-03,8.0,2,Ill
489580,2023-02-16,2023-11-06,264.0,26,Knee surgery
489580,2023-12-08,2023-12-22,15.0,4,Ill
489639,2023-03-23,2023-03-25,3.0,2,Virus
489639,2026-06-09,2026-06-13,5.0,0,Hip injury
489888,2022-03-24,2022-08-08,138.0,24,Tendon rupture
489888,2022-08-15,2022-09-26,43.0,14,Broken collarbone
489888,2024-10-24,2025-01-30,99.0,21,Broken fibula
489888,2025-01-30,2025-02-06,8.0,2,Fitness
490094,2024-10-18,2025-01-31,106.0,16,Injury to the ankle
490094,2026-01-09,2026-01-27,19.0,3,unknown injury
490145,2025-04-03,2025-06-30,89.0,14,Groin surgery
490145,2025-07-27,,49.0,5,Groin injury
490146,2020-10-14,2021-03-05,143.0,17,Ankle surgery
490146,2021-11-19,2021-12-20,32.0,4,Knee surgery
490146,2021-12-21,2022-01-09,20.0,0,Fitness
490503,2021-11-01,2022-02-21,113.0,35,Knee injury
490503,2024-01-01,2024-02-02,33.0,4,Ankle injury
490503,2024-11-28,2024-12-12,15.0,5,Ankle injury
490503,2025-01-16,2025-02-11,27.0,8,Hip injury
490503,2025-02-16,2025-02-27,12.0,3,Hip injury
490503,2025-05-09,2025-05-29,21.0,3,minor knock
490503,2025-10-28,2025-12-23,57.0,10,Ankle injury
490721,2021-08-01,2021-08-14,14.0,0,unknown injury
490721,2023-03-02,2023-03-25,24.0,3,Hamstring injury
490721,2024-08-24,2024-09-27,35.0,6,Muscle injury
490721,2024-11-22,2024-12-10,19.0,4,unknown injury
490721,2024-12-16,2024-12-18,3.0,1,Rest
490721,2025-03-16,2025-04-04,20.0,5,unknown injury
490881,2025-02-10,2025-03-03,22.0,4,Knock
490881,2025-04-04,2025-05-16,43.0,11,Leg injury
490881,2025-11-26,2026-01-26,62.0,12,Calf injury
490881,2026-04-08,2026-05-10,33.0,6,Hamstring injury
490885,2024-04-14,2024-05-01,18.0,1,Head injury
490885,2025-08-15,2025-08-25,11.0,2,Injury to the ankle
490885,2025-10-01,2025-11-21,52.0,3,Hamstring injury
491007,2023-01-26,2023-03-05,39.0,6,Muscle injury
491007,2024-11-25,2024-12-05,11.0,2,muscular problems
491007,2025-09-08,,6.0,1,surgery
491007,2026-01-16,2026-03-01,45.0,10,unknown injury
491011,2025-01-13,2025-01-24,12.0,2,Knee injury
491011,2025-05-04,2025-05-08,5.0,0,Leg injury
491011,2025-05-11,2025-05-16,6.0,0,Injury to the ankle
491011,2025-08-15,2025-08-23,9.0,2,Dead leg
491011,2026-02-28,2026-04-06,38.0,9,Adductor pain
491012,2024-08-03,2024-11-28,118.0,14,Foot injury
491012,2025-01-05,2025-02-26,53.0,10,Hamstring injury
491012,2026-08-09,,51.0,10,Cruciate ligament tear
491279,2020-09-03,2020-10-26,54.0,17,Foot injury
491279,2021-01-29,2021-02-22,25.0,2,Ill
491279,2021-05-11,2021-05-13,3.0,1,Rest
491279,2021-08-05,2021-08-18,14.0,2,Knee injury
491279,2021-08-19,2021-08-31,13.0,2,Ill
491279,2022-02-07,2022-04-24,77.0,14,Hamstring injury
491279,2023-11-06,2024-01-01,57.0,12,Hamstring injury
491279,2024-03-10,2024-03-28,19.0,4,Hamstring injury
491279,2024-08-29,2024-09-09,12.0,2,Knee injury
491279,2024-10-30,2024-12-07,39.0,10,Hamstring injury
491279,2024-12-08,2025-01-27,51.0,14,Hamstring injury
491279,2025-02-02,2025-03-05,32.0,6,Thigh problems
491279,2026-01-25,2026-01-31,7.0,1,Knock
491287,2021-03-04,2021-03-12,9.0,2,Muscle injury
491287,2021-05-23,2022-02-15,269.0,35,Partial damage to the cruciate ligament
491287,2022-03-14,2022-03-19,6.0,1,unknown injury
491287,2022-04-20,2022-04-30,11.0,1,influenza
491287,2025-01-19,2025-01-30,12.0,2,Ankle problems
491287,2026-01-01,2026-01-13,13.0,2,Shoulder injury
491287,2026-03-13,2026-03-20,8.0,1,unknown injury
491460,2023-11-04,2024-02-04,93.0,12,Ligament injury
491785,2025-02-03,2025-06-30,148.0,16,Back injury
491785,2025-11-10,2025-12-27,48.0,8,unknown injury
491785,2026-09-19,2026-10-06,18.0,0,Hamstring injury
491970,2025-02-21,2025-03-15,23.0,3,Thigh problems
491970,2026-04-12,2026-05-01,20.0,3,Hamstring injury
492066,2021-11-21,2022-01-03,44.0,10,unknown injury
492066,2023-12-23,2024-06-30,191.0,24,Knee surgery
492066,2023-12-26,,628.0,79,Knee surgery
492066,2024-07-01,2025-06-30,365.0,51,Knee surgery
492368,2020-09-17,2020-12-04,79.0,15,unknown injury
492368,2021-03-01,2021-04-28,59.0,12,unknown injury
492368,2021-10-13,2021-10-20,8.0,1,unknown injury
492368,2021-11-24,2021-12-16,23.0,3,unknown injury
492368,2022-03-31,2022-04-06,7.0,1,unknown injury
492368,2023-01-26,2023-02-09,15.0,2,unknown injury
492368,2024-08-21,2024-08-23,3.0,1,Hip problems
492368,2025-10-12,2025-10-28,17.0,3,Foot injury
492368,2026-01-25,2026-01-30,6.0,1,concussion
492368,2026-08-19,2026-08-26,8.0,1,unknown injury
492373,2021-12-18,2022-02-18,63.0,7,Shoulder injury
492373,2023-04-05,2023-05-10,36.0,7,Fracture of the eye socket
492373,2026-03-05,2026-04-06,33.0,4,Hamstring injury
492776,2024-12-05,2025-01-17,44.0,3,unknown injury
492777,2023-07-25,2023-11-29,128.0,25,Back injury
492777,2024-04-14,2024-05-05,22.0,6,Ankle injury
492777,2024-10-18,2024-10-28,11.0,3,unknown injury
492777,2024-11-27,2025-01-03,38.0,9,Hamstring injury
492777,2025-02-19,2025-04-03,44.0,8,Muscle injury
492777,2025-04-22,2025-05-01,10.0,1,minor knock
492777,2025-07-31,2025-08-25,26.0,3,Hamstring injury
492777,2025-11-21,2025-12-06,16.0,4,Muscle injury
492777,2026-01-09,2026-11-21,317.0,34,Knee surgery
492779,2024-09-07,2024-09-30,24.0,4,Muscle injury
492779,2025-01-28,2025-12-01,308.0,32,Cruciate ligament tear
492779,2026-05-25,2026-11-01,161.0,0,Arthroscopy
492831,2020-07-14,2020-09-17,66.0,12,unknown injury
492831,2022-05-17,2022-05-20,4.0,1,unknown injury
492831,2022-09-09,2022-09-21,13.0,3,unknown injury
492831,2025-03-03,2025-03-06,4.0,1,flu
492831,2025-03-17,2025-03-24,8.0,1,muscular problems
492831,2025-05-05,2025-05-31,27.0,3,unknown injury
492831,2025-07-14,,61.0,4,Cruciate ligament tear
492859,2021-02-18,2021-02-25,8.0,1,unknown injury
492859,2023-09-20,2023-10-20,31.0,6,Ankle injury
492859,2025-09-19,2025-11-17,60.0,7,Calf injury
493105,2023-03-13,2023-05-05,54.0,14,Ankle injury
493105,2026-05-03,2026-05-15,13.0,2,Muscle injury
493125,2020-10-15,2020-11-06,23.0,6,Corona virus
493125,2020-11-21,2020-11-27,7.0,2,Muscle fatigue
493125,2025-01-30,2025-12-30,335.0,52,Cruciate ligament tear
493125,2026-03-02,2026-03-08,7.0,1,unknown injury
493250,2021-08-28,2021-10-08,42.0,11,Thigh problems
493250,2022-03-02,2022-03-09,8.0,2,unknown injury
493250,2023-08-03,2023-12-07,127.0,22,Knee injury
493250,2023-12-08,2023-12-29,22.0,5,Fitness
493250,2025-02-14,2025-04-28,74.0,15,Ankle injury
493250,2026-08-20,2026-10-10,52.0,7,Knock
493347,2025-07-27,2025-08-07,12.0,0,Shoulder injury
493362,2024-10-24,2025-01-01,70.0,15,Ankle injury
493362,2026-04-25,2027-02-20,302.0,11,Cruciate ligament tear
493837,2023-07-25,2023-12-08,137.0,20,Knee surgery
493837,2025-08-01,2026-01-05,158.0,36,Ankle injury
493934,2021-11-05,2022-03-14,130.0,23,Broken ankle
493934,2022-09-05,2022-09-09,5.0,0,muscular problems
493934,2023-01-15,2023-03-01,46.0,6,Torn muscle fiber
493934,2023-03-08,2023-03-17,10.0,1,Muscle strain
493934,2024-01-02,2024-05-15,135.0,24,Hamstring injury
493934,2025-01-21,2025-03-26,65.0,11,Muscle injury
493934,2025-04-05,2025-05-26,52.0,7,Muscle injury
493934,2025-11-22,2025-12-30,39.0,8,Hamstring injury
493934,2026-02-23,2026-03-31,37.0,6,Muscle injury
494521,2020-09-25,2020-10-09,15.0,4,Corona virus
494521,2021-05-01,2021-05-12,12.0,2,Adductor injury
494521,2023-03-20,2023-06-15,88.0,10,Injury to the ankle
494521,2024-04-10,2024-04-25,16.0,2,Hamstring injury
494595,2020-10-15,2020-10-19,5.0,1,Abdominal muscle strain
494595,2020-12-10,2020-12-10,1.0,1,Rest
494595,2021-01-04,2021-01-18,15.0,3,Knee problems
494595,2021-03-04,2021-03-08,5.0,1,Corona virus
494595,2021-04-12,2021-04-19,8.0,2,Adductor pain
494595,2021-08-05,2021-08-19,15.0,2,Adductor pain
494595,2021-11-04,2021-11-18,15.0,4,Hip flexor problems
494595,2022-03-14,2022-12-04,266.0,43,Cruciate ligament tear
494595,2023-03-10,2023-03-14,5.0,1,muscular problems
494595,2023-03-11,2023-03-13,3.0,1,Rest
494595,2023-04-22,2023-04-26,5.0,1,Stomach flu
494595,2023-11-29,2023-12-01,3.0,1,muscular problems
494595,2024-05-04,2024-05-08,5.0,1,bruise
494595,2024-05-10,2024-05-16,7.0,1,bruise
494595,2024-10-15,2024-10-17,3.0,0,Capsular injury
494595,2025-03-09,2025-04-07,30.0,7,Inner ligament injury
494595,2025-11-21,2025-11-28,8.0,2,muscular problems
494595,2026-02-21,2026-03-04,12.0,3,Back problems
494595,2026-05-07,2026-05-10,4.0,1,Stomach problems
494779,2025-04-01,2025-05-05,35.0,6,Tendon irritation
494779,2025-12-15,2026-01-26,43.0,7,muscular problems
494779,2026-01-26,2026-02-10,16.0,2,Fitness
494779,2026-02-11,2026-03-12,30.0,5,Hamstring injury
494779,2026-03-13,2026-03-17,5.0,1,influenza
494779,2026-09-25,,4.0,0,Torn muscle fiber
494960,2020-08-28,2020-11-01,66.0,17,Knock
494960,2021-02-09,2022-02-18,375.0,39,Cruciate ligament tear
494960,2022-04-01,2022-04-15,15.0,2,Knock
494960,2022-07-30,2022-08-06,8.0,0,Hamstring injury
494960,2022-09-26,2022-10-05,10.0,2,Ill
494960,2023-02-04,2023-02-07,4.0,1,Ill
494960,2023-03-15,2023-03-17,3.0,1,Ill
494960,2023-12-03,2023-12-12,10.0,2,concussion
494960,2024-02-28,2024-03-02,4.0,1,flu
494960,2024-03-19,2024-03-29,11.0,0,minor knock
494960,2024-03-31,2025-01-31,307.0,39,Knee surgery
494960,2025-02-04,2025-02-06,3.0,1,Rest
494960,2025-11-13,2025-11-19,7.0,0,Ill
495161,2021-10-22,2021-11-03,13.0,2,unknown injury
495161,2023-12-01,2023-12-05,5.0,1,Knock
495161,2024-02-05,2024-02-20,16.0,2,Knock
495161,2024-05-15,2024-05-20,6.0,1,Knock
495161,2025-02-01,2025-02-17,17.0,4,unknown injury
495542,2021-01-20,2021-02-03,15.0,4,Hamstring injury
495542,2024-10-25,2024-10-29,5.0,1,allergic reaction
495542,2025-10-21,2025-11-03,14.0,3,Hamstring injury
495542,2026-01-02,2026-01-08,7.0,2,flu
496179,2022-08-11,2022-09-25,46.0,9,Hamstring injury
496179,2025-02-09,2025-03-06,26.0,4,Hamstring injury
496208,2023-03-14,2023-04-02,20.0,4,concussion
496208,2023-12-17,2024-06-30,197.0,41,Meniscus tear
496208,2025-02-02,2025-05-31,119.0,17,Hamstring injury
496208,2025-11-18,2026-03-06,109.0,19,Hamstring injury
496221,2024-11-01,2025-02-01,93.0,17,Groin surgery
496221,2025-05-06,2025-05-12,7.0,1,Ankle injury
496221,2025-10-27,2025-11-03,8.0,2,Ill
496221,2026-04-17,2026-04-24,8.0,1,Groin problems
496283,2024-08-10,2024-12-31,144.0,29,Thigh problems
496283,2026-02-09,2026-03-10,30.0,5,unknown injury
496283,2026-03-10,2026-03-15,6.0,1,Fitness
496661,2025-01-18,2025-01-30,13.0,2,Ankle injury
496661,2025-05-19,2025-07-09,52.0,1,unknown injury
496661,2025-08-01,2025-08-15,15.0,2,Rest
497605,2024-09-19,,360.0,49,Hamstring injury
497606,2024-09-11,2024-09-19,9.0,1,concussion
497606,2024-10-02,2024-12-21,81.0,14,Torn thigh muscle
497894,2023-05-03,2023-05-12,10.0,2,Adductor pain
497894,2023-08-01,2023-08-31,31.0,3,Back injury
497894,2023-11-11,2023-11-27,17.0,4,Hamstring strain
497894,2023-12-29,2024-01-01,4.0,1,Ill
497894,2024-02-23,2024-03-08,15.0,3,Muscle injury
497894,2024-07-28,2024-09-16,51.0,7,Hamstring injury
497894,2025-10-17,2025-10-27,11.0,3,Muscle fatigue
497894,2025-11-14,2025-11-16,3.0,1,Ill
497894,2026-04-05,2026-04-08,4.0,1,Intestinal virus
498016,2023-01-01,2023-05-25,145.0,25,Inguinal hernia
498016,2024-09-09,2024-09-27,19.0,3,unknown injury
498016,2026-03-01,2026-04-01,32.0,4,Hamstring injury
499169,2024-11-20,2024-12-06,17.0,4,Knock
499175,2025-01-04,2025-01-21,18.0,5,Muscle injury
499300,2022-08-05,2022-09-05,32.0,11,Knee injury
499300,2023-02-13,2023-07-01,139.0,9,Adductor injury
499300,2026-09-08,2026-09-30,23.0,3,Adductor pain
499309,2024-01-29,2024-02-02,5.0,1,cold
499309,2024-02-05,2024-02-08,4.0,0,muscular problems
499309,2025-02-03,2025-05-12,99.0,22,Hamstring injury
499309,2026-09-18,,11.0,1,Hamstring injury
499721,2024-11-06,2025-01-07,63.0,14,Virus
499721,2025-11-21,2025-12-07,17.0,4,Muscle injury
500016,2021-03-10,2021-03-27,18.0,1,Corona virus
500016,2021-08-08,2021-09-10,34.0,6,Hip injury
500016,2023-02-12,2023-03-04,21.0,4,Ligament stretching
500016,2023-03-13,2023-06-29,109.0,23,Injury to the ankle
500016,2024-04-30,2024-05-12,13.0,4,Inner ankle ligament tear
500016,2024-11-04,2025-01-01,59.0,7,Hamstring injury
500016,2025-08-24,2025-10-17,55.0,8,Ankle injury
500151,2022-06-18,2022-11-09,145.0,16,Knee surgery
500151,2023-08-31,2023-09-18,19.0,4,muscular problems
500151,2024-09-22,2024-09-26,5.0,0,Foot injury
500151,2024-11-27,2024-12-06,10.0,2,Adductor pain
500151,2025-02-20,2025-03-11,20.0,4,Thigh problems
500151,2025-06-26,2025-08-26,62.0,3,Injury to the ankle
500151,2025-09-15,2025-09-29,15.0,2,Ankle injury
500151,2026-01-31,2026-10-11,254.0,29,Knee injury
500267,2021-01-10,2021-01-25,16.0,3,ankle sprain
500267,2021-01-10,2021-01-25,16.0,3,Ankle sprain
500267,2021-04-08,2021-04-16,9.0,1,Corona virus
500267,2022-02-18,2022-05-12,84.0,14,Adductor pain
500267,2023-02-17,2023-03-08,20.0,4,Torn thigh muscle
500267,2023-11-27,2024-01-02,37.0,8,Muscle injury
500267,2024-03-14,2024-03-20,7.0,1,Muscle injury
500267,2024-09-06,2024-09-18,13.0,1,Hamstring muscle injury
500267,2024-10-26,2024-11-11,17.0,3,Muscle injury
500267,2025-07-27,2025-08-25,30.0,2,Muscle injury
500267,2026-02-22,2026-04-01,39.0,8,Hamstring injury
501284,2024-07-11,2024-09-23,75.0,8,Broken leg
501468,2024-05-04,2024-06-30,58.0,2,Knock
501468,2024-08-03,2024-09-11,40.0,8,Knee injury
501468,2024-10-04,2024-11-06,34.0,9,unknown injury
501468,2026-08-26,,34.0,4,Hamstring injury
501770,2024-11-05,,313.0,34,unknown injury
501770,2026-08-02,,58.0,10,Cruciate ligament tear
501837,2021-08-01,2021-08-14,14.0,1,Hamstring injury
501837,2021-09-22,2022-02-25,157.0,23,Hamstring injury
501837,2023-08-20,2023-09-01,13.0,4,Leg injury
501837,2024-09-21,2025-08-16,330.0,38,Cruciate ligament tear
502222,2023-03-10,2023-03-15,6.0,1,Knock
502222,2023-04-14,2023-04-26,13.0,2,Hamstring strain
502222,2023-10-18,2023-11-09,23.0,4,Knock
502222,2024-04-05,2024-04-23,19.0,4,Torn muscle bundle
502222,2025-08-18,2025-08-24,7.0,2,Muscle injury
502222,2025-10-06,2025-10-14,9.0,2,Hamstring injury
502222,2026-05-17,2026-05-27,11.0,2,Injury to the ankle
502222,2026-08-18,2026-09-15,29.0,8,Hamstring injury
502500,2021-01-16,2021-01-24,9.0,3,Corona virus
502500,2024-03-01,2024-03-13,13.0,3,Overstretching
502500,2024-05-13,2024-06-30,49.0,3,Knee injury
502500,2024-07-21,2024-11-23,126.0,15,Meniscus injury
502500,2024-12-07,2025-05-02,147.0,22,Knee injury
502697,2022-06-09,2022-07-06,28.0,6,Torn muscle bundle
502697,2024-03-06,2024-04-01,27.0,3,Hamstring muscle injury
502697,2025-12-29,2026-01-19,22.0,5,Knock
502697,2026-02-22,2026-04-17,55.0,6,Knock
502988,2025-02-15,2025-03-21,35.0,7,unknown injury
502988,2025-07-27,2025-08-15,20.0,3,Knee injury
503139,2023-08-01,2023-10-08,69.0,13,Knee injury
503139,2024-10-19,2025-02-10,115.0,21,Meniscus tear
503301,2024-10-25,2024-10-29,5.0,1,Ill
503301,2025-01-04,2025-01-15,12.0,2,Groin problems
503301,2025-02-26,2025-03-05,8.0,2,Knee injury
503301,2025-03-28,2025-04-18,22.0,3,Thigh problems
503714,2022-01-24,2022-03-13,49.0,7,Injury to the ankle
503714,2023-12-04,2023-12-23,20.0,4,Hamstring injury
503714,2023-12-25,2024-05-06,134.0,30,Hamstring injury
503724,2022-02-16,2022-03-03,16.0,2,Injury to the ankle
503724,2022-08-06,2022-08-14,9.0,2,Dead leg
503724,2022-12-22,2023-01-19,29.0,5,Hip injury
503724,2023-01-21,2023-03-31,70.0,11,Cruciate ligament injury
503724,2025-10-31,2025-11-04,5.0,1,Shoulder injury
503724,2025-12-18,2025-12-31,14.0,1,Shoulder injury
503724,2026-06-03,2026-09-02,92.0,2,Shoulder injury
503724,2026-09-03,2026-09-21,19.0,4,Fitness
504198,2023-08-16,2023-08-28,13.0,2,Hamstring injury
504598,2024-06-05,2024-11-28,177.0,20,Shoulder injury
504750,2024-12-14,2024-12-20,7.0,2,concussion
504750,2025-09-07,2025-09-10,4.0,0,Ill
504751,2023-10-16,2023-11-27,43.0,10,Knee injury
504783,2022-02-19,2022-05-04,75.0,15,Back injury
504783,2022-09-29,2022-10-10,12.0,3,Knee problems
504783,2022-11-02,2022-11-07,6.0,2,Injury to the ankle
504783,2023-08-01,2023-09-02,33.0,6,Muscle injury
504783,2023-11-29,2024-02-05,69.0,18,unknown injury
504783,2024-07-29,2024-10-16,80.0,9,Ankle injury
504783,2025-01-24,2025-01-31,8.0,1,Hamstring injury
504783,2025-12-04,2025-12-19,16.0,3,muscular problems
504783,2026-04-10,2026-04-21,12.0,2,Foot bruise
504783,2026-08-09,2026-10-01,54.0,7,Inner ligament injury
509291,2024-04-26,2024-07-03,69.0,16,Knee injury
509291,2026-02-05,2026-02-12,8.0,2,Calf injury
509416,2024-04-04,2024-04-18,15.0,3,Hamstring injury
509416,2024-09-21,2024-09-23,3.0,1,Ill
509416,2025-01-31,2025-02-07,8.0,1,Muscle injury
509416,2025-12-01,2025-12-08,8.0,2,Muscle injury
509416,2026-02-06,2026-03-02,25.0,5,Shoulder injury
510281,2020-11-08,2020-12-22,45.0,13,Corona virus
510281,2022-07-22,2022-07-29,8.0,0,Fitness
510281,2023-01-31,2023-03-31,60.0,16,Hamstring injury
510281,2024-08-26,2024-09-12,18.0,1,Knee injury
510281,2025-08-10,2025-08-31,22.0,3,unknown injury
510281,2026-01-02,2026-02-20,50.0,13,Thigh problems
510281,2026-03-12,2026-03-15,4.0,1,Thigh problems
510328,2024-01-07,2025-01-16,376.0,28,Knee surgery
510362,2024-09-01,2024-09-22,22.0,3,Thigh problems
510362,2024-12-28,2025-01-19,23.0,4,Hamstring strain
510362,2025-10-03,2025-10-06,4.0,0,Ill
510362,2025-12-15,2026-02-19,67.0,0,Hamstring injury
510663,2022-02-23,2022-05-02,69.0,16,Hamstring injury
510663,2024-04-04,2024-04-11,8.0,1,muscular problems
510663,2024-09-27,2024-10-01,5.0,1,Knock
510663,2024-11-13,2024-11-22,10.0,2,Inner ligament stretch of the knee
510663,2026-01-03,2026-01-11,9.0,2,Thigh problems
510663,2026-04-15,2026-12-31,261.0,13,Achilles tendon rupture
511499,2022-09-01,2022-09-05,5.0,1,Capsular injury
511499,2023-03-30,2023-04-10,12.0,3,Torn muscle fiber
511499,2024-10-07,2024-10-13,7.0,1,Shoulder injury
511499,2024-11-20,2024-11-24,5.0,1,Knock
511499,2024-12-06,2024-12-09,4.0,1,Ill
511504,2026-02-13,2026-03-23,39.0,6,unknown injury
513046,2020-11-20,2020-11-28,9.0,3,Corona virus
513046,2023-09-02,2023-11-04,64.0,7,unknown injury
513046,2023-12-01,2023-12-04,4.0,1,Ill
513046,2024-08-17,2025-01-10,147.0,21,Broken ankle
513046,2025-01-01,2025-01-10,10.0,1,Fitness
513046,2025-07-19,2025-08-02,15.0,3,Fitness
513046,2025-09-18,2025-10-25,38.0,7,Hamstring injury
513046,2025-11-23,2026-01-20,59.0,5,Hamstring injury
513046,2026-02-16,2026-02-24,9.0,2,Hamstring injury
513046,2026-08-23,2026-08-29,7.0,1,muscular problems
513418,2021-01-04,2021-02-15,43.0,5,Torn lateral ankle ligament
513418,2021-03-01,2021-04-05,36.0,13,Broken jaw
513418,2022-03-10,2022-09-11,186.0,29,Abdominal muscle strain
513418,2023-09-23,2024-04-10,201.0,36,Adductor injury
513433,2023-03-04,2023-04-01,29.0,6,unknown injury
513433,2023-09-15,2023-09-17,3.0,1,Muscle injury
513433,2023-09-15,2023-09-17,3.0,1,muscular problems
513433,2023-11-02,2023-11-08,7.0,1,open wound
513433,2024-01-27,2024-02-07,12.0,2,Hip flexor problems
513433,2024-05-04,2024-05-07,4.0,1,muscular problems
513433,2024-05-04,2024-05-06,3.0,1,Muscle injury
513433,2024-06-05,2024-06-20,16.0,0,muscular problems
513433,2024-08-12,2024-09-14,34.0,7,Knock
513433,2025-01-15,2025-01-24,10.0,2,unknown injury
513433,2025-10-06,2025-11-20,46.0,9,Knee problems
513433,2026-01-23,2026-01-26,4.0,1,Muscle injury
513433,2026-03-31,2026-04-10,11.0,1,Adductor pain
513433,2026-08-30,2026-09-06,8.0,1,Ankle injury
513433,2026-09-20,,9.0,0,Abdominal muscle strain
513466,2021-02-01,2021-02-10,10.0,1,Quarantine
513466,2022-07-06,2022-07-18,13.0,0,unknown injury
513466,2022-11-04,2022-11-14,11.0,3,Back problems
513466,2023-11-22,2023-11-29,8.0,1,laceration wound
513466,2024-04-22,2024-07-15,85.0,4,Torn muscle fiber
513466,2024-09-15,2024-11-21,68.0,12,Syndesmosis ligament tear
513466,2025-03-07,2025-04-10,35.0,6,Heel problems
513466,2025-04-10,2025-04-14,5.0,1,Fitness
513466,2025-09-19,2025-10-06,18.0,4,Hip injury
513466,2025-11-17,2025-12-20,34.0,5,Inguinal hernia
513466,2026-09-12,,17.0,3,unknown injury
513789,2021-07-29,2021-09-13,47.0,4,Ankle injury
513789,2022-08-03,2024-01-09,525.0,54,Cruciate ligament tear
513789,2024-09-28,2025-01-10,105.0,21,unknown injury
513789,2025-09-22,2025-10-17,26.0,5,unknown injury
513789,2026-09-11,2026-10-11,31.0,3,Hamstring strain
513836,2024-09-20,2025-01-01,104.0,9,unknown injury
513836,2025-04-25,2025-05-28,34.0,6,unknown injury
514254,2023-09-09,2023-10-10,32.0,9,Muscle injury
514254,2024-04-22,2024-06-29,69.0,15,Ankle injury
514254,2026-01-28,2026-02-06,10.0,1,Muscle injury
514254,2026-04-18,2026-05-16,29.0,3,Knee injury
514280,2025-02-07,2025-03-27,49.0,8,Ankle injury
514356,2022-08-30,2022-10-24,56.0,10,Hamstring injury
514356,2023-09-08,2023-09-14,7.0,0,Muscle tear
514356,2023-09-17,2023-11-12,57.0,10,Ankle injury
514356,2023-11-13,2023-12-18,36.0,5,Fitness
514356,2023-12-28,2024-06-30,186.0,28,Hamstring injury
514356,2024-08-23,2024-09-15,24.0,4,Hamstring injury
514356,2024-12-09,2025-01-07,30.0,7,Hamstring injury
514356,2025-01-16,2025-03-07,51.0,8,Hamstring injury
514356,2025-03-17,2025-04-18,33.0,5,Thigh problems
514356,2025-06-29,,76.0,6,Muscle strain
514356,2025-11-05,2026-01-16,73.0,18,Muscle strain
514356,2026-01-16,2026-02-09,25.0,7,Fitness
514356,2026-05-12,2026-06-01,21.0,3,Muscle injury
514362,2021-11-20,2021-12-13,24.0,2,Head injury
515024,2024-08-31,2024-10-25,56.0,13,Ankle injury
515024,2025-08-01,2025-08-25,25.0,4,Ankle injury
515496,2023-11-24,2023-12-06,13.0,3,Ankle injury
515571,2022-11-07,2024-03-11,491.0,73,Hamstring injury
515571,2024-03-12,2024-06-30,111.0,13,Fitness
515571,2025-02-17,2025-04-28,71.0,9,Fitness
515621,2024-08-28,2024-12-28,123.0,19,Knee injury
515621,2025-01-24,2025-11-22,303.0,40,Cruciate ligament tear
515621,2025-12-15,2026-01-10,27.0,14,Fitness
515621,2026-08-22,,38.0,6,Knee surgery
516211,2021-04-09,2021-05-07,29.0,8,Groin injury
516211,2021-07-12,2021-07-28,17.0,1,Fitness
516211,2021-09-24,2021-10-29,36.0,9,Ankle injury
516211,2021-11-02,2021-12-04,33.0,7,Back injury
516211,2021-12-10,2022-03-18,99.0,26,Groin injury
516211,2024-01-23,2024-03-28,66.0,16,Hamstring injury
516211,2024-04-21,2024-05-15,25.0,5,Hamstring injury
516211,2024-10-18,2024-10-22,5.0,1,Hamstring injury
516211,2024-10-23,2024-11-07,16.0,4,Hamstring injury
516211,2025-03-10,2025-03-17,8.0,1,Adductor pain
516895,2023-07-27,2023-10-22,88.0,21,Ankle injury
516895,2024-10-17,2024-11-11,26.0,7,Muscle injury
516895,2025-02-10,2025-04-07,57.0,10,Muscle injury
516895,2025-11-07,2025-11-10,4.0,1,Knock
516895,2025-12-16,2026-01-06,22.0,4,Calf injury
516895,2026-04-10,2026-04-15,6.0,1,Knock
516939,2023-02-13,2023-03-20,36.0,5,Dead leg
516939,2025-02-17,2025-03-03,15.0,3,Muscle fatigue
517052,2020-08-01,2020-10-09,70.0,1,Muscle fiber tear
517052,2020-10-09,2020-10-11,3.0,1,Fitness
517052,2020-10-25,2020-11-01,8.0,3,Thigh problems
517052,2023-01-07,2023-03-04,57.0,16,Hip problems
517052,2024-06-06,2024-07-31,56.0,1,Ankle injury
517052,2025-02-03,2025-04-01,58.0,9,Hamstring injury
517995,2025-01-26,2025-05-15,110.0,20,fatigue fracture
518199,2022-03-17,2022-04-11,26.0,2,Foot injury
518466,2024-04-20,2024-07-20,92.0,8,unknown injury
518466,2025-07-31,2026-01-01,155.0,23,Hamstring injury
519324,2024-10-10,2024-11-26,48.0,6,Ankle injury
519324,2026-01-25,2026-04-03,69.0,11,Torn knee ligaments
519634,2021-04-18,2021-05-11,24.0,0,Corona virus
519634,2021-08-20,2021-09-30,42.0,6,unknown injury
519634,2024-03-27,2024-12-31,280.0,33,Knee surgery
519634,2025-09-20,2025-09-29,10.0,2,Hamstring injury
519634,2026-01-02,2026-01-26,25.0,4,Ill
519634,2026-01-27,2026-05-10,104.0,14,Knee injury
519895,2021-05-05,2021-05-10,6.0,1,unknown injury
519895,2022-01-28,2022-03-07,39.0,4,Foot bruise
520295,2024-12-07,2025-05-21,166.0,30,Knee injury
523705,2023-07-08,2023-09-25,80.0,8,Neck injury
523957,2022-03-06,2022-10-06,215.0,32,Lower leg fracture
523957,2025-03-17,2025-03-26,10.0,0,Wrist fracture
523957,2025-08-28,,16.0,1,unknown injury
523957,2025-08-28,2025-09-30,34.0,7,Tendonitis
524070,2025-03-29,2025-04-02,5.0,1,Virus
524070,2025-04-21,2025-05-05,15.0,3,Ankle injury
530335,2021-07-20,2021-07-30,11.0,0,Corona virus
530335,2025-01-31,2025-03-01,30.0,5,unknown injury
530335,2025-11-27,2025-12-15,19.0,3,muscular problems
530335,2026-02-07,2026-03-06,28.0,5,Calf injury
530873,2022-09-02,2022-12-26,116.0,20,Knee injury
531170,2021-07-30,2021-09-11,44.0,11,Ankle injury
531442,2024-11-15,2025-08-01,260.0,29,Cruciate ligament surgery
531442,2026-02-12,2026-02-23,12.0,2,Knock
531442,2026-04-25,2026-05-25,31.0,2,Shin injury
531989,2024-09-15,2025-01-24,132.0,24,Hamstring injury
531989,2025-02-23,2025-05-31,98.0,12,Torn thigh muscle
531989,2025-03-13,2025-03-15,3.0,1,minor knock
531989,2025-11-09,2026-01-09,62.0,11,Thigh problems
532372,2024-11-11,2025-06-30,232.0,35,Cruciate ligament tear
532529,2024-02-04,2024-08-02,181.0,18,Broken foot
532529,2024-11-09,2025-01-24,77.0,13,Knee injury
532529,2025-08-14,2025-08-24,11.0,2,Knock
532529,2025-09-13,2025-11-21,70.0,9,Ligament injury
532529,2026-01-30,2026-02-01,3.0,1,Ill
532529,2026-08-26,,34.0,6,unknown injury
532534,2022-12-21,2023-09-01,255.0,18,Cruciate ligament tear
532534,2025-09-25,2025-12-31,98.0,18,Foot injury
533463,2021-08-20,2021-09-22,34.0,4,Adductor injury
533463,2022-01-08,2022-01-15,8.0,2,Corona virus
533463,2023-08-06,2023-09-25,51.0,9,Injury to the ankle
533463,2024-01-01,2024-01-22,22.0,5,Knock
533463,2024-09-07,2024-09-20,14.0,2,Injury to the ankle
533463,2024-11-01,2024-11-11,11.0,2,unknown injury
533463,2025-05-05,2025-08-18,106.0,5,Adductor pain
535262,2024-10-05,2024-12-27,84.0,15,unknown injury
535264,2025-03-02,2025-03-06,5.0,1,unknown injury
535264,2026-02-25,2026-04-22,57.0,11,Ankle injury
535301,2025-01-31,2025-02-07,8.0,1,Muscle injury
535301,2026-03-10,2026-03-18,9.0,1,minor knock
535301,2026-08-06,2026-09-17,43.0,7,Ankle injury
535339,2025-10-25,2025-11-05,12.0,1,unknown injury
535339,2025-11-30,2025-12-13,14.0,2,unknown injury
535339,2025-12-12,2025-12-15,4.0,1,Fitness
535339,2026-01-03,2026-01-14,12.0,1,unknown injury
535339,2026-02-05,2026-02-10,6.0,1,flu
535339,2026-05-09,2026-05-17,9.0,1,unknown injury
535818,2023-01-12,2023-01-16,5.0,3,Hip injury
535818,2023-12-27,2024-01-20,25.0,5,Hamstring injury
535818,2024-09-26,2024-10-14,19.0,2,unknown injury
535818,2025-10-22,2025-10-27,6.0,1,Muscle strain
535818,2026-09-03,2026-09-28,26.0,4,Ankle injury
535928,2022-01-23,2022-06-30,159.0,18,Back injury
535928,2023-03-13,2023-05-31,80.0,15,Adductor injury
535928,2023-09-29,2024-04-08,193.0,47,Calf injury
535928,2024-11-04,2024-11-09,6.0,1,Stomach flu
535928,2025-05-14,,123.0,2,Hamstring injury
535928,2025-05-14,,503.0,66,surgery
536661,2022-08-09,2022-08-12,4.0,1,Muscle fatigue
536661,2026-03-13,2026-05-03,52.0,8,Muscle injury
536694,2023-08-05,2023-10-20,77.0,10,Back injury
536694,2024-03-09,2025-02-26,355.0,44,Rib fracture
536694,2025-07-13,2025-08-29,48.0,5,Adductor tear
536694,2025-09-28,2025-10-04,7.0,1,Ankle sprain
536908,2024-01-01,2024-02-06,37.0,5,Knee injury
536908,2025-09-15,2025-09-18,4.0,0,Shoulder injury
536916,2023-01-22,2023-02-01,11.0,1,Cervical spine injury
536916,2025-05-02,2025-05-05,4.0,1,Head injury
538182,2022-09-30,2022-10-31,32.0,3,unknown injury
541462,2023-03-23,2023-04-06,15.0,2,concussion
541462,2025-11-07,,326.0,36,Muscle injury
543158,2021-08-16,2021-08-26,11.0,0,Corona virus
543158,2023-08-24,2023-08-29,6.0,2,Adductor pain
543158,2025-01-10,2025-01-19,10.0,2,Groin injury
543158,2025-01-22,2025-02-10,20.0,3,Hamstring injury
543158,2025-12-06,2025-12-10,5.0,1,Ill
543158,2026-04-17,2026-05-04,18.0,5,Ankle injury
543295,2021-08-21,2021-08-25,5.0,1,minor knock
543295,2021-09-10,2021-09-17,8.0,1,unknown injury
543295,2023-05-19,2023-06-30,43.0,5,unknown injury
543295,2023-08-23,2023-09-10,19.0,3,unknown injury
543295,2024-03-13,2024-04-06,25.0,8,unknown injury
543295,2024-05-04,2024-06-01,29.0,3,unknown injury
543295,2024-08-24,2024-08-30,7.0,1,minor knock
543295,2024-10-13,2024-10-17,5.0,1,Ill
543295,2024-11-01,2024-11-21,21.0,5,Knee injury
543295,2025-02-28,2025-03-26,27.0,6,unknown injury
543295,2025-10-14,2026-09-11,333.0,40,Cruciate ligament tear
547027,2022-05-16,2022-06-30,46.0,15,Knock
547027,2023-02-06,2023-03-04,27.0,6,Calf injury
547027,2023-10-21,2023-11-04,15.0,5,Groin injury
547027,2024-02-26,2024-03-02,6.0,3,Achilles tendon contusion
547027,2024-04-14,2024-04-20,7.0,0,Facial injury
547027,2024-06-11,2024-07-02,22.0,0,ankle sprain
547027,2024-06-11,2024-07-02,22.0,0,Ankle sprain
547027,2025-03-03,2025-04-04,33.0,3,Injury to the ankle
547027,2025-09-15,2025-12-12,89.0,15,Groin surgery
547027,2026-08-31,2026-10-16,47.0,5,Hamstring injury
547716,2024-12-17,2025-03-03,77.0,6,Ankle injury
547719,2023-10-16,2023-11-01,17.0,4,Fever
547719,2024-03-25,2024-05-20,57.0,10,Back injury
547719,2024-07-02,2024-10-17,108.0,9,Metatarsal fracture
547719,2026-02-06,2026-04-05,59.0,15,Dead leg
547719,2026-05-05,2026-07-13,70.0,3,Broken fibula
548308,2023-11-24,2023-12-21,28.0,5,Ankle injury
549014,2024-08-09,2025-05-31,296.0,30,Muscle injury
549014,2025-11-24,2025-11-26,3.0,1,Ill
549014,2026-01-25,2026-01-27,3.0,1,Ill
549014,2026-02-07,2026-03-09,31.0,3,Groin injury
549068,2024-08-30,2024-10-31,63.0,11,Hamstring injury
549068,2024-09-01,2025-03-10,191.0,37,Hamstring injury
549068,2025-03-18,2025-06-01,76.0,14,surgery
549074,2024-12-11,2025-03-01,81.0,16,Knee injury
549074,2025-08-15,2025-09-02,19.0,4,unknown injury
549074,2025-11-07,2025-12-01,25.0,3,Muscle injury
549074,2025-12-01,2025-12-15,15.0,3,Fitness
549329,2023-05-12,2023-05-16,5.0,1,muscular problems
549344,2022-06-24,2022-07-17,24.0,4,Knock
549912,2023-06-30,2024-02-13,229.0,51,Torn knee ligaments
549912,2025-02-07,2025-02-09,3.0,1,Rest
549912,2025-03-14,2025-03-20,7.0,1,Adductor pain
549912,2025-05-09,2025-05-31,23.0,3,minor knock
549912,2026-05-21,2026-05-31,11.0,2,Muscle injury
549912,2026-06-01,2026-06-03,3.0,1,Fitness
549939,2024-11-09,2024-11-14,6.0,1,ankle sprain
549939,2024-11-09,2024-11-14,6.0,1,Ankle sprain
549939,2025-08-22,2025-08-25,4.0,1,bruise
549939,2026-09-22,,7.0,0,Hamstring injury
550090,2022-04-03,2022-05-13,41.0,6,Ankle sprain
550090,2022-09-23,2022-12-15,84.0,14,Leg injury
550090,2023-03-19,2023-04-07,20.0,6,Knee injury
550090,2024-11-20,2024-11-27,8.0,1,Ankle sprain
550141,2024-04-01,2025-01-31,306.0,28,Thigh problems
550141,2025-08-31,2025-11-10,72.0,13,muscular problems
550141,2026-05-02,2026-05-30,29.0,5,Inguinal hernia
550839,2024-09-18,2024-10-23,36.0,9,Hamstring injury
550839,2024-10-27,2025-02-13,110.0,29,Hamstring injury
550839,2026-02-10,2026-11-28,292.0,21,Cruciate ligament tear
550864,2023-10-24,2023-10-27,4.0,1,Adductor pain
550864,2024-07-29,2024-12-01,126.0,21,Ankle injury
550864,2025-02-14,2025-02-17,4.0,1,Ill
550864,2025-03-09,2025-04-01,24.0,4,Foot injury
550864,2025-05-11,2025-05-19,9.0,1,Foot injury
550864,2026-04-17,2026-04-30,14.0,1,Knock
551221,2022-10-03,2022-12-02,61.0,9,Wrist fracture
551230,2024-04-01,2024-05-13,43.0,6,Ankle sprain
551230,2024-05-20,2024-06-05,17.0,2,unknown injury
551230,2025-02-19,2025-03-07,17.0,4,Muscle injury
551483,2024-03-12,2024-04-30,50.0,7,Muscle injury
551483,2025-07-18,2025-07-29,12.0,0,unknown injury
551483,2026-08-13,2026-08-15,3.0,1,Rest
554605,2021-10-09,2021-10-18,10.0,7,Knock
554605,2023-03-10,2023-03-14,5.0,1,Foot bruise
554605,2024-01-23,2024-01-28,6.0,0,Adductor pain
554605,2025-10-08,2025-10-23,16.0,4,Calf problems
554605,2025-11-10,2025-11-20,11.0,2,Calf problems
554605,2025-11-25,2025-12-12,18.0,5,muscular problems
554605,2026-01-03,2026-01-07,5.0,1,strain
554605,2026-02-20,2026-03-02,11.0,2,Muscle tear
554605,2026-05-10,2026-05-15,6.0,1,Virus
559963,2023-10-01,2023-12-07,68.0,9,unknown injury
560248,2023-10-26,2024-11-25,397.0,40,Meniscus damage
560262,2024-10-26,2024-11-18,24.0,6,Dead leg
560262,2026-07-29,,62.0,7,Foot injury
560441,2024-01-13,2024-02-02,21.0,4,Muscle injury
560441,2024-02-05,2024-04-13,69.0,13,Muscle injury
560441,2024-08-22,2024-08-30,9.0,2,Shoulder injury
560441,2024-09-04,2024-10-04,31.0,5,Hamstring injury
560441,2025-05-19,2025-06-14,27.0,4,Muscle fatigue
560441,2025-08-04,,40.0,9,ankle sprain
560441,2025-08-04,2025-09-13,41.0,9,Ankle sprain
560441,2026-03-23,2026-04-03,12.0,1,muscular problems
560441,2026-04-27,2026-05-22,26.0,7,muscular problems
560441,2026-08-28,2026-09-11,15.0,4,muscular problems
564406,2023-08-01,2023-11-05,97.0,20,Torn muscle bundle
564406,2024-09-23,2024-10-28,36.0,8,Muscle injury
564510,2023-01-17,2023-01-19,3.0,1,Ill
564510,2024-04-27,2024-05-20,24.0,4,unknown injury
564510,2024-09-13,2024-10-24,42.0,4,Muscle tear
564940,2023-10-24,2023-11-01,9.0,1,Knee injury
564940,2025-02-12,2025-03-31,48.0,10,Facial fracture
566164,2023-03-01,2023-05-01,62.0,17,unknown injury
566164,2023-08-05,2023-08-07,3.0,1,Ill
566164,2024-05-23,2024-05-30,8.0,1,Ill
566164,2024-08-28,2024-09-03,7.0,1,Ill
566164,2025-05-26,2025-06-04,10.0,2,Ill
566164,2026-08-23,,37.0,5,Hamstring injury
570241,2022-09-10,2022-12-31,113.0,21,Ankle injury
570241,2025-02-01,2025-02-16,16.0,2,Knock
570241,2025-10-23,2025-10-31,9.0,2,strain
570241,2025-11-06,2025-12-08,33.0,5,Torn muscle fiber
570241,2025-12-09,2026-02-09,63.0,12,Torn thigh muscle
570526,2023-08-13,2023-09-13,32.0,7,surgery
570526,2025-04-30,2025-06-09,41.0,7,Ankle injury
570526,2025-11-01,2025-11-21,21.0,4,concussion
570526,2025-12-28,2026-01-03,7.0,1,Groin injury
570526,2026-01-21,2026-03-16,55.0,10,Ankle sprain
573062,2023-12-02,2023-12-27,26.0,5,Ankle injury
574458,2024-02-22,2024-03-13,21.0,3,Pubalgia
574458,2024-04-04,2024-04-10,7.0,1,minor knock
574458,2024-10-06,2024-10-17,12.0,3,Dead leg
574458,2024-11-08,2024-11-22,15.0,3,Muscle injury
574458,2025-09-30,2025-10-24,25.0,4,Dead leg
574458,2025-11-01,2025-11-07,7.0,2,Ill
575204,2024-11-23,2024-12-08,16.0,3,Muscle injury
575204,2025-06-24,2025-07-24,31.0,2,Muscle injury
575204,2025-07-21,2025-08-23,34.0,2,Ankle injury
575458,2023-01-12,2023-10-07,269.0,0,Cruciate ligament injury
575458,2025-04-21,2025-04-25,5.0,1,Injury to the ankle
575458,2026-03-12,2026-04-13,33.0,5,Foot injury
575458,2026-04-24,2026-05-03,10.0,1,Shoulder injury
575476,2024-12-28,2025-01-05,9.0,1,Adductor pain
575476,2025-09-13,2025-09-29,17.0,4,Back injury
575476,2026-04-19,2026-06-01,44.0,6,Hamstring injury
575901,2024-05-17,2024-05-31,15.0,3,Muscle strain
575901,2024-08-06,2024-08-12,7.0,1,Adductor pain
575901,2026-01-11,2026-04-06,86.0,10,Hamstring injury
575901,2026-04-10,2026-06-15,67.0,7,Hamstring injury
576628,2023-10-29,2024-04-07,162.0,15,Torn thigh muscle
576628,2026-02-03,2026-03-06,32.0,8,Calf injury
577114,2023-08-16,2023-09-23,39.0,6,Thigh problems
577114,2025-08-11,,34.0,5,Shoulder injury
577114,2025-08-17,2025-09-12,27.0,3,Broken collarbone
577114,2026-03-15,2026-04-21,38.0,7,Ankle sprain
578545,2024-02-07,2024-05-15,99.0,18,Knee injury
578545,2025-09-24,2025-11-17,55.0,11,Knee injury
578545,2026-02-19,2026-03-23,33.0,5,Back problems
587178,2023-03-05,2023-03-07,3.0,1,Groin strain
587178,2025-01-13,2025-01-27,15.0,3,Injury to the ankle
589507,2025-01-20,,237.0,16,Cruciate ligament tear
590012,2025-07-14,,61.0,6,Back injury
591357,2023-12-23,2024-06-30,191.0,24,Ankle surgery
591357,2025-01-10,2025-01-22,13.0,3,Achilles tendon problems
591357,2025-04-03,2025-07-25,114.0,7,Hamstring injury
592031,2023-10-21,2023-11-24,35.0,8,Hamstring injury
592031,2024-10-15,2024-11-11,28.0,5,Muscle injury
592031,2026-01-01,2026-01-09,9.0,2,Hamstring injury
592031,2026-08-14,,46.0,8,Foot injury
592661,2023-09-21,2023-10-15,25.0,4,Leg injury
592661,2026-08-08,,52.0,10,Ankle injury
593001,2024-07-27,2025-06-01,310.0,43,Cruciate ligament tear
593001,2026-02-06,2026-04-12,66.0,10,Meniscus injury
596777,2023-12-16,2023-12-20,5.0,1,unknown injury
596777,2026-01-25,2026-04-26,92.0,12,Hamstring injury
601975,2023-03-15,2023-04-06,23.0,0,unknown injury
601975,2023-06-01,2023-06-29,29.0,0,unknown injury
601975,2025-10-08,2025-10-12,5.0,1,Knock
606745,2025-03-16,2025-05-16,62.0,13,Foot injury
606798,2023-09-19,2024-01-12,116.0,21,Bone edema
606798,2025-07-20,2025-08-31,43.0,3,Muscle injury
606798,2026-01-23,2026-02-12,21.0,5,Thigh problems
606798,2026-02-26,2026-03-09,12.0,2,Thigh problems
606921,2025-04-11,2025-04-15,5.0,1,Ill
607464,2023-10-26,2023-11-29,35.0,8,sprain
607464,2025-03-07,2025-04-02,27.0,5,Knee problems
607464,2025-08-31,,13.0,0,unknown injury
607464,2026-02-20,2026-02-23,4.0,1,Knock
608060,2024-10-13,2024-10-22,10.0,2,unknown injury
608181,2024-01-02,2024-01-05,4.0,1,Ill
608181,2024-11-12,2024-11-20,9.0,0,Rest
608181,2025-03-19,2025-08-11,146.0,8,muscular problems
608181,2025-12-03,,300.0,34,Cruciate ligament tear
609640,2024-12-15,2025-01-11,28.0,2,unknown injury
609640,2024-12-15,2025-01-11,28.0,2,Calf injury
609640,2025-08-14,2025-08-23,10.0,2,Dead leg
609640,2026-01-11,2026-01-26,16.0,2,Injury to the ankle
610799,2023-04-16,2023-05-15,30.0,6,Muscle injury
610799,2026-04-08,2026-04-29,22.0,3,Knee bruise
612855,2024-10-07,2024-10-17,11.0,0,minor knock
612855,2024-11-06,2024-12-06,31.0,5,Thigh problems
613804,2025-03-09,2025-04-07,30.0,5,Broken leg
613804,2025-04-08,2025-04-23,16.0,3,Ankle injury
616222,2024-08-22,2024-09-14,24.0,3,Muscle injury
618873,2025-08-13,,31.0,3,Fracture of the eye socket
618873,2026-04-01,2026-06-19,80.0,7,unknown injury
620487,2022-10-03,2022-10-24,22.0,3,Hip injury
620487,2025-03-19,2025-04-08,21.0,4,Muscle injury
620487,2025-12-03,2026-01-05,34.0,6,Knee injury
622758,2024-04-14,2024-06-03,51.0,11,Torn muscle bundle
622758,2024-04-14,2024-06-03,51.0,11,Muscle tear
622758,2024-06-15,2024-08-11,58.0,9,Hamstring injury
622758,2024-11-11,2024-12-18,38.0,7,Hamstring injury
622758,2025-02-20,2025-05-12,82.0,17,Hamstring injury
622758,2025-09-12,2025-10-19,38.0,7,Muscle injury
622758,2025-12-11,2026-01-18,39.0,5,Hamstring injury
622758,2026-01-25,2026-02-11,18.0,4,Dead leg
622758,2026-02-26,2026-04-01,35.0,7,Hamstring injury
622758,2026-04-08,2026-05-31,54.0,11,Hamstring injury
622758,2026-08-09,2026-08-10,2.0,0,Hamstring injury
624773,2024-07-17,2024-08-13,28.0,8,ankle sprain
624773,2024-07-17,2024-08-13,28.0,6,Ankle sprain
624773,2024-09-16,2024-10-04,19.0,2,Hamstring injury
624773,2025-09-12,2025-09-15,4.0,1,Ill
624773,2025-12-14,2025-12-25,12.0,2,Muscle injury
624773,2026-01-15,2026-01-20,6.0,1,Ill
624773,2026-02-20,2026-03-16,25.0,6,Hamstring injury
624773,2026-04-18,2026-07-08,82.0,14,Hamstring injury
626464,2024-08-28,2025-03-19,204.0,32,Back injury
626464,2025-03-19,2025-04-09,22.0,2,Fitness
626464,2025-07-28,2025-09-13,48.0,5,Thigh problems
626464,2025-07-28,2025-10-06,71.0,9,Hamstring injury
628204,2024-01-16,2024-05-12,118.0,21,Tendon rupture
631786,2024-04-13,2024-08-17,127.0,10,Ankle injury
631786,2024-08-18,2024-08-25,8.0,1,Fitness
631786,2025-12-08,2025-12-14,7.0,2,cold
631786,2026-05-20,2026-05-25,6.0,1,Knee problems
641221,2025-04-21,2025-04-27,7.0,1,Ankle injury
647681,2025-05-18,2025-07-01,45.0,2,Outer ligament problems
647681,2025-09-24,2026-10-05,377.0,56,Cruciate ligament tear
647850,2023-07-03,2023-07-23,21.0,3,unknown injury
647850,2024-11-12,2024-11-20,9.0,0,Rest
647850,2025-02-25,2025-02-27,3.0,1,Rest
647850,2025-03-08,2025-03-26,19.0,2,Muscle injury
647850,2025-04-03,2025-05-18,46.0,6,Muscle injury
647850,2026-01-06,2026-01-08,3.0,1,Muscle injury
653481,2025-01-01,2026-02-11,407.0,21,Patellar tendon rupture
653481,2025-08-24,,20.0,2,ankle sprain
653481,2025-08-24,2025-09-12,20.0,1,Ankle sprain
653481,2025-10-17,2025-10-25,9.0,1,Calf problems
653481,2026-02-13,2026-02-23,11.0,2,Knock
653481,2026-03-09,2026-04-10,33.0,5,Muscle injury
653481,2026-04-10,2026-06-08,60.0,11,Groin injury
