id,gw,ep_next,chance_next,status,penalties_order
1,1,4.20,,a,
2,1,1.00,,a,
3,1,0.00,0.00,u,
4,1,1.00,,a,
5,1,0.00,0.00,i,
6,1,1.10,75.00,d,
7,1,0.00,0.00,s,
8,1,2.80,75.00,d,
9,1,0.00,0.00,u,
10,1,1.50,,a,
11,1,4.80,100.00,a,
12,1,0.00,100.00,a,
13,1,1.00,,a,
14,1,0.00,0.00,u,
15,1,1.00,,a,
16,1,5.80,100.00,a,1.00
17,1,2.50,100.00,a,3.00
18,1,2.50,100.00,a,
19,1,2.20,100.00,a,
20,1,4.10,75.00,d,4.00
21,1,4.30,75.00,d,
22,1,8.00,,a,
23,1,0.00,0.00,u,
24,1,1.00,100.00,a,
25,1,1.20,,a,
26,1,2.80,100.00,a,
27,1,0.20,75.00,d,
28,1,0.00,0.00,u,
29,1,0.00,0.00,u,
30,1,0.00,0.00,i,
31,1,1.00,100.00,a,
32,1,2.60,75.00,d,
33,1,0.20,,a,
34,1,0.00,0.00,u,
35,1,0.00,0.00,u,
36,1,5.20,100.00,a,
37,1,2.20,100.00,a,
38,1,3.20,100.00,a,
39,1,1.00,,a,
40,1,0.00,0.00,i,
41,1,2.60,75.00,d,
42,1,0.00,100.00,a,
43,1,0.00,0.00,u,
44,1,1.00,100.00,a,
45,1,0.00,,a,
46,1,0.00,0.00,u,
47,1,6.50,100.00,a,
48,1,2.00,100.00,a,
49,1,0.00,0.00,u,
50,1,2.20,100.00,a,2.00
51,1,0.00,0.00,u,
52,1,0.50,100.00,a,
53,1,3.50,,a,1.00
54,1,3.20,,a,
55,1,0.00,0.00,i,
56,1,0.00,0.00,u,
57,1,0.00,0.00,u,
58,1,6.80,100.00,a,
59,1,3.50,100.00,a,
60,1,0.00,,a,
61,1,0.00,0.00,u,
62,1,0.00,,a,
63,1,0.00,,a,
64,1,4.50,100.00,a,3.00
65,1,0.00,0.00,u,
66,1,0.00,0.00,u,
67,1,3.00,,a,
68,1,0.00,,a,
69,1,0.00,,a,
70,1,0.00,0.00,u,
71,1,0.00,0.00,u,
72,1,2.40,75.00,d,
73,1,2.00,100.00,a,
74,1,2.80,,a,
75,1,0.00,25.00,d,
76,1,0.00,,a,
77,1,0.20,,a,
78,1,0.00,100.00,a,
79,1,0.00,0.00,u,
80,1,0.20,100.00,a,
81,1,1.50,100.00,a,1.00
82,1,2.00,100.00,a,3.00
83,1,5.80,100.00,a,
84,1,3.50,,a,4.00
85,1,3.00,100.00,a,
86,1,0.50,100.00,a,
87,1,0.00,0.00,i,
88,1,0.00,0.00,s,
89,1,0.00,0.00,u,
90,1,2.50,,a,
91,1,0.00,0.00,u,
92,1,0.00,0.00,u,
93,1,0.00,0.00,u,
94,1,0.00,0.00,u,
95,1,0.00,0.00,u,
96,1,0.00,0.00,u,
97,1,3.20,100.00,a,
98,1,2.00,100.00,a,
99,1,0.00,0.00,u,
100,1,1.20,,a,
101,1,2.00,100.00,a,
102,1,0.00,,a,
103,1,0.00,,a,
104,1,0.00,,a,
105,1,0.00,,a,
106,1,2.20,,a,
107,1,0.80,,a,
108,1,1.00,100.00,a,
109,1,1.00,,a,
110,1,1.00,,a,
111,1,1.00,100.00,a,
112,1,0.00,0.00,u,
113,1,1.80,,a,
114,1,0.00,100.00,a,
115,1,0.00,0.00,u,
116,1,2.50,100.00,a,
117,1,0.00,0.00,u,
118,1,0.00,0.00,u,
119,1,3.00,,a,
120,1,0.00,0.00,s,3.00
121,1,2.20,,a,
122,1,0.00,0.00,i,
123,1,0.00,0.00,i,4.00
124,1,3.80,,a,
125,1,0.80,100.00,a,
126,1,1.50,,a,
127,1,0.00,100.00,a,
128,1,0.00,,a,
129,1,1.20,100.00,a,
130,1,0.00,,a,
131,1,0.00,,a,
132,1,0.00,100.00,a,
133,1,0.00,,a,
134,1,0.00,0.00,u,
135,1,0.20,100.00,a,
136,1,5.00,,a,2.00
137,1,0.00,,a,
138,1,-0.50,,a,
139,1,4.00,,a,
140,1,-0.50,,a,
141,1,0.00,0.00,u,
142,1,0.00,0.00,u,
143,1,-0.30,,a,
144,1,-0.50,,a,
145,1,5.50,100.00,a,
146,1,1.50,,a,
147,1,0.00,0.00,u,
148,1,2.30,,a,
149,1,0.80,100.00,a,
150,1,0.00,0.00,u,
151,1,5.70,,a,
152,1,0.30,100.00,a,
153,1,0.00,0.00,i,
154,1,0.00,0.00,u,
155,1,0.00,0.00,u,
156,1,-0.50,,a,
157,1,-0.50,100.00,a,
158,1,3.00,100.00,a,
159,1,0.00,0.00,i,
160,1,4.30,,a,
161,1,0.00,0.00,u,
162,1,0.50,100.00,a,
163,1,3.70,100.00,a,
164,1,0.00,0.00,u,
165,1,0.00,0.00,u,
166,1,1.30,100.00,a,
167,1,1.30,,a,
168,1,0.00,100.00,a,
169,1,1.30,100.00,a,
170,1,-0.50,100.00,a,1.00
171,1,0.00,0.00,u,
172,1,-0.50,100.00,a,
173,1,4.00,100.00,a,
174,1,0.00,0.00,u,
175,1,-0.50,,a,
176,1,0.00,0.00,u,
177,1,0.00,0.00,u,
178,1,2.70,,a,2.00
179,1,0.00,0.00,u,
180,1,0.00,0.00,i,
181,1,0.00,,a,
182,1,0.50,,a,
183,1,0.00,,a,
184,1,0.00,0.00,u,
185,1,0.00,,a,
186,1,0.00,0.00,i,
187,1,0.00,0.00,s,
188,1,0.00,,a,
189,1,0.00,0.00,u,
190,1,1.20,,a,
191,1,3.20,,a,
192,1,1.50,,a,
193,1,0.00,0.00,i,
194,1,0.00,0.00,i,
195,1,0.00,0.00,s,
196,1,0.00,0.00,u,
197,1,0.00,,a,
198,1,0.10,50.00,d,
199,1,0.20,,a,
200,1,2.00,100.00,a,
201,1,0.00,0.00,u,
202,1,1.20,100.00,a,3.00
203,1,0.00,,a,
204,1,0.00,0.00,u,
205,1,2.50,,a,
206,1,0.50,,a,
207,1,0.00,0.00,s,
208,1,0.00,0.00,u,
209,1,0.50,,a,
210,1,1.50,,a,
211,1,0.00,0.00,u,
212,1,0.00,0.00,u,
213,1,0.00,,a,
214,1,0.00,,a,
215,1,3.50,,a,1.00
216,1,0.00,0.00,i,
217,1,1.50,100.00,a,
218,1,0.00,,a,2.00
219,1,0.00,0.00,u,
220,1,5.00,,a,
221,1,0.00,,a,
222,1,0.00,0.00,u,
223,1,0.00,,a,
224,1,3.50,,a,
225,1,3.80,100.00,a,
226,1,6.80,100.00,a,
227,1,0.00,0.00,i,
228,1,2.80,100.00,a,
229,1,0.00,100.00,a,
230,1,3.20,100.00,a,
231,1,0.00,0.00,u,
232,1,3.20,100.00,a,
233,1,0.00,100.00,a,
234,1,0.00,0.00,u,
235,1,0.50,100.00,a,1.00
236,1,4.50,100.00,a,
237,1,4.50,100.00,a,2.00
238,1,0.50,,a,3.00
239,1,2.80,,a,
240,1,0.00,0.00,u,
241,1,0.00,0.00,s,
242,1,9.80,100.00,a,
243,1,0.00,,a,
244,1,0.00,0.00,i,
245,1,0.00,0.00,s,
246,1,1.80,100.00,a,
247,1,0.00,0.00,i,
248,1,0.00,0.00,u,
249,1,1.20,,a,
250,1,0.00,0.00,i,
251,1,0.00,0.00,u,
252,1,1.20,100.00,a,
253,1,4.00,,a,
254,1,-0.50,100.00,a,
255,1,-0.50,,a,
256,1,0.00,0.00,i,
257,1,5.50,,a,
258,1,3.30,,a,
259,1,-0.50,100.00,a,
260,1,6.30,100.00,a,
261,1,4.50,100.00,a,
262,1,-0.10,25.00,d,
263,1,0.00,,a,
264,1,0.00,0.00,u,
265,1,0.00,0.00,i,
266,1,7.00,,a,
267,1,0.40,75.00,d,
268,1,0.00,0.00,i,
269,1,-0.50,,a,
270,1,0.30,100.00,a,
271,1,2.50,100.00,a,
272,1,1.30,,a,
273,1,5.00,100.00,a,
274,1,-0.50,,a,
275,1,-0.50,,a,
276,1,0.50,100.00,a,
277,1,0.00,0.00,u,
278,1,0.00,0.00,u,
279,1,0.00,0.00,u,
280,1,0.00,0.00,u,
281,1,-0.50,,a,
282,1,0.00,0.00,u,
283,1,1.70,75.00,d,2.00
284,1,2.30,100.00,a,
285,1,0.00,0.00,u,
286,1,-0.50,,a,
287,1,6.00,,a,
288,1,0.00,,a,
289,1,0.00,,a,
290,1,0.00,0.00,i,
291,1,7.50,,a,
292,1,5.20,100.00,a,
293,1,5.00,,a,
294,1,0.00,0.00,i,
295,1,5.00,100.00,a,
296,1,0.00,100.00,a,
297,1,0.00,,a,
298,1,0.00,,a,
299,1,4.00,100.00,a,1.00
300,1,1.00,,a,
301,1,2.50,,a,
302,1,-0.50,100.00,a,
303,1,3.50,,a,
304,1,1.50,100.00,a,
305,1,0.00,0.00,u,
306,1,0.00,,a,
307,1,0.00,,a,
308,1,0.00,0.00,u,
309,1,0.00,0.00,u,
310,1,2.80,,a,
311,1,1.00,,a,2.00
312,1,0.00,0.00,u,
313,1,0.00,0.00,u,
314,1,2.00,,a,
315,1,0.00,0.00,u,
316,1,0.00,75.00,d,
317,1,3.80,100.00,a,
318,1,4.50,,a,
319,1,1.50,,a,
320,1,0.00,,a,
321,1,0.00,,a,
322,1,5.20,100.00,a,
323,1,0.00,,a,
324,1,3.50,,a,
325,1,2.80,100.00,a,
326,1,0.20,,a,
327,1,0.00,0.00,u,
328,1,0.00,0.00,i,
329,1,7.00,100.00,a,3.00
330,1,1.80,,a,
331,1,0.20,100.00,a,
332,1,0.80,100.00,a,
333,1,0.00,0.00,u,
334,1,0.00,0.00,u,
335,1,2.50,,a,
336,1,0.20,,a,
337,1,3.50,100.00,a,1.00
338,1,0.00,0.00,i,
339,1,0.00,,a,
340,1,0.00,,a,
341,1,0.00,,a,
342,1,1.50,100.00,a,
343,1,1.20,100.00,a,3.00
344,1,3.50,100.00,a,
345,1,0.50,100.00,a,
346,1,0.00,,a,
347,1,1.50,100.00,a,
348,1,1.50,100.00,a,
349,1,0.00,0.00,u,
350,1,1.80,,a,
351,1,1.20,100.00,a,
352,1,0.00,100.00,a,
353,1,0.00,0.00,i,
354,1,3.00,100.00,a,
355,1,0.00,0.00,u,
356,1,1.20,,a,
357,1,0.00,0.00,u,
358,1,5.20,100.00,a,
359,1,0.00,0.00,u,
360,1,0.00,0.00,u,
361,1,0.00,0.00,u,
362,1,0.80,100.00,a,2.00
363,1,0.00,0.00,u,
364,1,0.00,0.00,u,
365,1,0.00,0.00,i,1.00
366,1,3.50,100.00,a,
367,1,0.50,,a,
368,1,0.50,,a,
369,1,0.50,,a,
370,1,0.00,0.00,i,
371,1,2.70,,a,
372,1,1.50,,a,
373,1,4.30,,a,
374,1,3.70,100.00,a,
375,1,0.00,0.00,s,
376,1,4.30,100.00,a,
377,1,0.00,0.00,u,
378,1,0.50,100.00,a,
379,1,0.50,,a,
380,1,0.50,,a,
381,1,1.30,,a,1.00
382,1,3.70,100.00,a,
383,1,0.00,0.00,u,
384,1,0.00,0.00,i,2.00
385,1,0.70,100.00,a,
386,1,2.50,100.00,a,3.00
387,1,4.30,,a,
388,1,2.00,100.00,a,
389,1,0.00,100.00,a,
390,1,4.00,100.00,a,
391,1,0.00,0.00,i,
392,1,0.00,0.00,i,
393,1,0.00,0.00,i,
394,1,0.00,0.00,u,
395,1,0.00,0.00,u,
396,1,0.50,,a,
397,1,0.00,0.00,u,
398,1,0.00,0.00,i,
399,1,0.00,0.00,u,
400,1,0.50,,a,
401,1,0.50,100.00,a,
402,1,0.50,100.00,a,
403,1,5.30,100.00,a,
404,1,0.00,0.00,u,
405,1,1.00,,a,
406,1,0.50,100.00,a,
407,1,3.50,,a,4.00
408,1,6.00,,a,
409,1,0.20,25.00,d,
410,1,0.70,100.00,a,
411,1,3.30,100.00,a,
412,1,0.00,0.00,u,
413,1,1.30,100.00,a,2.00
414,1,12.00,100.00,a,
415,1,1.30,100.00,a,
416,1,2.30,,a,
417,1,6.30,100.00,a,
418,1,4.30,,a,3.00
419,1,4.80,100.00,a,
420,1,0.00,0.00,u,
421,1,0.00,0.00,i,
422,1,0.00,0.00,i,
423,1,3.30,100.00,a,
424,1,0.50,,a,
425,1,0.00,0.00,u,
426,1,0.20,,a,
427,1,3.50,,a,
428,1,0.00,0.00,u,
429,1,0.50,,a,
430,1,5.50,100.00,a,1.00
431,1,0.00,,a,
432,1,0.00,0.00,u,
433,1,0.00,0.00,u,
434,1,0.00,,a,
435,1,0.00,,a,
436,1,0.00,0.00,i,
437,1,0.80,100.00,a,
438,1,1.80,100.00,a,
439,1,0.00,,a,
440,1,5.80,100.00,a,
441,1,1.00,,a,
442,1,0.00,0.00,i,
443,1,1.50,,a,
444,1,1.20,,a,
445,1,0.00,0.00,u,
446,1,0.00,,a,
447,1,0.50,100.00,a,
448,1,0.00,,a,
449,1,8.80,,a,1.00
450,1,2.00,100.00,a,
451,1,0.00,0.00,u,
452,1,3.00,100.00,a,
453,1,1.20,,a,
454,1,0.00,0.00,u,
455,1,4.20,100.00,a,
456,1,0.80,100.00,a,
457,1,3.50,100.00,a,
458,1,0.80,100.00,a,
459,1,0.20,,a,
460,1,0.00,0.00,u,
461,1,0.00,,a,
462,1,0.00,,a,
463,1,0.00,,a,
464,1,0.00,0.00,u,
465,1,0.00,0.00,u,
466,1,3.20,100.00,a,
467,1,0.00,,a,
468,1,0.00,0.00,u,
469,1,0.20,25.00,d,
470,1,2.00,100.00,a,
471,1,0.00,,a,
472,1,0.00,0.00,u,
473,1,2.80,100.00,a,
474,1,2.00,100.00,a,4.00
475,1,0.10,25.00,d,
476,1,4.50,100.00,a,
477,1,2.00,100.00,a,
478,1,0.00,25.00,d,
479,1,0.00,25.00,d,
480,1,0.00,,a,
481,1,0.00,,a,
482,1,0.00,100.00,a,
483,1,0.00,,a,
484,1,0.00,0.00,u,
485,1,4.20,100.00,a,2.00
486,1,2.20,,a,
487,1,5.00,,a,
488,1,7.80,,a,
489,1,1.20,,a,
490,1,1.90,75.00,d,
491,1,1.80,100.00,a,
492,1,0.00,0.00,u,
493,1,0.00,0.00,i,
494,1,1.20,100.00,a,
495,1,0.00,0.00,u,
496,1,0.00,0.00,u,
497,1,4.50,100.00,a,
498,1,0.00,0.00,u,
499,1,2.60,75.00,d,
500,1,0.00,25.00,d,
501,1,0.00,,a,
502,1,3.20,75.00,d,
503,1,0.00,0.00,u,
504,1,0.00,0.00,u,
505,1,3.80,,a,
506,1,4.20,100.00,a,
507,1,0.00,0.00,i,
508,1,5.80,,a,
509,1,0.00,0.00,u,
510,1,0.00,,a,
511,1,3.00,,a,
512,1,0.00,0.00,u,
513,1,0.20,,a,
514,1,0.00,,a,
515,1,3.80,100.00,a,2.00
516,1,1.00,100.00,a,
517,1,5.20,,a,4.00
518,1,0.00,0.00,u,
519,1,1.50,100.00,a,
520,1,0.00,0.00,u,
521,1,2.80,,a,
522,1,0.00,0.00,i,
523,1,0.00,0.00,u,
524,1,0.00,0.00,u,
525,1,0.00,0.00,i,1.00
526,1,3.80,,a,3.00
527,1,0.00,25.00,d,
528,1,0.00,,a,
529,1,0.00,,a,
530,1,0.00,,a,
531,1,2.20,100.00,a,
532,1,1.00,,a,
533,1,0.00,0.00,i,
534,1,0.00,,a,
535,1,0.00,100.00,a,
536,1,0.00,25.00,d,
537,1,0.00,0.00,u,
538,1,0.00,,a,
539,1,0.00,0.00,s,
540,1,0.00,,a,
541,1,2.20,100.00,a,
542,1,0.00,0.00,u,
543,1,0.50,,a,
544,1,0.00,0.00,i,1.00
545,1,0.00,0.00,u,
546,1,0.00,0.00,u,
547,1,5.50,100.00,a,2.00
548,1,0.20,100.00,a,
549,1,0.00,,a,
550,1,0.00,,a,
551,1,0.00,,a,
552,1,2.00,100.00,a,
553,1,3.50,,a,
554,1,0.00,,a,
555,1,0.00,0.00,u,
556,1,0.00,0.00,u,
557,1,0.00,,a,
558,1,0.00,,a,
559,1,0.00,0.00,u,
560,1,1.50,,a,
561,1,0.20,,a,3.00
562,1,0.00,,a,
563,1,0.00,0.00,u,
564,1,0.00,0.00,u,
565,1,2.50,,a,
566,1,0.00,,a,
567,1,0.00,,a,
568,1,1.80,,a,
569,1,6.00,100.00,a,
570,1,1.80,,a,
571,1,0.00,100.00,a,
572,1,0.00,75.00,d,
573,1,1.50,,a,
574,1,0.00,0.00,i,
575,1,1.50,,a,
576,1,0.00,0.00,u,
577,1,0.00,75.00,d,
578,1,0.00,0.00,u,
579,1,0.00,0.00,u,
580,1,0.80,,a,
581,1,0.00,0.00,i,
582,1,5.00,100.00,a,
583,1,0.00,0.00,i,
584,1,1.20,,a,4.00
585,1,2.50,,a,
586,1,1.80,100.00,a,
587,1,0.00,0.00,i,
588,1,1.20,100.00,a,
589,1,0.00,0.00,u,
590,1,0.00,0.00,u,
591,1,1.00,100.00,a,
592,1,0.00,0.00,u,
593,1,1.20,100.00,a,
594,1,0.00,0.00,u,
595,1,0.00,,a,
596,1,0.00,0.00,i,2.00
597,1,3.80,,a,3.00
598,1,0.00,0.00,u,
599,1,0.00,,a,
600,1,4.20,,a,
601,1,0.00,0.00,u,
602,1,0.00,,a,
603,1,3.20,,a,
604,1,0.00,0.00,u,
605,1,2.00,,a,
606,1,2.80,100.00,a,
607,1,0.00,0.00,u,
608,1,0.00,100.00,a,
609,1,3.00,,a,
610,1,2.50,100.00,a,
611,1,0.00,0.00,u,
612,1,0.50,100.00,a,1.00
613,1,1.20,100.00,a,
614,1,0.00,,a,3.00
615,1,0.80,100.00,a,
616,1,0.00,0.00,u,
617,1,0.00,0.00,u,
618,1,0.50,,a,
619,1,0.50,100.00,a,
620,1,0.00,100.00,a,
621,1,0.20,,a,
622,1,0.00,0.00,u,
623,1,1.50,100.00,a,
624,1,5.00,,a,2.00
625,1,0.50,100.00,a,
626,1,0.00,,a,
627,1,0.80,,a,
628,1,-1.00,,a,
629,1,0.00,0.00,i,
630,1,0.00,,a,
631,1,1.20,100.00,a,
632,1,-1.00,100.00,a,
633,1,-0.20,100.00,a,
634,1,-0.80,,a,
635,1,0.00,0.00,i,
636,1,-1.00,,a,
637,1,1.50,100.00,a,
638,1,-0.80,100.00,a,
639,1,0.00,0.00,u,
640,1,0.00,0.00,u,
641,1,-1.00,,a,
642,1,-0.50,100.00,a,3.00
643,1,1.80,100.00,a,
644,1,0.00,0.00,i,
645,1,-0.80,100.00,a,
646,1,1.00,100.00,a,
647,1,0.00,0.00,u,
648,1,0.00,0.00,i,
649,1,0.00,0.00,u,
650,1,-0.80,,a,
651,1,-1.00,,a,
652,1,-1.00,,a,
653,1,0.00,0.00,u,
654,1,0.80,100.00,a,2.00
655,1,0.00,0.00,u,
656,1,0.00,0.00,u,
657,1,0.00,0.00,i,
658,1,-1.00,,a,
659,1,0.00,,a,
660,1,5.50,100.00,a,
661,1,4.50,100.00,a,
662,1,0.00,0.00,i,
663,1,0.50,,a,
664,1,0.00,,a,
665,1,2.00,100.00,a,
666,1,1.50,100.00,a,2.00
667,1,0.00,100.00,a,
668,1,3.20,,a,
669,1,2.00,,a,
670,1,2.00,,a,
671,1,5.00,,a,
672,1,0.00,,a,
673,1,2.50,,a,
674,1,1.20,,a,
675,1,0.00,0.00,i,
676,1,1.50,100.00,a,
677,1,2.00,100.00,a,
678,1,0.00,100.00,a,
679,1,0.00,,a,
680,1,1.20,100.00,a,
681,1,0.00,75.00,d,
682,1,0.80,,a,
683,1,1.20,100.00,a,
684,1,5.80,,a,
685,1,2.80,100.00,a,
686,1,0.70,,a,
687,1,0.00,,a,
688,1,0.00,,a,
689,1,0.00,,a,
690,1,-0.50,100.00,a,
691,1,5.80,100.00,a,
692,1,0.00,0.00,i,
693,1,3.20,,a,
694,1,1.20,,a,
695,1,0.50,,a,
696,1,0.20,,a,
697,1,2.50,,a,
698,1,2.20,100.00,a,
699,1,0.00,100.00,a,
700,1,0.00,0.00,i,
701,1,0.00,0.00,u,
702,1,0.00,,a,
703,1,0.00,,a,
704,1,0.00,0.00,u,
705,1,0.00,,a,
706,1,0.50,,a,
707,1,0.50,,a,
708,1,3.80,,a,
709,1,-0.50,100.00,a,
710,1,0.00,,a,
711,1,1.00,,a,
712,1,4.00,100.00,a,
713,1,2.80,,a,
714,1,4.00,,a,3.00
715,1,0.00,,a,
716,1,4.50,,a,
717,1,4.20,,a,
718,1,3.20,,a,
719,1,0.20,100.00,a,
720,1,0.00,,a,
721,1,0.00,0.00,i,
722,1,2.80,,a,
723,1,0.20,75.00,d,
724,1,1.20,,a,
725,1,4.50,100.00,a,
726,1,1.50,100.00,a,
727,1,5.80,100.00,a,
728,1,0.00,0.00,i,
729,1,0.00,0.00,u,
730,1,2.50,,a,
731,1,1.50,100.00,a,
732,1,0.00,,a,
733,1,2.00,,a,
734,1,0.00,100.00,a,
735,1,3.00,,a,
736,1,3.50,,a,
737,1,0.20,,a,
738,1,0.00,25.00,d,
739,1,0.50,,a,
740,1,0.50,,a,
741,1,0.00,100.00,a,
742,1,0.50,,a,
743,1,0.00,,a,
744,1,-0.50,,a,
745,1,0.00,,a,
746,1,0.50,,a,
747,1,0.20,,a,
748,1,0.00,0.00,i,
749,1,-0.20,,a,
750,1,0.00,,a,
751,1,0.00,,a,
752,1,0.00,,a,
753,1,0.00,,a,
754,1,0.00,,a,
755,1,0.00,,a,
756,1,0.00,,a,
757,1,0.00,,a,
758,1,0.50,,a,
759,1,2.30,,a,
1,2,7.50,0.00,a,
2,2,-0.50,0.00,a,
3,2,-0.50,0.00,a,
4,2,-0.50,0.00,a,
5,2,5.50,0.00,a,
6,2,7.00,0.00,a,
7,2,12.50,0.00,a,
8,2,11.50,0.00,a,
9,2,-0.50,0.00,a,
10,2,0.00,0.00,a,
11,2,1.90,75.00,d,
12,2,-0.50,0.00,a,
13,2,-0.50,0.00,a,
14,2,-0.50,0.00,a,
15,2,-0.50,0.00,a,
16,2,2.00,50.00,d,
17,2,1.90,75.00,d,
18,2,1.50,0.00,a,
19,2,0.00,0.00,a,
20,2,0.00,100.00,a,
21,2,5.50,0.00,a,
22,2,0.00,0.00,a,
23,2,-0.50,0.00,a,
24,2,0.00,0.00,i,
25,2,0.00,0.00,a,
26,2,3.50,0.00,a,
27,2,-0.50,0.00,a,
28,2,-0.50,0.00,a,
29,2,-0.50,0.00,a,
30,2,0.00,0.00,i,
31,2,0.00,0.00,i,
32,2,1.00,100.00,a,
33,2,3.50,0.00,a,
34,2,0.00,0.00,u,
35,2,0.00,0.00,u,
36,2,5.00,0.00,a,
37,2,4.00,0.00,a,
38,2,1.50,100.00,a,
39,2,0.50,0.00,a,
40,2,4.00,0.00,a,
41,2,1.00,0.00,a,
42,2,0.00,25.00,d,
43,2,0.00,0.00,a,
44,2,0.00,0.00,a,
45,2,0.00,0.00,a,
46,2,0.00,0.00,a,
47,2,2.50,100.00,a,
48,2,2.50,0.00,a,
49,2,0.00,0.00,u,
50,2,0.50,0.00,a,
51,2,0.00,0.00,a,
52,2,1.50,0.00,a,
53,2,1.00,0.00,a,
54,2,2.50,0.00,a,
55,2,0.00,25.00,d,
56,2,0.00,0.00,u,
57,2,0.00,0.00,a,
58,2,0.80,50.00,d,
59,2,3.00,0.00,a,
60,2,0.00,0.00,a,
61,2,0.00,0.00,u,
62,2,0.00,0.00,a,
63,2,0.00,0.00,a,
64,2,2.00,0.00,a,
65,2,0.00,0.00,a,
66,2,0.00,0.00,u,
67,2,4.00,0.00,a,
68,2,0.00,0.00,a,
69,2,0.00,0.00,a,
70,2,0.00,0.00,a,
71,2,0.00,0.00,u,
72,2,5.50,0.00,a,
73,2,3.50,0.00,a,
74,2,3.00,0.00,a,
75,2,0.00,0.00,a,
76,2,0.00,0.00,a,
77,2,1.00,0.00,a,
78,2,0.00,0.00,a,
79,2,0.00,0.00,a,
80,2,0.00,0.00,a,
81,2,0.50,100.00,a,
82,2,10.50,0.00,a,
83,2,7.00,100.00,a,
84,2,7.50,0.00,a,
85,2,3.00,0.00,a,
86,2,3.50,0.00,a,
87,2,0.50,100.00,a,
88,2,0.00,0.00,i,
89,2,0.00,0.00,a,
90,2,2.00,0.00,a,
91,2,0.00,100.00,a,
92,2,0.00,0.00,a,
93,2,2.00,0.00,a,
94,2,0.00,0.00,a,
95,2,0.00,0.00,a,
96,2,0.50,0.00,a,
97,2,1.50,0.00,a,
98,2,0.00,0.00,i,
99,2,0.00,0.00,a,
100,2,1.00,0.00,a,
101,2,3.50,100.00,a,
102,2,0.50,0.00,a,
103,2,0.50,0.00,a,
104,2,0.50,0.00,a,
105,2,0.50,0.00,a,
106,2,5.00,0.00,a,
107,2,4.00,0.00,a,
108,2,1.00,0.00,a,
109,2,1.50,0.00,a,
110,2,6.00,0.00,a,
111,2,0.40,75.00,d,
112,2,0.00,0.00,u,
113,2,6.00,0.00,a,
114,2,0.50,0.00,a,
115,2,0.50,0.00,a,
116,2,1.00,0.00,a,
117,2,0.50,0.00,a,
118,2,0.00,0.00,u,
119,2,2.50,0.00,a,
120,2,2.50,100.00,a,
121,2,3.00,0.00,a,
122,2,1.00,0.00,a,
123,2,1.50,0.00,a,
124,2,2.50,0.00,a,
125,2,0.00,0.00,i,
126,2,2.00,0.00,a,
127,2,0.00,0.00,i,
128,2,3.00,0.00,a,
129,2,4.00,0.00,a,
130,2,0.50,0.00,a,
131,2,0.50,0.00,a,
132,2,0.40,75.00,d,
133,2,0.50,0.00,a,
134,2,0.00,0.00,u,
135,2,0.40,75.00,d,
136,2,4.50,0.00,a,
137,2,0.50,0.00,a,
138,2,-0.50,0.00,a,
139,2,1.00,0.00,a,
140,2,-0.50,0.00,a,
141,2,0.00,0.00,u,
142,2,0.00,0.00,u,
143,2,-0.50,0.00,a,
144,2,-0.50,0.00,a,
145,2,0.50,0.00,a,
146,2,1.00,0.00,a,
147,2,0.00,0.00,u,
148,2,-0.50,0.00,a,
149,2,-0.50,100.00,a,
150,2,-0.50,0.00,a,
151,2,1.00,0.00,a,
152,2,-0.50,0.00,a,
153,2,0.00,0.00,i,
154,2,0.00,0.00,u,
155,2,-0.50,0.00,a,
156,2,-0.50,0.00,a,
157,2,1.50,0.00,a,
158,2,1.90,75.00,d,
159,2,0.00,0.00,i,
160,2,2.00,0.00,a,
161,2,0.00,0.00,i,
162,2,0.50,0.00,a,
163,2,0.00,0.00,a,
164,2,5.50,0.00,a,
165,2,-0.50,0.00,a,
166,2,2.00,0.00,a,
167,2,1.50,0.00,a,
168,2,-0.50,0.00,a,
169,2,0.00,0.00,a,
170,2,0.00,0.00,a,
171,2,-0.50,0.00,a,
172,2,-0.50,100.00,a,
173,2,3.00,0.00,a,
174,2,0.00,0.00,u,
175,2,-0.50,0.00,a,
176,2,-0.50,0.00,a,
177,2,0.00,0.00,u,
178,2,0.00,0.00,a,
179,2,0.00,0.00,u,
180,2,-0.50,0.00,a,
181,2,-0.50,0.00,a,
182,2,5.00,0.00,a,
183,2,-0.50,0.00,a,
184,2,-0.50,0.00,a,
185,2,-0.50,0.00,a,
186,2,0.00,0.00,i,
187,2,3.00,0.00,a,
188,2,-0.50,0.00,a,
189,2,0.00,0.00,u,
190,2,4.50,0.00,a,
191,2,3.00,0.00,a,
192,2,3.00,0.00,a,
193,2,-0.40,75.00,d,
194,2,0.00,0.00,i,
195,2,-0.50,0.00,a,
196,2,0.00,0.00,u,
197,2,0.50,0.00,a,
198,2,-0.40,75.00,d,
199,2,0.00,0.00,a,
200,2,7.00,0.00,a,
201,2,-0.50,0.00,a,
202,2,1.50,0.00,a,
203,2,-0.50,0.00,a,
204,2,-0.50,0.00,a,
205,2,8.50,0.00,a,
206,2,0.00,0.00,a,
207,2,3.00,0.00,a,
208,2,0.00,0.00,u,
209,2,1.00,0.00,a,
210,2,0.50,0.00,a,
211,2,-0.50,0.00,a,
212,2,0.00,0.00,u,
213,2,-0.50,0.00,a,
214,2,-0.50,0.00,a,
215,2,0.50,0.00,a,
216,2,0.00,0.00,i,
217,2,1.50,0.00,a,
218,2,-0.50,0.00,a,
219,2,-0.50,0.00,a,
220,2,6.00,0.00,a,
221,2,0.50,0.00,a,
222,2,0.00,0.00,u,
223,2,0.50,0.00,a,
224,2,7.00,0.00,a,
225,2,3.50,0.00,a,
226,2,7.50,0.00,a,
227,2,0.00,0.00,i,
228,2,2.00,0.00,a,
229,2,0.00,0.00,i,
230,2,1.00,100.00,a,
231,2,0.00,0.00,u,
232,2,1.50,100.00,a,
233,2,5.00,0.00,a,
234,2,0.50,0.00,a,
235,2,1.50,75.00,d,
236,2,5.50,0.00,a,
237,2,7.00,0.00,a,
238,2,3.00,0.00,a,
239,2,1.50,0.00,a,
240,2,0.00,0.00,n,
241,2,7.00,0.00,a,
242,2,2.00,0.00,a,
243,2,0.50,0.00,a,
244,2,0.00,0.00,i,
245,2,0.00,0.00,s,
246,2,1.50,0.00,a,
247,2,0.50,0.00,a,
248,2,0.00,0.00,u,
249,2,9.00,0.00,a,
250,2,2.00,0.00,a,
251,2,0.00,0.00,n,
252,2,0.00,100.00,a,
253,2,4.00,0.00,a,
254,2,0.00,0.00,a,
255,2,0.00,0.00,a,
256,2,4.70,0.00,a,
257,2,5.50,0.00,a,
258,2,5.00,0.00,a,
259,2,0.00,0.00,a,
260,2,4.00,0.00,a,
261,2,4.00,0.00,a,
262,2,0.00,0.00,i,
263,2,0.00,0.00,a,
264,2,0.00,0.00,u,
265,2,0.00,0.00,i,
266,2,1.00,0.00,a,
267,2,5.50,0.00,a,
268,2,0.00,0.00,i,
269,2,0.50,0.00,a,
270,2,1.50,0.00,a,
271,2,0.00,25.00,d,
272,2,1.00,0.00,a,
273,2,2.50,0.00,a,
274,2,0.00,0.00,a,
275,2,0.00,0.00,a,
276,2,1.50,0.00,a,
277,2,0.00,0.00,u,
278,2,0.00,0.00,a,
279,2,0.00,0.00,i,
280,2,0.00,0.00,u,
281,2,0.00,0.00,a,
282,2,0.00,0.00,a,
283,2,1.50,0.00,a,
284,2,0.00,0.00,i,
285,2,0.50,0.00,a,
286,2,0.00,0.00,a,
287,2,8.50,0.00,a,
288,2,0.00,0.00,a,
289,2,0.00,0.00,a,
290,2,0.00,0.00,i,
291,2,6.00,0.00,a,
292,2,0.00,0.00,i,
293,2,4.00,0.00,a,
294,2,0.00,0.00,a,
295,2,5.00,0.00,a,
296,2,0.00,0.00,i,
297,2,0.00,0.00,a,
298,2,0.00,0.00,a,
299,2,5.00,0.00,a,
300,2,0.50,0.00,a,
301,2,1.00,0.00,a,
302,2,2.50,0.00,a,
303,2,6.00,0.00,a,
304,2,2.00,0.00,a,
305,2,0.50,100.00,a,
306,2,0.00,0.00,a,
307,2,0.00,0.00,a,
308,2,0.00,0.00,a,
309,2,0.00,0.00,u,
310,2,1.50,0.00,a,
311,2,1.00,0.00,a,
312,2,0.00,0.00,a,
313,2,0.00,0.00,a,
314,2,2.50,0.00,a,
315,2,0.00,0.00,u,
316,2,0.00,100.00,a,
317,2,2.50,0.00,a,
318,2,1.00,0.00,a,
319,2,1.00,0.00,a,
320,2,-0.50,0.00,a,
321,2,0.50,0.00,a,
322,2,1.50,0.00,a,
323,2,-0.50,0.00,a,
324,2,4.00,0.00,a,
325,2,3.00,0.00,a,
326,2,0.00,0.00,a,
327,2,-0.50,0.00,a,
328,2,0.50,100.00,a,
329,2,2.50,0.00,a,
330,2,1.50,0.00,a,
331,2,-0.50,0.00,a,
332,2,2.00,0.00,a,
333,2,-0.50,0.00,a,
334,2,0.00,0.00,u,
335,2,1.50,0.00,a,
336,2,-0.50,0.00,a,
337,2,1.00,0.00,a,
338,2,3.00,0.00,a,
339,2,-1.00,0.00,a,
340,2,-1.00,0.00,a,
341,2,-1.00,0.00,a,
342,2,1.50,100.00,a,
343,2,3.00,0.00,a,
344,2,-1.00,100.00,a,
345,2,-1.00,100.00,a,
346,2,-0.50,0.00,a,
347,2,3.00,0.00,a,
348,2,3.50,0.00,a,
349,2,-1.00,0.00,a,
350,2,0.00,0.00,a,
351,2,1.50,0.00,a,
352,2,-0.50,0.00,a,
353,2,1.50,0.00,a,
354,2,0.00,0.00,i,
355,2,-1.00,0.00,a,
356,2,0.50,0.00,a,
357,2,-1.00,0.00,a,
358,2,0.80,75.00,d,
359,2,0.00,0.00,u,
360,2,0.00,0.00,u,
361,2,-1.00,0.00,a,
362,2,0.50,0.00,a,
363,2,-1.00,0.00,a,
364,2,0.00,0.00,u,
365,2,2.00,0.00,a,
366,2,1.50,0.00,a,
367,2,0.50,0.00,a,
368,2,0.50,0.00,a,
369,2,0.50,0.00,a,
370,2,0.00,0.00,i,
371,2,1.00,0.00,a,
372,2,0.50,0.00,a,
373,2,3.50,0.00,a,
374,2,1.00,0.00,a,
375,2,0.50,100.00,a,
376,2,1.00,100.00,a,
377,2,0.50,0.00,a,
378,2,0.50,0.00,a,
379,2,0.50,0.00,a,
380,2,0.50,0.00,a,
381,2,7.00,0.00,a,
382,2,2.50,0.00,a,
383,2,0.00,0.00,u,
384,2,9.00,0.00,a,
385,2,4.00,0.00,a,
386,2,3.00,0.00,a,
387,2,2.50,0.00,a,
388,2,2.00,0.00,a,
389,2,1.00,0.00,a,
390,2,4.00,100.00,a,
391,2,0.00,0.00,a,
392,2,3.00,0.00,a,
393,2,0.50,0.00,a,
394,2,0.50,0.00,a,
395,2,0.00,0.00,u,
396,2,0.50,0.00,a,
397,2,0.00,0.00,u,
398,2,0.50,0.00,a,
399,2,0.50,0.00,a,
400,2,0.50,0.00,a,
401,2,0.00,0.00,i,
402,2,4.10,75.00,d,
403,2,0.00,0.00,i,
404,2,0.50,0.00,a,
405,2,1.00,0.00,a,
406,2,1.00,0.00,a,
407,2,1.00,0.00,a,
408,2,4.00,0.00,a,
409,2,4.00,0.00,a,
410,2,6.50,0.00,a,
411,2,0.50,0.00,a,
412,2,0.00,0.00,u,
413,2,1.50,0.00,a,
414,2,1.00,100.00,a,
415,2,0.00,0.00,i,
416,2,2.50,0.00,a,
417,2,4.00,0.00,a,
418,2,2.50,0.00,a,
419,2,6.00,0.00,a,
420,2,0.50,0.00,a,
421,2,1.00,100.00,a,
422,2,0.00,0.00,i,
423,2,2.50,0.00,a,
424,2,4.50,0.00,a,
425,2,0.00,0.00,u,
426,2,0.50,0.00,a,
427,2,6.50,0.00,a,
428,2,0.00,0.00,u,
429,2,0.50,0.00,a,
430,2,8.00,0.00,a,
431,2,2.50,0.00,a,
432,2,0.50,100.00,a,
433,2,0.00,0.00,u,
434,2,0.50,0.00,a,
435,2,0.50,0.00,a,
436,2,6.00,0.00,a,
437,2,0.00,0.00,i,
438,2,0.00,0.00,i,
439,2,0.50,0.00,a,
440,2,1.50,0.00,a,
441,2,2.00,0.00,a,
442,2,1.50,0.00,a,
443,2,2.50,0.00,a,
444,2,5.50,0.00,a,
445,2,0.50,0.00,a,
446,2,0.50,0.00,a,
447,2,1.00,0.00,a,
448,2,0.50,0.00,a,
449,2,2.50,0.00,a,
450,2,2.50,0.00,a,
451,2,0.00,0.00,u,
452,2,1.50,0.00,a,
453,2,0.50,0.00,a,
454,2,0.50,0.00,a,
455,2,3.00,0.00,a,
456,2,0.50,0.00,a,
457,2,1.50,0.00,a,
458,2,0.50,0.00,a,
459,2,1.50,0.00,a,
460,2,0.00,0.00,u,
461,2,0.50,0.00,a,
462,2,0.50,0.00,a,
463,2,0.50,0.00,a,
464,2,0.50,100.00,a,
465,2,0.50,0.00,a,
466,2,0.50,100.00,a,
467,2,0.50,0.00,a,
468,2,0.50,100.00,a,
469,2,7.50,0.00,a,
470,2,3.50,100.00,a,
471,2,1.00,0.00,a,
472,2,0.00,0.00,u,
473,2,1.50,0.00,a,
474,2,1.40,25.00,d,
475,2,1.00,0.00,a,
476,2,6.50,0.00,a,
477,2,7.50,0.00,a,
478,2,4.50,0.00,a,
479,2,1.00,0.00,a,
480,2,1.00,0.00,a,
481,2,1.00,0.00,a,
482,2,1.00,0.00,a,
483,2,1.00,0.00,a,
484,2,1.00,0.00,a,
485,2,0.00,0.00,s,
486,2,3.50,0.00,a,
487,2,3.50,0.00,a,
488,2,5.50,0.00,a,
489,2,1.50,0.00,a,
490,2,1.50,50.00,d,
491,2,1.80,50.00,d,
492,2,1.00,100.00,a,
493,2,0.00,0.00,a,
494,2,1.00,100.00,a,
495,2,0.00,0.00,u,
496,2,1.00,0.00,a,
497,2,2.00,0.00,a,
498,2,0.00,0.00,u,
499,2,0.00,0.00,n,
500,2,4.00,0.00,a,
501,2,1.00,0.00,a,
502,2,2.00,0.00,a,
503,2,0.00,0.00,u,
504,2,0.00,0.00,u,
505,2,2.00,0.00,a,
506,2,1.50,0.00,a,
507,2,2.50,0.00,a,
508,2,1.50,0.00,a,
509,2,0.00,0.00,a,
510,2,0.00,0.00,a,
511,2,0.00,0.00,a,
512,2,0.00,0.00,a,
513,2,0.00,0.00,a,
514,2,0.00,0.00,a,
515,2,3.50,0.00,a,
516,2,6.00,0.00,a,
517,2,4.00,0.00,a,
518,2,0.50,0.00,a,
519,2,0.00,0.00,i,
520,2,0.00,0.00,u,
521,2,2.00,0.00,a,
522,2,1.00,0.00,a,
523,2,0.00,0.00,a,
524,2,0.00,0.00,u,
525,2,7.50,0.00,a,
526,2,1.00,0.00,a,
527,2,0.00,0.00,a,
528,2,-0.50,0.00,a,
529,2,-0.50,0.00,a,
530,2,-0.50,0.00,a,
531,2,6.40,75.00,d,
532,2,3.00,0.00,a,
533,2,0.00,0.00,i,
534,2,-0.50,0.00,a,
535,2,0.00,0.00,i,
536,2,0.00,0.00,i,
537,2,-0.50,0.00,a,
538,2,-0.50,0.00,a,
539,2,0.00,0.00,i,
540,2,-0.50,0.00,a,
541,2,4.00,0.00,a,
542,2,0.50,100.00,a,
543,2,3.00,0.00,a,
544,2,2.00,0.00,a,
545,2,0.00,0.00,a,
546,2,-0.50,0.00,a,
547,2,0.50,0.00,a,
548,2,0.00,0.00,i,
549,2,-0.50,0.00,a,
550,2,-0.50,0.00,a,
551,2,0.00,0.00,a,
552,2,2.00,0.00,a,
553,2,3.50,0.00,a,
554,2,-0.50,0.00,a,
555,2,-0.50,0.00,a,
556,2,0.00,0.00,u,
557,2,-0.50,0.00,a,
558,2,-0.50,0.00,a,
559,2,-0.50,0.00,a,
560,2,2.50,0.00,a,
561,2,4.50,0.00,a,
562,2,-0.50,0.00,a,
563,2,-0.50,0.00,a,
564,2,-0.50,0.00,a,
565,2,9.00,0.00,a,
566,2,0.00,0.00,a,
567,2,0.00,0.00,a,
568,2,5.50,0.00,a,
569,2,6.50,0.00,a,
570,2,0.50,0.00,a,
571,2,0.00,0.00,a,
572,2,0.00,0.00,i,
573,2,6.00,0.00,a,
574,2,0.00,0.00,i,
575,2,6.00,0.00,a,
576,2,0.00,0.00,u,
577,2,0.00,0.00,i,
578,2,0.00,0.00,a,
579,2,0.00,0.00,u,
580,2,8.50,0.00,a,
581,2,0.00,0.00,i,
582,2,6.50,0.00,a,
583,2,0.00,0.00,i,
584,2,0.50,0.00,a,
585,2,2.00,0.00,a,
586,2,2.00,0.00,a,
587,2,0.00,0.00,i,
588,2,1.00,0.00,a,
589,2,0.00,50.00,d,
590,2,0.00,0.00,a,
591,2,1.50,0.00,a,
592,2,0.00,0.00,u,
593,2,4.50,0.00,a,
594,2,0.00,0.00,u,
595,2,0.00,0.00,a,
596,2,1.00,100.00,a,
597,2,8.50,0.00,a,
598,2,0.00,0.00,u,
599,2,0.00,0.00,a,
600,2,0.00,0.00,a,
601,2,0.00,0.00,a,
602,2,0.00,0.00,a,
603,2,2.00,0.00,a,
604,2,0.00,0.00,a,
605,2,0.00,0.00,a,
606,2,0.00,0.00,a,
607,2,1.50,0.00,a,
608,2,0.00,0.00,a,
609,2,0.50,0.00,a,
610,2,0.50,0.00,a,
611,2,0.00,0.00,u,
612,2,5.50,0.00,a,
613,2,1.50,0.00,a,
614,2,2.00,0.00,a,
615,2,0.00,0.00,i,
616,2,0.00,0.00,a,
617,2,0.00,0.00,a,
618,2,1.00,0.00,a,
619,2,0.00,0.00,i,
620,2,0.00,100.00,a,
621,2,0.50,0.00,a,
622,2,0.00,0.00,a,
623,2,0.50,0.00,a,
624,2,2.00,0.00,a,
625,2,1.50,0.00,a,
626,2,0.00,0.00,a,
627,2,0.00,0.00,a,
628,2,1.50,0.00,a,
629,2,0.00,0.00,a,
630,2,0.00,0.00,a,
631,2,2.00,0.00,a,
632,2,0.00,0.00,a,
633,2,0.50,0.00,a,
634,2,0.00,0.00,a,
635,2,0.50,0.00,a,
636,2,0.50,0.00,a,
637,2,-1.00,0.00,a,
638,2,0.80,75.00,d,
639,2,0.00,0.00,u,
640,2,0.00,0.00,a,
641,2,0.00,0.00,a,
642,2,1.00,0.00,a,
643,2,2.50,0.00,a,
644,2,1.50,0.00,a,
645,2,0.50,0.00,a,
646,2,1.50,0.00,a,
647,2,0.00,0.00,u,
648,2,2.00,0.00,a,
649,2,0.00,0.00,u,
650,2,0.00,0.00,a,
651,2,0.00,0.00,a,
652,2,0.00,0.00,a,
653,2,0.00,0.00,u,
654,2,2.00,0.00,a,
655,2,0.00,0.00,a,
656,2,0.00,0.00,a,
657,2,0.00,0.00,i,
658,2,0.00,0.00,a,
659,2,0.50,0.00,a,
660,2,4.00,0.00,a,
661,2,10.50,0.00,a,
662,2,0.00,0.00,a,
663,2,1.00,0.00,a,
664,2,-0.50,0.00,a,
665,2,2.00,0.00,a,
666,2,6.00,0.00,a,
667,2,0.00,100.00,a,
668,2,3.00,0.00,a,
669,2,8.00,0.00,a,
670,2,4.00,0.00,a,
671,2,1.00,0.00,a,
672,2,0.50,0.00,a,
673,2,6.00,0.00,a,
674,2,1.00,0.00,a,
675,2,0.00,0.00,a,
676,2,1.50,100.00,a,
677,2,0.50,0.00,a,
678,2,-0.50,100.00,a,
679,2,0.50,0.00,a,
680,2,-0.40,75.00,d,
681,2,1.50,0.00,a,
682,2,1.00,0.00,a,
683,2,2.00,0.00,a,
684,2,1.50,0.00,a,
685,2,5.00,0.00,a,
686,2,3.50,0.00,a,
687,2,0.00,0.00,a,
688,2,0.00,0.00,a,
689,2,1.00,0.00,a,
690,2,0.00,0.00,a,
691,2,0.60,75.00,d,
692,2,3.10,0.00,a,
693,2,2.00,0.00,a,
694,2,0.50,0.00,a,
695,2,1.90,0.00,a,
696,2,2.00,0.00,a,
697,2,2.00,0.00,a,
698,2,1.00,100.00,a,
699,2,1.60,0.00,a,
700,2,0.60,0.00,a,
701,2,1.00,0.00,a,
702,2,1.10,0.00,a,
703,2,1.00,0.00,a,
704,2,1.10,0.00,a,
705,2,1.00,0.00,a,
706,2,0.30,0.00,a,
707,2,0.00,0.00,a,
708,2,4.70,0.00,a,
709,2,2.00,0.00,a,
710,2,0.00,0.00,a,
711,2,1.00,0.00,a,
712,2,1.70,100.00,a,
713,2,2.00,0.00,a,
714,2,2.20,0.00,a,
715,2,-0.50,0.00,a,
716,2,2.80,0.00,a,
717,2,1.70,0.00,a,
718,2,0.70,0.00,a,
719,2,0.00,100.00,a,
720,2,0.70,0.00,a,
721,2,2.70,0.00,a,
722,2,2.70,0.00,a,
723,2,3.70,0.00,a,
724,2,1.70,0.00,a,
725,2,1.70,100.00,a,
726,2,0.20,25.00,d,
727,2,0.70,100.00,a,
728,2,0.70,100.00,a,
729,2,0.00,0.00,u,
730,2,3.30,0.00,a,
731,2,2.00,100.00,a,
732,2,0.30,0.00,a,
733,2,1.30,0.00,a,
734,2,0.00,0.00,i,
735,2,3.00,0.00,a,
736,2,3.80,0.00,a,
737,2,0.30,0.00,a,
738,2,0.00,25.00,d,
739,2,0.50,0.00,a,
740,2,0.50,0.00,a,
741,2,0.00,100.00,a,
742,2,0.50,0.00,a,
743,2,0.00,0.00,a,
744,2,0.30,0.00,a,
745,2,-1.00,0.00,a,
746,2,0.50,0.00,a,
747,2,0.00,0.00,a,
748,2,1.70,0.00,a,
749,2,1.20,0.00,a,
750,2,0.30,0.00,a,
751,2,0.20,0.00,a,
752,2,1.30,0.00,a,
1,3,6.50,0.00,a,
2,3,0.50,0.00,a,
3,3,0.00,0.00,u,
4,3,0.50,0.00,a,
5,3,5.20,0.00,a,
6,3,5.80,0.00,a,
7,3,9.80,0.00,a,
8,3,9.20,0.00,a,
9,3,0.50,0.00,a,
10,3,0.80,0.00,a,
11,3,1.20,50.00,d,
12,3,0.50,0.00,a,
13,3,0.50,0.00,a,
14,3,0.50,0.00,a,
15,3,0.50,0.00,a,
16,3,0.00,0.00,i,
17,3,1.40,50.00,d,
18,3,2.50,0.00,a,
19,3,1.80,0.00,a,
20,3,0.60,75.00,d,
21,3,5.80,0.00,a,
22,3,1.80,0.00,a,
23,3,0.50,0.00,a,
24,3,0.20,50.00,d,
25,3,0.80,0.00,a,
26,3,3.50,0.00,a,
27,3,0.50,0.00,a,
28,3,0.50,0.00,a,
29,3,0.50,0.00,a,
30,3,0.00,0.00,i,
31,3,0.00,0.00,i,
32,3,0.70,100.00,a,
33,3,2.30,0.00,a,
34,3,0.00,0.00,u,
35,3,0.00,0.00,u,
36,3,3.30,0.00,a,
37,3,3.00,0.00,a,
38,3,1.30,100.00,a,
39,3,0.70,0.00,a,
40,3,3.00,0.00,a,
41,3,1.00,0.00,a,
42,3,0.00,25.00,d,
43,3,0.00,0.00,u,
44,3,0.30,0.00,a,
45,3,0.00,0.00,a,
46,3,0.00,0.00,a,
47,3,2.30,100.00,a,
48,3,2.30,0.00,a,
49,3,0.00,0.00,u,
50,3,0.70,0.00,a,
51,3,0.00,0.00,a,
52,3,0.90,75.00,d,
53,3,1.30,0.00,a,
54,3,2.30,0.00,a,
55,3,0.00,25.00,d,
56,3,0.00,0.00,u,
57,3,0.00,0.00,u,
58,3,0.50,50.00,d,
59,3,1.00,50.00,d,
60,3,0.00,0.00,a,
61,3,0.00,0.00,u,
62,3,0.00,0.00,a,
63,3,0.00,0.00,a,
64,3,2.00,0.00,a,
65,3,0.00,0.00,a,
66,3,0.00,0.00,u,
67,3,4.30,0.00,a,
68,3,0.00,0.00,a,
69,3,0.00,0.00,a,
70,3,0.00,0.00,u,
71,3,0.00,0.00,u,
72,3,8.30,0.00,a,
73,3,1.40,50.00,d,
74,3,4.30,0.00,a,
75,3,0.00,0.00,a,
76,3,0.00,0.00,a,
77,3,2.30,0.00,a,
78,3,0.00,100.00,a,
79,3,0.00,0.00,a,
80,3,0.00,0.00,a,
81,3,0.70,100.00,a,
82,3,7.70,0.00,a,
83,3,4.50,100.00,a,
84,3,6.00,0.00,a,
85,3,3.30,0.00,a,
86,3,3.70,0.00,a,
87,3,0.70,100.00,a,
88,3,0.00,0.00,i,
89,3,0.00,0.00,u,
90,3,2.30,0.00,a,
91,3,0.00,0.00,u,
92,3,0.00,0.00,a,
93,3,1.30,0.00,a,
94,3,0.00,0.00,a,
95,3,0.00,0.00,a,
96,3,0.30,0.00,a,
97,3,3.70,0.00,a,
98,3,0.00,0.00,i,
99,3,0.00,0.00,a,
100,3,1.00,0.00,a,
101,3,1.80,100.00,a,
102,3,-0.50,0.00,a,
103,3,-0.50,0.00,a,
104,3,-0.50,0.00,a,
105,3,-0.50,0.00,a,
106,3,3.50,0.00,a,
107,3,3.80,0.00,a,
108,3,-0.20,0.00,a,
109,3,-0.20,0.00,a,
110,3,3.50,0.00,a,
111,3,-0.50,100.00,a,
112,3,0.00,0.00,u,
113,3,4.20,0.00,a,
114,3,-0.50,0.00,a,
115,3,-0.50,0.00,a,
116,3,-0.20,0.00,a,
117,3,-0.50,0.00,a,
118,3,0.00,0.00,u,
119,3,4.20,0.00,a,
120,3,0.80,100.00,a,
121,3,1.80,0.00,a,
122,3,-0.20,0.00,a,
123,3,0.50,0.00,a,
124,3,1.80,0.00,a,
125,3,-0.10,25.00,d,
126,3,0.50,0.00,a,
127,3,0.00,0.00,i,
128,3,2.50,0.00,a,
129,3,2.50,0.00,a,
130,3,-0.50,0.00,a,
131,3,-0.50,0.00,a,
132,3,-0.10,25.00,d,
133,3,-0.50,0.00,a,
134,3,0.00,0.00,u,
135,3,0.00,0.00,n,
136,3,4.20,0.00,a,
137,3,-0.50,0.00,a,
138,3,0.00,0.00,a,
139,3,1.70,0.00,a,
140,3,0.00,0.00,a,
141,3,0.00,0.00,u,
142,3,0.00,0.00,u,
143,3,0.00,0.00,a,
144,3,0.30,0.00,a,
145,3,1.30,0.00,a,
146,3,2.70,0.00,a,
147,3,0.00,0.00,u,
148,3,0.00,0.00,a,
149,3,0.00,100.00,a,
150,3,0.00,0.00,a,
151,3,1.30,0.00,a,
152,3,0.30,0.00,a,
153,3,0.00,0.00,i,
154,3,0.00,0.00,u,
155,3,0.00,0.00,a,
156,3,0.00,0.00,a,
157,3,3.00,0.00,a,
158,3,1.70,75.00,d,
159,3,0.00,0.00,i,
160,3,3.00,0.00,a,
161,3,0.00,0.00,i,
162,3,3.30,0.00,a,
163,3,1.00,0.00,a,
164,3,4.00,0.00,a,
165,3,0.00,0.00,a,
166,3,2.00,0.00,a,
167,3,1.70,0.00,a,
168,3,0.00,0.00,a,
169,3,1.00,0.00,a,
170,3,2.30,0.00,a,
171,3,0.00,0.00,a,
172,3,0.00,100.00,a,
173,3,2.30,0.00,a,
174,3,0.00,0.00,u,
175,3,0.00,0.00,a,
176,3,0.00,0.00,a,
177,3,0.00,0.00,u,
178,3,1.00,0.00,a,
179,3,0.00,0.00,u,
180,3,0.00,0.00,a,
181,3,0.00,0.00,a,
182,3,4.20,0.00,a,
183,3,-1.50,0.00,a,
184,3,-1.50,0.00,a,
185,3,-1.50,0.00,a,
186,3,0.00,0.00,i,
187,3,0.80,0.00,a,
188,3,-1.50,0.00,a,
189,3,0.00,0.00,u,
190,3,2.80,0.00,a,
191,3,1.20,0.00,a,
192,3,1.20,0.00,a,
193,3,-1.50,100.00,a,
194,3,0.00,0.00,i,
195,3,-1.50,0.00,a,
196,3,0.00,0.00,u,
197,3,-0.50,0.00,a,
198,3,-1.50,100.00,a,
199,3,-0.80,0.00,a,
200,3,5.50,0.00,a,
201,3,-1.50,0.00,a,
202,3,1.50,0.00,a,
203,3,-1.50,0.00,a,
204,3,-1.50,0.00,a,
205,3,5.20,0.00,a,
206,3,-1.20,0.00,a,
207,3,1.50,0.00,a,
208,3,0.00,0.00,u,
209,3,-0.50,0.00,a,
210,3,0.20,0.00,a,
211,3,-1.50,0.00,a,
212,3,0.00,0.00,u,
213,3,-1.50,0.00,a,
214,3,-1.50,0.00,a,
215,3,-0.80,0.00,a,
216,3,0.00,0.00,i,
217,3,1.80,0.00,a,
218,3,-1.50,0.00,a,
219,3,-1.50,0.00,a,
220,3,6.20,0.00,a,
221,3,0.50,0.00,a,
222,3,0.00,0.00,u,
223,3,0.50,0.00,a,
224,3,6.80,0.00,a,
225,3,2.80,0.00,a,
226,3,9.50,0.00,a,
227,3,0.00,0.00,i,
228,3,3.50,0.00,a,
229,3,0.00,0.00,i,
230,3,0.80,100.00,a,
231,3,0.00,0.00,u,
232,3,3.80,100.00,a,
233,3,3.50,0.00,a,
234,3,0.50,0.00,a,
235,3,0.00,0.00,i,
236,3,4.80,0.00,a,
237,3,8.80,0.00,a,
238,3,3.20,0.00,a,
239,3,1.50,0.00,a,
240,3,0.00,0.00,n,
241,3,6.20,0.00,a,
242,3,5.30,0.00,a,
243,3,1.50,0.00,a,
244,3,0.00,0.00,i,
245,3,0.00,0.00,s,
246,3,1.20,0.00,a,
247,3,0.50,0.00,a,
248,3,0.00,0.00,u,
249,3,9.20,0.00,a,
250,3,0.50,25.00,d,
251,3,0.00,0.00,n,
252,3,0.20,100.00,a,
253,3,5.50,0.00,a,
254,3,0.50,0.00,a,
255,3,0.50,0.00,a,
256,3,4.70,0.00,a,
257,3,7.80,0.00,a,
258,3,5.80,0.00,a,
259,3,0.50,0.00,a,
260,3,8.20,0.00,a,
261,3,5.80,0.00,a,
262,3,0.00,0.00,i,
263,3,0.80,0.00,a,
264,3,0.00,0.00,u,
265,3,0.00,0.00,i,
266,3,1.80,0.00,a,
267,3,6.50,0.00,a,
268,3,0.00,0.00,i,
269,3,0.80,0.00,a,
270,3,1.70,75.00,d,
271,3,2.50,100.00,a,
272,3,1.50,0.00,a,
273,3,2.50,0.00,a,
274,3,0.50,0.00,a,
275,3,0.50,0.00,a,
276,3,1.80,0.00,a,
277,3,0.00,0.00,u,
278,3,0.50,0.00,a,
279,3,0.00,0.00,u,
280,3,0.00,0.00,u,
281,3,0.50,0.00,a,
282,3,0.50,0.00,a,
283,3,3.20,0.00,a,
284,3,0.00,0.00,i,
285,3,0.00,0.00,i,
286,3,0.50,0.00,a,
287,3,6.00,0.00,a,
288,3,0.00,0.00,a,
289,3,0.00,0.00,a,
290,3,0.00,0.00,i,
291,3,5.00,0.00,a,
292,3,0.30,100.00,a,
293,3,3.00,0.00,a,
294,3,0.30,0.00,a,
295,3,4.30,0.00,a,
296,3,0.00,0.00,i,
297,3,0.00,0.00,a,
298,3,0.00,0.00,a,
299,3,5.70,0.00,a,
300,3,0.30,0.00,a,
301,3,1.00,0.00,a,
302,3,2.30,0.00,a,
303,3,5.30,0.00,a,
304,3,1.70,0.00,a,
305,3,0.30,100.00,a,
306,3,0.00,0.00,a,
307,3,0.00,0.00,a,
308,3,0.00,0.00,a,
309,3,0.00,0.00,u,
310,3,1.30,0.00,a,
311,3,3.00,0.00,a,
312,3,0.00,0.00,a,
313,3,0.00,0.00,a,
314,3,3.20,0.00,a,
315,3,0.00,0.00,u,
316,3,1.20,100.00,a,
317,3,3.50,0.00,a,
318,3,1.80,0.00,a,
319,3,1.50,0.00,a,
320,3,0.50,0.00,a,
321,3,1.20,0.00,a,
322,3,2.80,0.00,a,
323,3,0.50,0.00,a,
324,3,3.80,0.00,a,
325,3,3.20,0.00,a,
326,3,1.20,0.00,a,
327,3,0.50,0.00,a,
328,3,1.80,100.00,a,
329,3,2.80,100.00,a,
330,3,2.50,0.00,a,
331,3,0.50,0.00,a,
332,3,2.50,0.00,a,
333,3,0.50,0.00,a,
334,3,0.00,0.00,u,
335,3,2.50,0.00,a,
336,3,0.50,0.00,a,
337,3,1.80,0.00,a,
338,3,3.20,0.00,a,
339,3,-0.50,0.00,a,
340,3,-0.50,0.00,a,
341,3,-0.50,0.00,a,
342,3,3.20,100.00,a,
343,3,4.20,0.00,a,
344,3,-0.50,100.00,a,
345,3,-0.50,100.00,a,
346,3,-0.20,0.00,a,
347,3,3.90,75.00,d,
348,3,4.80,0.00,a,
349,3,-0.50,0.00,a,
350,3,0.50,0.00,a,
351,3,1.20,0.00,a,
352,3,0.20,0.00,a,
353,3,1.50,0.00,a,
354,3,0.00,0.00,i,
355,3,-0.50,0.00,a,
356,3,1.50,0.00,a,
357,3,-0.50,0.00,a,
358,3,0.00,0.00,i,
359,3,0.00,0.00,u,
360,3,0.00,0.00,u,
361,3,-0.50,0.00,a,
362,3,0.50,0.00,a,
363,3,-0.50,0.00,a,
364,3,0.00,0.00,u,
365,3,2.20,0.00,a,
366,3,4.80,0.00,a,
367,3,1.50,0.00,a,
368,3,1.50,0.00,a,
369,3,1.50,0.00,a,
370,3,0.00,0.00,i,
371,3,3.80,0.00,a,
372,3,1.50,0.00,a,
373,3,6.20,0.00,a,
374,3,3.80,0.00,a,
375,3,1.50,100.00,a,
376,3,2.20,100.00,a,
377,3,1.50,0.00,a,
378,3,1.50,0.00,a,
379,3,1.50,0.00,a,
380,3,1.50,0.00,a,
381,3,6.80,0.00,a,
382,3,3.80,0.00,a,
383,3,0.00,0.00,u,
384,3,8.20,0.00,a,
385,3,4.20,0.00,a,
386,3,3.20,75.00,d,
387,3,7.20,0.00,a,
388,3,3.80,0.00,a,
389,3,1.80,0.00,a,
390,3,4.50,100.00,a,
391,3,0.00,0.00,a,
392,3,3.20,0.00,a,
393,3,1.50,0.00,a,
394,3,1.50,0.00,a,
395,3,0.00,0.00,u,
396,3,1.50,0.00,a,
397,3,0.00,0.00,u,
398,3,1.50,0.00,a,
399,3,0.50,0.00,a,
400,3,0.50,0.00,a,
401,3,0.00,0.00,i,
402,3,3.80,100.00,a,
403,3,0.00,0.00,i,
404,3,0.50,0.00,a,
405,3,0.80,0.00,a,
406,3,1.20,0.00,a,
407,3,1.50,0.00,a,
408,3,3.20,0.00,a,
409,3,3.20,0.00,a,
410,3,4.80,0.00,a,
411,3,0.80,0.00,a,
412,3,0.00,0.00,u,
413,3,3.50,0.00,a,
414,3,0.80,100.00,a,
415,3,0.00,0.00,i,
416,3,2.50,0.00,a,
417,3,2.80,0.00,a,
418,3,2.20,0.00,a,
419,3,7.30,0.00,a,
420,3,0.50,0.00,a,
421,3,1.50,100.00,a,
422,3,0.00,0.00,i,
423,3,1.80,0.00,a,
424,3,3.80,0.00,a,
425,3,0.00,0.00,u,
426,3,0.20,0.00,a,
427,3,5.20,0.00,a,
428,3,0.00,0.00,u,
429,3,0.50,0.00,a,
430,3,8.50,0.00,a,
431,3,1.20,0.00,a,
432,3,-0.50,100.00,a,
433,3,0.00,0.00,u,
434,3,-0.50,0.00,a,
435,3,-0.50,0.00,a,
436,3,3.50,0.00,a,
437,3,0.00,0.00,i,
438,3,-0.20,100.00,a,
439,3,-0.50,0.00,a,
440,3,1.50,0.00,a,
441,3,0.50,0.00,a,
442,3,0.20,0.00,a,
443,3,1.20,0.00,a,
444,3,3.20,0.00,a,
445,3,-0.50,0.00,a,
446,3,-0.50,0.00,a,
447,3,-0.20,0.00,a,
448,3,-0.50,0.00,a,
449,3,4.20,0.00,a,
450,3,0.90,75.00,d,
451,3,0.00,0.00,u,
452,3,1.80,0.00,a,
453,3,-0.50,0.00,a,
454,3,-0.50,0.00,a,
455,3,1.10,75.00,d,
456,3,-0.50,0.00,a,
457,3,1.80,0.00,a,
458,3,-0.20,0.00,a,
459,3,0.20,0.00,a,
460,3,0.00,0.00,u,
461,3,-0.50,0.00,a,
462,3,-0.50,0.00,a,
463,3,-0.50,0.00,a,
464,3,-0.50,100.00,a,
465,3,-0.50,0.00,a,
466,3,-0.20,100.00,a,
467,3,-0.50,0.00,a,
468,3,-0.50,100.00,a,
469,3,6.50,0.00,a,
470,3,1.80,100.00,a,
471,3,0.50,0.00,a,
472,3,0.00,0.00,u,
473,3,1.20,0.00,a,
474,3,5.50,100.00,a,
475,3,3.20,0.00,a,
476,3,6.20,0.00,a,
477,3,6.80,0.00,a,
478,3,4.80,0.00,a,
479,3,0.50,0.00,a,
480,3,0.50,0.00,a,
481,3,0.50,0.00,a,
482,3,0.50,0.00,a,
483,3,0.50,0.00,a,
484,3,0.50,0.00,a,
485,3,0.00,0.00,s,
486,3,2.50,0.00,a,
487,3,2.50,0.00,a,
488,3,4.50,0.00,a,
489,3,1.80,0.00,a,
490,3,0.00,0.00,i,
491,3,3.20,100.00,a,
492,3,0.50,100.00,a,
493,3,1.80,0.00,a,
494,3,0.50,100.00,a,
495,3,0.00,0.00,u,
496,3,0.50,0.00,a,
497,3,1.50,0.00,a,
498,3,0.00,0.00,u,
499,3,0.00,0.00,n,
500,3,3.20,0.00,a,
501,3,0.50,0.00,a,
502,3,1.50,0.00,a,
503,3,0.00,0.00,u,
504,3,0.00,0.00,u,
505,3,1.20,0.00,a,
506,3,0.80,0.00,a,
507,3,1.50,0.00,a,
508,3,0.80,0.00,a,
509,3,-0.50,0.00,a,
510,3,-0.50,0.00,a,
511,3,-0.50,0.00,a,
512,3,-0.50,0.00,a,
513,3,-0.50,0.00,a,
514,3,-0.50,0.00,a,
515,3,2.50,0.00,a,
516,3,4.20,0.00,a,
517,3,2.80,0.00,a,
518,3,-0.20,0.00,a,
519,3,0.00,0.00,i,
520,3,0.00,0.00,u,
521,3,2.20,0.00,a,
522,3,0.20,0.00,a,
523,3,-0.50,0.00,a,
524,3,0.00,0.00,u,
525,3,5.20,0.00,a,
526,3,0.50,0.00,a,
527,3,-0.50,0.00,a,
528,3,-0.50,0.00,a,
529,3,-0.50,0.00,a,
530,3,-0.50,0.00,a,
531,3,0.00,0.00,i,
532,3,2.50,0.00,a,
533,3,0.00,0.00,i,
534,3,-0.50,0.00,a,
535,3,0.00,0.00,i,
536,3,0.00,0.00,i,
537,3,-0.50,100.00,a,
538,3,-0.50,0.00,a,
539,3,0.00,0.00,i,
540,3,-0.50,0.00,a,
541,3,2.80,0.00,a,
542,3,0.20,100.00,a,
543,3,2.20,0.00,a,
544,3,2.50,0.00,a,
545,3,-0.20,0.00,a,
546,3,-0.50,0.00,a,
547,3,3.80,0.00,a,
548,3,0.00,0.00,i,
549,3,-0.50,0.00,a,
550,3,-0.50,0.00,a,
551,3,-0.20,0.00,a,
552,3,1.80,0.00,a,
553,3,3.20,0.00,a,
554,3,-0.50,0.00,a,
555,3,-0.50,0.00,a,
556,3,0.00,0.00,u,
557,3,-0.50,0.00,a,
558,3,-0.50,0.00,a,
559,3,-0.50,0.00,a,
560,3,4.20,0.00,a,
561,3,3.50,0.00,a,
562,3,-0.50,0.00,a,
563,3,-0.50,0.00,a,
564,3,-0.50,0.00,a,
565,3,7.00,0.00,a,
566,3,0.00,0.00,a,
567,3,0.00,0.00,a,
568,3,5.00,0.00,a,
569,3,5.00,0.00,a,
570,3,0.30,0.00,a,
571,3,0.00,0.00,a,
572,3,0.00,0.00,i,
573,3,4.30,0.00,a,
574,3,0.30,100.00,a,
575,3,4.30,0.00,a,
576,3,0.00,0.00,u,
577,3,0.00,50.00,d,
578,3,0.00,0.00,a,
579,3,0.00,0.00,u,
580,3,6.00,0.00,a,
581,3,0.00,0.00,i,
582,3,5.00,0.00,a,
583,3,0.00,0.00,i,
584,3,0.70,0.00,a,
585,3,2.00,0.00,a,
586,3,1.70,0.00,a,
587,3,0.00,0.00,i,
588,3,1.00,0.00,a,
589,3,0.00,100.00,a,
590,3,0.00,0.00,a,
591,3,1.00,0.00,a,
592,3,0.00,0.00,u,
593,3,3.70,0.00,a,
594,3,0.00,0.00,u,
595,3,0.00,0.00,a,
596,3,0.70,100.00,a,
597,3,6.30,0.00,a,
598,3,0.00,0.00,u,
599,3,0.00,0.00,a,
600,3,0.00,0.00,a,
601,3,0.00,0.00,a,
602,3,0.00,0.00,a,
603,3,4.70,0.00,a,
604,3,0.00,0.00,a,
605,3,2.00,0.00,a,
606,3,2.00,0.00,a,
607,3,1.00,0.00,a,
608,3,0.00,0.00,a,
609,3,0.30,0.00,a,
610,3,0.30,0.00,a,
611,3,0.00,0.00,u,
612,3,7.00,0.00,a,
613,3,2.00,0.00,a,
614,3,2.30,0.00,a,
615,3,0.00,0.00,i,
616,3,0.00,0.00,u,
617,3,0.00,0.00,a,
618,3,0.70,0.00,a,
619,3,0.00,0.00,i,
620,3,0.00,100.00,a,
621,3,0.70,0.00,a,
622,3,0.00,0.00,a,
623,3,0.30,0.00,a,
624,3,4.30,0.00,a,
625,3,1.70,0.00,a,
626,3,0.00,0.00,a,
627,3,-0.50,0.00,a,
628,3,0.80,0.00,a,
629,3,-0.50,0.00,a,
630,3,0.00,0.00,a,
631,3,1.20,0.00,a,
632,3,-0.50,0.00,a,
633,3,0.10,75.00,d,
634,3,-0.50,0.00,a,
635,3,2.20,0.00,a,
636,3,0.80,0.00,a,
637,3,-0.20,0.00,a,
638,3,0.10,75.00,d,
639,3,0.00,0.00,u,
640,3,-0.50,0.00,a,
641,3,-0.50,0.00,a,
642,3,2.50,0.00,a,
643,3,1.80,0.00,a,
644,3,0.80,0.00,a,
645,3,0.20,0.00,a,
646,3,1.20,0.00,a,
647,3,0.00,0.00,u,
648,3,2.50,0.00,a,
649,3,0.00,0.00,u,
650,3,-0.50,0.00,a,
651,3,-0.50,0.00,a,
652,3,-0.50,0.00,a,
653,3,0.00,0.00,u,
654,3,0.60,75.00,d,
655,3,-0.50,0.00,a,
656,3,-0.20,0.00,a,
657,3,0.00,0.00,i,
658,3,-0.50,0.00,a,
659,3,2.30,0.00,a,
660,3,3.80,0.00,a,
661,3,8.80,0.00,a,
662,3,1.50,0.00,a,
663,3,0.80,0.00,a,
664,3,0.50,0.00,a,
665,3,3.50,0.00,a,
666,3,5.20,0.00,a,
667,3,0.00,25.00,d,
668,3,3.20,0.00,a,
669,3,5.20,0.00,a,
670,3,5.20,0.00,a,
671,3,3.00,0.00,a,
672,3,0.50,0.00,a,
673,3,4.30,0.00,a,
674,3,0.50,0.00,a,
675,3,-0.50,0.00,a,
676,3,0.50,100.00,a,
677,3,0.70,0.00,a,
678,3,-0.50,100.00,a,
679,3,2.70,0.00,a,
680,3,-1.50,100.00,a,
681,3,0.50,0.00,a,
682,3,1.50,0.00,a,
683,3,2.50,0.00,a,
684,3,0.80,0.00,a,
685,3,5.30,0.00,a,
686,3,3.50,0.00,a,
687,3,0.00,0.00,a,
688,3,0.00,0.00,a,
689,3,0.50,0.00,a,
690,3,0.50,0.00,a,
691,3,0.00,100.00,a,
692,3,1.50,0.00,a,
693,3,0.50,0.00,a,
694,3,1.50,0.00,a,
695,3,0.50,0.00,a,
696,3,0.50,0.00,a,
697,3,1.00,0.00,a,
698,3,0.00,100.00,a,
699,3,-0.50,0.00,a,
700,3,3.00,0.00,a,
701,3,0.00,0.00,a,
702,3,0.50,0.00,a,
703,3,0.00,0.00,a,
704,3,0.00,0.00,a,
705,3,0.00,0.00,a,
706,3,0.50,0.00,a,
707,3,2.00,0.00,a,
708,3,2.00,0.00,a,
709,3,1.50,0.00,a,
710,3,1.00,0.00,a,
711,3,1.60,0.00,a,
712,3,2.60,0.00,a,
713,3,2.00,0.00,a,
714,3,2.20,0.00,a,
715,3,-0.50,0.00,a,
716,3,2.80,0.00,a,
717,3,1.70,0.00,a,
718,3,0.70,0.00,a,
719,3,0.00,100.00,a,
720,3,0.70,0.00,a,
721,3,2.70,0.00,a,
722,3,2.70,0.00,a,
723,3,3.70,0.00,a,
724,3,1.70,0.00,a,
725,3,1.70,100.00,a,
726,3,0.20,25.00,d,
727,3,0.70,100.00,a,
728,3,0.70,100.00,a,
729,3,0.00,0.00,u,
730,3,3.30,0.00,a,
731,3,2.00,100.00,a,
732,3,0.30,0.00,a,
733,3,1.30,0.00,a,
734,3,0.00,0.00,i,
735,3,3.00,0.00,a,
736,3,3.80,0.00,a,
737,3,0.30,0.00,a,
738,3,0.00,25.00,d,
739,3,0.50,0.00,a,
740,3,0.50,0.00,a,
741,3,0.00,100.00,a,
742,3,0.50,0.00,a,
743,3,0.00,0.00,a,
744,3,0.30,0.00,a,
745,3,-1.00,0.00,a,
746,3,0.50,0.00,a,
747,3,0.00,0.00,a,
748,3,1.70,0.00,a,
749,3,1.20,0.00,a,
750,3,0.30,0.00,a,
751,3,0.20,0.00,a,
752,3,1.30,0.00,a,
1,4,6.00,0.00,a,
2,4,0.00,0.00,a,
3,4,0.00,0.00,u,
4,4,0.00,0.00,a,
5,4,5.80,0.00,a,
6,4,3.00,75.00,d,
7,4,8.20,0.00,a,
8,4,8.50,0.00,a,
9,4,0.00,0.00,u,
10,4,0.50,0.00,a,
11,4,1.50,100.00,a,
12,4,0.50,100.00,a,
13,4,0.00,0.00,a,
14,4,0.00,0.00,a,
15,4,0.00,0.00,a,
16,4,0.00,0.00,i,
17,4,1.50,75.00,d,
18,4,2.20,0.00,a,
19,4,1.20,0.00,a,
20,4,1.20,100.00,a,
21,4,4.20,0.00,a,
22,4,1.80,0.00,a,
23,4,0.00,0.00,u,
24,4,0.00,100.00,a,
25,4,1.00,0.00,a,
26,4,6.20,0.00,a,
27,4,0.00,0.00,a,
28,4,0.00,0.00,u,
29,4,0.00,0.00,u,
30,4,0.00,0.00,i,
31,4,0.00,0.00,i,
32,4,2.50,100.00,a,
33,4,2.30,0.00,a,
34,4,0.00,0.00,u,
35,4,0.00,0.00,u,
36,4,4.30,0.00,a,
37,4,4.00,0.00,a,
38,4,3.00,100.00,a,
39,4,1.00,0.00,a,
40,4,5.00,0.00,a,
41,4,1.30,0.00,a,
42,4,0.00,0.00,i,
43,4,0.00,0.00,u,
44,4,3.00,0.00,a,
45,4,0.50,0.00,a,
46,4,0.50,0.00,a,
47,4,3.00,100.00,a,
48,4,1.20,50.00,d,
49,4,0.00,0.00,u,
50,4,1.50,0.00,a,
51,4,0.50,0.00,a,
52,4,0.00,0.00,i,
53,4,1.70,0.00,a,
54,4,3.00,0.00,a,
55,4,0.00,0.00,i,
56,4,0.00,0.00,u,
57,4,0.00,0.00,u,
58,4,0.00,0.00,i,
59,4,0.00,0.00,i,
60,4,0.50,0.00,a,
61,4,0.00,0.00,u,
62,4,0.50,0.00,a,
63,4,0.50,0.00,a,
64,4,2.50,0.00,a,
65,4,0.00,0.00,u,
66,4,0.00,0.00,u,
67,4,3.80,0.00,a,
68,4,-0.50,0.00,a,
69,4,-0.50,0.00,a,
70,4,0.00,0.00,u,
71,4,0.00,0.00,u,
72,4,8.20,0.00,a,
73,4,0.00,0.00,i,
74,4,4.50,0.00,a,
75,4,-0.50,0.00,a,
76,4,-0.50,0.00,a,
77,4,2.20,0.00,a,
78,4,-0.50,100.00,a,
79,4,0.00,0.00,u,
80,4,-0.20,0.00,a,
81,4,0.50,100.00,a,
82,4,6.50,0.00,a,
83,4,5.30,100.00,a,
84,4,4.80,0.00,a,
85,4,1.80,0.00,a,
86,4,2.20,0.00,a,
87,4,0.10,75.00,d,
88,4,-0.20,100.00,a,
89,4,0.00,0.00,u,
90,4,4.20,0.00,a,
91,4,0.00,0.00,u,
92,4,0.00,0.00,u,
93,4,0.00,0.00,u,
94,4,-0.50,0.00,a,
95,4,-0.50,0.00,a,
96,4,0.00,0.00,u,
97,4,4.50,0.00,a,
98,4,0.00,0.00,i,
99,4,-0.50,0.00,a,
100,4,0.20,0.00,a,
101,4,2.20,100.00,a,
102,4,0.00,0.00,a,
103,4,0.00,0.00,a,
104,4,0.00,0.00,a,
105,4,0.00,0.00,a,
106,4,3.80,0.00,a,
107,4,3.50,0.00,a,
108,4,1.20,0.00,a,
109,4,0.50,0.00,a,
110,4,3.50,0.00,a,
111,4,0.20,100.00,a,
112,4,0.00,0.00,u,
113,4,3.80,0.00,a,
114,4,0.00,0.00,a,
115,4,0.00,0.00,a,
116,4,0.50,0.00,a,
117,4,0.00,0.00,a,
118,4,0.00,0.00,u,
119,4,3.50,0.00,a,
120,4,2.80,100.00,a,
121,4,1.80,0.00,a,
122,4,0.20,0.00,a,
123,4,2.50,0.00,a,
124,4,3.20,0.00,a,
125,4,0.00,100.00,a,
126,4,1.20,0.00,a,
127,4,0.00,0.00,i,
128,4,2.20,0.00,a,
129,4,3.00,0.00,a,
130,4,0.00,0.00,a,
131,4,0.00,0.00,a,
132,4,0.00,25.00,d,
133,4,0.00,0.00,a,
134,4,0.00,0.00,u,
135,4,0.00,0.00,i,
136,4,3.80,0.00,a,
137,4,0.00,0.00,a,
138,4,0.00,0.00,a,
139,4,1.80,0.00,a,
140,4,0.00,0.00,a,
141,4,0.00,0.00,u,
142,4,0.00,0.00,u,
143,4,0.00,0.00,a,
144,4,0.20,0.00,a,
145,4,0.90,75.00,d,
146,4,2.50,0.00,a,
147,4,0.00,0.00,u,
148,4,1.00,0.00,a,
149,4,0.00,100.00,a,
150,4,0.00,0.00,u,
151,4,1.80,0.00,a,
152,4,1.00,0.00,a,
153,4,0.00,0.00,i,
154,4,0.00,0.00,u,
155,4,0.00,0.00,a,
156,4,0.00,0.00,a,
157,4,4.00,0.00,a,
158,4,2.00,100.00,a,
159,4,0.00,0.00,i,
160,4,3.80,0.00,a,
161,4,0.00,0.00,u,
162,4,2.80,0.00,a,
163,4,0.80,75.00,d,
164,4,0.00,0.00,u,
165,4,0.00,0.00,u,
166,4,2.00,0.00,a,
167,4,1.20,0.00,a,
168,4,0.70,0.00,a,
169,4,0.80,0.00,a,
170,4,2.00,0.00,a,
171,4,0.00,0.00,u,
172,4,0.00,100.00,a,
173,4,1.80,100.00,a,
174,4,0.00,0.00,u,
175,4,0.00,0.00,a,
176,4,0.00,0.00,a,
177,4,0.00,0.00,u,
178,4,1.20,0.00,a,
179,4,0.00,0.00,u,
180,4,0.20,0.00,a,
181,4,0.00,0.00,a,
182,4,2.80,0.00,a,
183,4,-0.50,0.00,a,
184,4,0.00,0.00,u,
185,4,-0.50,0.00,a,
186,4,0.00,0.00,i,
187,4,1.70,0.00,a,
188,4,-0.50,0.00,a,
189,4,0.00,0.00,u,
190,4,3.70,0.00,a,
191,4,2.50,0.00,a,
192,4,2.50,0.00,a,
193,4,-0.50,100.00,a,
194,4,0.00,0.00,i,
195,4,-0.50,0.00,a,
196,4,0.00,0.00,u,
197,4,0.30,0.00,a,
198,4,-0.50,100.00,a,
199,4,0.30,0.00,a,
200,4,5.50,0.00,a,
201,4,-0.50,0.00,a,
202,4,1.30,75.00,d,
203,4,-0.50,0.00,a,
204,4,0.00,0.00,u,
205,4,5.30,0.00,a,
206,4,-0.30,0.00,a,
207,4,2.00,0.00,a,
208,4,0.00,0.00,u,
209,4,0.70,0.00,a,
210,4,1.50,0.00,a,
211,4,0.00,0.00,u,
212,4,0.00,0.00,u,
213,4,-0.50,0.00,a,
214,4,-0.50,0.00,a,
215,4,0.00,0.00,a,
216,4,0.00,0.00,i,
217,4,2.50,0.00,a,
218,4,-0.50,0.00,a,
219,4,0.00,0.00,u,
220,4,5.30,0.00,a,
221,4,0.50,0.00,a,
222,4,0.00,0.00,u,
223,4,0.50,0.00,a,
224,4,5.50,0.00,a,
225,4,2.50,0.00,a,
226,4,8.00,0.00,a,
227,4,0.00,0.00,i,
228,4,2.70,0.00,a,
229,4,0.20,50.00,d,
230,4,1.00,100.00,a,
231,4,0.00,0.00,u,
232,4,3.30,100.00,a,
233,4,2.70,0.00,a,
234,4,0.00,0.00,u,
235,4,3.00,100.00,a,
236,4,4.30,0.00,a,
237,4,7.70,0.00,a,
238,4,2.50,0.00,a,
239,4,1.50,0.00,a,
240,4,0.00,0.00,u,
241,4,7.70,0.00,a,
242,4,3.50,0.00,a,
243,4,1.30,0.00,a,
244,4,0.20,50.00,d,
245,4,0.00,0.00,s,
246,4,1.00,0.00,a,
247,4,0.00,0.00,i,
248,4,0.00,0.00,u,
249,4,8.70,0.00,a,
250,4,0.00,0.00,i,
251,4,0.00,0.00,u,
252,4,1.00,100.00,a,
253,4,5.20,0.00,a,
254,4,0.00,0.00,a,
255,4,0.00,0.00,a,
256,4,4.70,0.00,a,
257,4,7.00,0.00,a,
258,4,5.50,0.00,a,
259,4,0.00,0.00,a,
260,4,7.20,0.00,a,
261,4,5.50,0.00,a,
262,4,0.00,0.00,i,
263,4,0.20,0.00,a,
264,4,0.00,0.00,u,
265,4,0.00,25.00,d,
266,4,2.50,0.00,a,
267,4,0.00,0.00,i,
268,4,0.00,0.00,i,
269,4,0.20,0.00,a,
270,4,2.00,100.00,a,
271,4,2.20,100.00,a,
272,4,1.50,0.00,a,
273,4,0.80,50.00,d,
274,4,0.00,0.00,a,
275,4,0.00,0.00,a,
276,4,1.20,0.00,a,
277,4,0.00,0.00,u,
278,4,0.00,0.00,a,
279,4,0.00,0.00,u,
280,4,0.00,0.00,u,
281,4,0.00,0.00,a,
282,4,0.00,0.00,a,
283,4,2.50,0.00,a,
284,4,0.00,50.00,d,
285,4,0.00,0.00,u,
286,4,0.00,0.00,a,
287,4,5.00,0.00,a,
288,4,-1.00,0.00,a,
289,4,-1.00,0.00,a,
290,4,0.00,0.00,i,
291,4,4.80,0.00,a,
292,4,-0.60,75.00,d,
293,4,2.80,0.00,a,
294,4,-0.80,0.00,a,
295,4,3.80,0.00,a,
296,4,-1.00,100.00,a,
297,4,-1.00,0.00,a,
298,4,-1.00,0.00,a,
299,4,4.50,100.00,a,
300,4,-0.80,0.00,a,
301,4,-0.20,0.00,a,
302,4,1.50,0.00,a,
303,4,4.20,0.00,a,
304,4,0.80,0.00,a,
305,4,0.00,0.00,u,
306,4,-1.00,0.00,a,
307,4,-1.00,0.00,a,
308,4,0.00,0.00,u,
309,4,0.00,0.00,u,
310,4,0.20,0.00,a,
311,4,1.80,0.00,a,
312,4,0.00,0.00,u,
313,4,-1.00,0.00,a,
314,4,4.00,0.00,a,
315,4,0.00,0.00,u,
316,4,0.50,100.00,a,
317,4,4.80,0.00,a,
318,4,3.20,0.00,a,
319,4,0.80,0.00,a,
320,4,0.00,0.00,a,
321,4,0.50,0.00,a,
322,4,3.20,0.00,a,
323,4,0.00,0.00,a,
324,4,3.20,0.00,a,
325,4,2.20,0.00,a,
326,4,0.80,0.00,a,
327,4,0.00,0.00,u,
328,4,1.80,100.00,a,
329,4,2.00,100.00,a,
330,4,2.50,0.00,a,
331,4,0.20,0.00,a,
332,4,3.00,0.00,a,
333,4,0.00,0.00,u,
334,4,0.00,0.00,u,
335,4,1.80,0.00,a,
336,4,0.00,0.00,a,
337,4,1.20,0.00,a,
338,4,2.50,0.00,a,
339,4,-0.50,0.00,a,
340,4,-0.50,0.00,a,
341,4,0.30,0.00,a,
342,4,2.70,100.00,a,
343,4,3.50,0.00,a,
344,4,-0.50,100.00,a,
345,4,-0.50,100.00,a,
346,4,-0.30,0.00,a,
347,4,3.70,100.00,a,
348,4,4.50,100.00,a,
349,4,0.00,0.00,u,
350,4,1.50,0.00,a,
351,4,1.00,0.00,a,
352,4,0.30,0.00,a,
353,4,1.00,75.00,d,
354,4,1.30,100.00,a,
355,4,0.00,0.00,u,
356,4,1.00,0.00,a,
357,4,0.00,0.00,u,
358,4,0.50,100.00,a,
359,4,0.00,0.00,u,
360,4,0.00,0.00,u,
361,4,0.00,0.00,u,
362,4,0.20,75.00,d,
363,4,0.00,0.00,u,
364,4,0.00,0.00,u,
365,4,1.70,100.00,a,
366,4,6.00,0.00,a,
367,4,1.00,0.00,a,
368,4,1.00,0.00,a,
369,4,1.00,0.00,a,
370,4,2.30,100.00,a,
371,4,3.30,0.00,a,
372,4,1.30,0.00,a,
373,4,7.30,0.00,a,
374,4,6.00,0.00,a,
375,4,1.00,100.00,a,
376,4,1.30,100.00,a,
377,4,1.00,0.00,a,
378,4,1.00,0.00,a,
379,4,1.00,0.00,a,
380,4,1.00,0.00,a,
381,4,6.70,0.00,a,
382,4,3.70,0.00,a,
383,4,0.00,0.00,u,
384,4,6.30,0.00,a,
385,4,2.00,0.00,a,
386,4,2.30,100.00,a,
387,4,7.00,0.00,a,
388,4,0.00,0.00,i,
389,4,1.20,0.00,a,
390,4,5.00,100.00,a,
391,4,-0.50,0.00,a,
392,4,1.30,0.00,a,
393,4,0.00,0.00,i,
394,4,1.00,0.00,a,
395,4,0.00,0.00,u,
396,4,1.00,0.00,a,
397,4,0.00,0.00,u,
398,4,1.00,0.00,a,
399,4,0.00,0.00,u,
400,4,0.00,0.00,a,
401,4,0.00,100.00,a,
402,4,0.60,25.00,d,
403,4,1.50,100.00,a,
404,4,0.00,0.00,u,
405,4,0.50,0.00,a,
406,4,2.50,100.00,a,
407,4,0.80,0.00,a,
408,4,3.50,0.00,a,
409,4,1.00,50.00,d,
410,4,3.20,100.00,a,
411,4,1.80,100.00,a,
412,4,0.00,0.00,u,
413,4,0.00,0.00,i,
414,4,3.20,100.00,a,
415,4,0.20,100.00,a,
416,4,3.00,0.00,a,
417,4,0.00,0.00,i,
418,4,3.80,0.00,a,
419,4,5.00,0.00,a,
420,4,0.00,0.00,u,
421,4,1.50,100.00,a,
422,4,0.00,0.00,i,
423,4,1.20,0.00,a,
424,4,2.80,0.00,a,
425,4,0.00,0.00,u,
426,4,1.30,0.00,a,
427,4,4.20,0.00,a,
428,4,0.00,0.00,u,
429,4,0.00,0.00,a,
430,4,9.20,0.00,a,
431,4,1.30,0.00,a,
432,4,0.00,0.00,u,
433,4,0.00,0.00,u,
434,4,-0.50,0.00,a,
435,4,-0.50,0.00,a,
436,4,2.70,0.00,a,
437,4,0.00,0.00,i,
438,4,0.00,100.00,a,
439,4,-0.50,0.00,a,
440,4,0.00,0.00,i,
441,4,0.50,0.00,a,
442,4,0.30,0.00,a,
443,4,1.00,0.00,a,
444,4,2.50,0.00,a,
445,4,0.00,0.00,u,
446,4,-0.50,0.00,a,
447,4,-0.30,0.00,a,
448,4,-0.50,0.00,a,
449,4,3.50,0.00,a,
450,4,0.00,0.00,i,
451,4,0.00,0.00,u,
452,4,1.70,0.00,a,
453,4,0.70,0.00,a,
454,4,0.00,0.00,u,
455,4,0.00,0.00,i,
456,4,0.50,0.00,a,
457,4,1.50,0.00,a,
458,4,0.00,0.00,a,
459,4,1.00,0.00,a,
460,4,0.00,0.00,u,
461,4,-0.50,0.00,a,
462,4,-0.50,0.00,a,
463,4,-0.50,0.00,a,
464,4,-0.50,100.00,a,
465,4,0.00,0.00,u,
466,4,0.00,100.00,a,
467,4,-0.50,0.00,a,
468,4,-0.50,100.00,a,
469,4,7.00,0.00,a,
470,4,2.70,100.00,a,
471,4,0.50,0.00,a,
472,4,0.00,0.00,u,
473,4,1.00,0.00,a,
474,4,6.30,100.00,a,
475,4,2.70,0.00,a,
476,4,6.30,0.00,a,
477,4,6.70,0.00,a,
478,4,5.70,0.00,a,
479,4,0.50,0.00,a,
480,4,0.50,0.00,a,
481,4,0.50,0.00,a,
482,4,0.50,0.00,a,
483,4,0.50,0.00,a,
484,4,0.00,0.00,u,
485,4,0.00,0.00,s,
486,4,2.30,0.00,a,
487,4,2.70,0.00,a,
488,4,4.00,0.00,a,
489,4,3.00,0.00,a,
490,4,2.30,100.00,a,
491,4,3.30,100.00,a,
492,4,0.50,100.00,a,
493,4,1.70,0.00,a,
494,4,0.70,100.00,a,
495,4,0.00,0.00,u,
496,4,0.50,0.00,a,
497,4,1.30,0.00,a,
498,4,0.00,0.00,u,
499,4,1.00,100.00,a,
500,4,2.70,0.00,a,
501,4,0.50,0.00,a,
502,4,2.30,0.00,a,
503,4,0.00,0.00,u,
504,4,0.00,0.00,u,
505,4,2.00,0.00,a,
506,4,1.70,75.00,d,
507,4,0.50,25.00,d,
508,4,1.50,0.00,a,
509,4,0.00,0.00,u,
510,4,0.50,0.00,a,
511,4,0.70,0.00,a,
512,4,0.00,0.00,u,
513,4,0.50,0.00,a,
514,4,0.50,0.00,a,
515,4,3.30,0.00,a,
516,4,4.30,0.00,a,
517,4,4.00,0.00,a,
518,4,0.00,0.00,u,
519,4,0.00,0.00,i,
520,4,0.00,0.00,u,
521,4,3.00,0.00,a,
522,4,1.30,0.00,a,
523,4,0.00,0.00,u,
524,4,0.00,0.00,u,
525,4,5.00,0.00,a,
526,4,1.30,0.00,a,
527,4,0.50,0.00,a,
528,4,-0.50,0.00,a,
529,4,-0.50,0.00,a,
530,4,-0.50,0.00,a,
531,4,3.00,75.00,d,
532,4,3.30,0.00,a,
533,4,-0.20,50.00,d,
534,4,-0.50,0.00,a,
535,4,0.00,0.00,i,
536,4,0.00,0.00,i,
537,4,0.00,0.00,u,
538,4,-0.50,0.00,a,
539,4,-0.40,75.00,d,
540,4,-0.50,0.00,a,
541,4,3.50,0.00,a,
542,4,0.00,0.00,u,
543,4,2.30,0.00,a,
544,4,2.50,0.00,a,
545,4,0.00,0.00,u,
546,4,0.00,0.00,u,
547,4,2.00,75.00,d,
548,4,0.00,0.00,i,
549,4,-0.50,0.00,a,
550,4,-0.50,0.00,a,
551,4,0.00,0.00,a,
552,4,2.00,0.00,a,
553,4,3.00,0.00,a,
554,4,-0.50,0.00,a,
555,4,0.00,0.00,u,
556,4,0.00,0.00,u,
557,4,-0.50,0.00,a,
558,4,-0.50,0.00,a,
559,4,-0.50,0.00,a,
560,4,3.50,0.00,a,
561,4,2.50,0.00,a,
562,4,-0.50,0.00,a,
563,4,-0.50,0.00,a,
564,4,0.00,0.00,u,
565,4,7.20,0.00,a,
566,4,0.00,0.00,a,
567,4,0.00,0.00,a,
568,4,5.20,0.00,a,
569,4,6.80,0.00,a,
570,4,0.50,0.00,a,
571,4,0.00,0.00,a,
572,4,0.00,0.00,i,
573,4,4.50,0.00,a,
574,4,0.50,100.00,a,
575,4,6.80,0.00,a,
576,4,0.00,0.00,u,
577,4,0.00,50.00,d,
578,4,0.00,0.00,u,
579,4,0.00,0.00,u,
580,4,4.80,0.00,a,
581,4,0.00,0.00,i,
582,4,4.50,0.00,a,
583,4,0.00,0.00,i,
584,4,1.20,0.00,a,
585,4,1.50,0.00,a,
586,4,4.00,0.00,a,
587,4,0.00,0.00,i,
588,4,1.00,0.00,a,
589,4,0.00,0.00,u,
590,4,0.00,0.00,a,
591,4,0.80,0.00,a,
592,4,0.00,0.00,u,
593,4,4.80,0.00,a,
594,4,0.00,0.00,u,
595,4,0.00,0.00,a,
596,4,0.00,0.00,i,
597,4,5.00,0.00,a,
598,4,0.00,0.00,u,
599,4,0.00,0.00,a,
600,4,0.00,0.00,a,
601,4,0.00,0.00,u,
602,4,0.00,0.00,a,
603,4,3.80,0.00,a,
604,4,0.00,0.00,u,
605,4,1.80,0.00,a,
606,4,2.20,0.00,a,
607,4,0.00,0.00,u,
608,4,0.00,0.00,a,
609,4,0.20,0.00,a,
610,4,0.20,0.00,a,
611,4,0.00,0.00,u,
612,4,5.80,0.00,a,
613,4,0.00,0.00,s,
614,4,2.20,0.00,a,
615,4,2.20,100.00,a,
616,4,0.00,0.00,u,
617,4,0.00,0.00,u,
618,4,0.50,0.00,a,
619,4,0.20,100.00,a,
620,4,0.00,100.00,a,
621,4,0.80,0.00,a,
622,4,0.00,0.00,u,
623,4,0.20,0.00,a,
624,4,3.80,0.00,a,
625,4,1.20,100.00,a,
626,4,0.00,0.00,a,
627,4,1.30,0.00,a,
628,4,1.50,0.00,a,
629,4,0.50,0.00,a,
630,4,-1.00,0.00,a,
631,4,2.70,0.00,a,
632,4,0.50,0.00,a,
633,4,2.00,100.00,a,
634,4,1.00,0.00,a,
635,4,3.00,0.00,a,
636,4,1.50,0.00,a,
637,4,1.30,0.00,a,
638,4,0.20,25.00,d,
639,4,0.00,0.00,u,
640,4,0.00,0.00,u,
641,4,0.50,0.00,a,
642,4,3.30,0.00,a,
643,4,2.50,0.00,a,
644,4,1.70,0.00,a,
645,4,1.30,0.00,a,
646,4,2.50,0.00,a,
647,4,0.00,0.00,u,
648,4,2.70,0.00,a,
649,4,0.00,0.00,u,
650,4,0.50,0.00,a,
651,4,0.50,0.00,a,
652,4,0.50,0.00,a,
653,4,0.00,0.00,u,
654,4,0.00,0.00,i,
655,4,0.00,0.00,u,
656,4,0.00,0.00,u,
657,4,0.00,0.00,i,
658,4,0.50,0.00,a,
659,4,2.00,0.00,a,
660,4,3.00,0.00,a,
661,4,5.30,0.00,a,
662,4,2.50,0.00,a,
663,4,1.70,0.00,a,
664,4,0.00,0.00,a,
665,4,0.00,0.00,i,
666,4,5.00,0.00,a,
667,4,-1.00,100.00,a,
668,4,3.50,0.00,a,
669,4,5.30,0.00,a,
670,4,6.30,0.00,a,
671,4,2.50,0.00,a,
672,4,0.50,0.00,a,
673,4,4.00,0.00,a,
674,4,0.50,0.00,a,
675,4,0.50,0.00,a,
676,4,0.00,0.00,s,
677,4,1.30,0.00,a,
678,4,-0.50,100.00,a,
679,4,2.20,0.00,a,
680,4,-0.30,100.00,a,
681,4,0.70,0.00,a,
682,4,2.00,0.00,a,
683,4,4.00,0.00,a,
684,4,0.70,0.00,a,
685,4,2.40,50.00,d,
686,4,3.30,0.00,a,
687,4,-0.50,0.00,a,
688,4,0.50,0.00,a,
689,4,0.50,0.00,a,
690,4,0.00,0.00,a,
691,4,0.50,100.00,a,
692,4,1.00,0.00,a,
693,4,1.20,0.00,a,
694,4,4.20,0.00,a,
695,4,1.50,0.00,a,
696,4,1.50,0.00,a,
697,4,0.50,0.00,a,
698,4,0.50,100.00,a,
699,4,0.50,0.00,a,
700,4,1.70,0.00,a,
701,4,0.50,0.00,a,
702,4,0.80,0.00,a,
703,4,0.50,0.00,a,
704,4,0.00,0.00,u,
705,4,-1.00,0.00,a,
706,4,0.00,0.00,a,
707,4,-1.00,0.00,a,
708,4,2.50,0.00,a,
709,4,1.00,0.00,a,
710,4,0.50,0.00,a,
711,4,0.00,0.00,a,
712,4,2.00,100.00,a,
713,4,1.50,0.00,a,
714,4,2.80,0.00,a,
715,4,1.50,0.00,a,
716,4,2.50,0.00,a,
717,4,2.40,0.00,a,
718,4,1.60,0.00,a,
719,4,2.50,0.00,a,
720,4,2.30,0.00,a,
721,4,1.50,0.00,a,
722,4,1.10,0.00,a,
723,4,2.00,0.00,a,
724,4,1.50,0.00,a,
725,4,3.20,0.00,a,
726,4,2.30,0.00,a,
727,4,2.00,0.00,a,
728,4,0.60,0.00,a,
729,4,0.00,0.00,u,
730,4,1.30,0.00,a,
731,4,2.10,0.00,a,
732,4,1.80,0.00,a,
733,4,2.60,0.00,a,
734,4,2.60,0.00,a,
735,4,1.50,0.00,a,
736,4,4.00,0.00,a,
737,4,1.10,0.00,a,
738,4,2.30,0.00,a,
739,4,1.10,0.00,a,
740,4,1.20,0.00,a,
741,4,0.00,100.00,a,
742,4,0.50,0.00,a,
743,4,0.00,0.00,a,
744,4,0.30,0.00,a,
745,4,-1.00,0.00,a,
746,4,0.50,0.00,a,
747,4,0.00,0.00,a,
748,4,1.70,0.00,a,
749,4,1.20,0.00,a,
750,4,0.30,0.00,a,
751,4,0.20,0.00,a,
752,4,1.30,0.00,a,
1,5,4.00,0.00,a,
2,5,0.00,0.00,a,
3,5,0.00,0.00,u,
4,5,0.00,0.00,a,
5,5,4.80,0.00,a,
6,5,2.20,100.00,a,
7,5,5.50,0.00,a,
8,5,8.80,0.00,a,
9,5,0.00,0.00,u,
10,5,0.50,0.00,a,
11,5,0.00,100.00,a,
12,5,1.00,100.00,a,
13,5,0.00,0.00,a,
14,5,0.00,0.00,a,
15,5,0.00,0.00,a,
16,5,1.80,100.00,a,
17,5,0.40,50.00,d,
18,5,1.70,75.00,d,
19,5,2.80,0.00,a,
20,5,1.80,100.00,a,
21,5,3.50,0.00,a,
22,5,1.80,0.00,a,
23,5,0.00,0.00,u,
24,5,0.00,100.00,a,
25,5,1.20,0.00,a,
26,5,5.50,0.00,a,
27,5,0.00,0.00,a,
28,5,0.00,0.00,u,
29,5,0.00,0.00,u,
30,5,0.00,0.00,i,
31,5,0.00,0.00,i,
32,5,2.80,100.00,a,
33,5,0.00,0.00,a,
34,5,0.00,0.00,u,
35,5,0.00,0.00,u,
36,5,4.20,0.00,a,
37,5,2.20,0.00,a,
38,5,2.20,100.00,a,
39,5,0.50,0.00,a,
40,5,4.00,0.00,a,
41,5,0.80,0.00,a,
42,5,0.00,0.00,i,
43,5,0.00,0.00,u,
44,5,2.80,0.00,a,
45,5,0.00,0.00,a,
46,5,0.00,0.00,a,
47,5,2.20,100.00,a,
48,5,0.60,50.00,d,
49,5,0.00,0.00,u,
50,5,1.20,0.00,a,
51,5,0.00,0.00,a,
52,5,0.00,0.00,i,
53,5,1.20,0.00,a,
54,5,2.20,0.00,a,
55,5,0.00,0.00,i,
56,5,0.00,0.00,u,
57,5,0.00,0.00,u,
58,5,1.80,100.00,a,
59,5,0.00,0.00,i,
60,5,0.00,0.00,a,
61,5,0.00,0.00,u,
62,5,0.00,0.00,a,
63,5,0.00,0.00,a,
64,5,2.00,0.00,a,
65,5,0.00,0.00,u,
66,5,0.00,0.00,u,
67,5,5.30,0.00,a,
68,5,0.50,0.00,a,
69,5,0.50,0.00,a,
70,5,0.00,0.00,u,
71,5,0.00,0.00,u,
72,5,9.30,0.00,a,
73,5,0.00,0.00,i,
74,5,6.50,0.00,a,
75,5,0.50,0.00,a,
76,5,0.50,0.00,a,
77,5,2.70,0.00,a,
78,5,0.50,100.00,a,
79,5,0.00,0.00,u,
80,5,0.70,0.00,a,
81,5,1.50,100.00,a,
82,5,7.00,0.00,a,
83,5,4.20,100.00,a,
84,5,5.30,0.00,a,
85,5,3.00,0.00,a,
86,5,3.30,0.00,a,
87,5,1.30,100.00,a,
88,5,0.70,100.00,a,
89,5,0.00,0.00,u,
90,5,4.70,0.00,a,
91,5,0.00,0.00,u,
92,5,0.00,0.00,u,
93,5,0.00,0.00,u,
94,5,0.50,0.00,a,
95,5,0.50,0.00,a,
96,5,0.00,0.00,u,
97,5,4.70,0.00,a,
98,5,0.00,0.00,i,
99,5,0.50,0.00,a,
100,5,1.00,0.00,a,
101,5,2.20,100.00,a,
102,5,0.00,0.00,a,
103,5,0.00,0.00,a,
104,5,0.00,0.00,a,
105,5,0.00,0.00,a,
106,5,3.80,0.00,a,
107,5,3.50,0.00,a,
108,5,1.50,0.00,a,
109,5,0.50,0.00,a,
110,5,3.50,0.00,a,
111,5,0.00,100.00,a,
112,5,0.00,0.00,u,
113,5,3.20,0.00,a,
114,5,0.00,0.00,a,
115,5,0.00,0.00,a,
116,5,0.50,0.00,a,
117,5,0.00,0.00,a,
118,5,0.00,0.00,u,
119,5,4.20,0.00,a,
120,5,3.00,100.00,a,
121,5,3.80,0.00,a,
122,5,0.00,0.00,a,
123,5,2.20,0.00,a,
124,5,3.50,0.00,a,
125,5,0.20,100.00,a,
126,5,0.80,0.00,a,
127,5,0.00,25.00,d,
128,5,1.20,0.00,a,
129,5,3.00,0.00,a,
130,5,0.00,0.00,a,
131,5,0.00,0.00,a,
132,5,0.00,25.00,d,
133,5,0.00,0.00,a,
134,5,0.00,0.00,u,
135,5,0.00,0.00,i,
136,5,2.80,0.00,a,
137,5,0.00,0.00,a,
138,5,-0.50,0.00,a,
139,5,1.00,0.00,a,
140,5,-0.50,0.00,a,
141,5,0.00,0.00,u,
142,5,0.00,0.00,u,
143,5,-0.50,0.00,a,
144,5,0.00,0.00,a,
145,5,0.20,75.00,d,
146,5,2.30,0.00,a,
147,5,0.00,0.00,u,
148,5,0.70,0.00,a,
149,5,0.00,100.00,a,
150,5,0.00,0.00,u,
151,5,1.00,0.00,a,
152,5,1.30,0.00,a,
153,5,0.00,0.00,i,
154,5,0.00,0.00,u,
155,5,-0.50,0.00,a,
156,5,-0.50,0.00,a,
157,5,3.50,0.00,a,
158,5,1.30,100.00,a,
159,5,0.00,0.00,i,
160,5,4.70,0.00,a,
161,5,0.00,0.00,u,
162,5,2.50,0.00,a,
163,5,0.00,0.00,i,
164,5,0.00,0.00,u,
165,5,0.00,0.00,u,
166,5,2.70,0.00,a,
167,5,0.30,0.00,a,
168,5,0.00,0.00,n,
169,5,0.30,0.00,a,
170,5,1.50,0.00,a,
171,5,0.00,0.00,u,
172,5,-0.50,100.00,a,
173,5,0.50,100.00,a,
174,5,0.00,0.00,u,
175,5,-0.50,0.00,a,
176,5,-0.50,0.00,a,
177,5,0.00,0.00,u,
178,5,0.70,0.00,a,
179,5,0.00,0.00,u,
180,5,-0.30,0.00,a,
181,5,-0.50,0.00,a,
182,5,2.00,0.00,a,
183,5,-1.00,0.00,a,
184,5,0.00,0.00,u,
185,5,-1.00,0.00,a,
186,5,-0.20,25.00,d,
187,5,1.50,0.00,a,
188,5,-1.00,0.00,a,
189,5,0.00,0.00,u,
190,5,3.50,0.00,a,
191,5,2.80,0.00,a,
192,5,2.20,0.00,a,
193,5,-1.00,100.00,a,
194,5,-0.20,25.00,d,
195,5,-1.00,0.00,a,
196,5,0.00,0.00,u,
197,5,-0.50,0.00,a,
198,5,-1.00,100.00,a,
199,5,-0.20,0.00,a,
200,5,7.00,0.00,a,
201,5,-1.00,0.00,a,
202,5,0.80,75.00,d,
203,5,-1.00,0.00,a,
204,5,0.00,0.00,u,
205,5,4.80,0.00,a,
206,5,-1.00,0.00,a,
207,5,1.20,0.00,a,
208,5,0.00,0.00,u,
209,5,0.20,0.00,a,
210,5,1.20,0.00,a,
211,5,0.00,0.00,u,
212,5,0.00,0.00,u,
213,5,-1.00,0.00,a,
214,5,-1.00,0.00,a,
215,5,-0.50,0.00,a,
216,5,0.00,0.00,i,
217,5,3.00,0.00,a,
218,5,-1.00,0.00,a,
219,5,0.00,0.00,u,
220,5,2.20,0.00,a,
221,5,0.80,0.00,a,
222,5,0.00,0.00,u,
223,5,0.50,0.00,a,
224,5,2.80,0.00,a,
225,5,2.50,0.00,a,
226,5,8.50,0.00,a,
227,5,0.00,0.00,i,
228,5,2.80,0.00,a,
229,5,0.20,50.00,d,
230,5,1.20,100.00,a,
231,5,0.00,0.00,u,
232,5,3.50,100.00,a,
233,5,0.50,0.00,a,
234,5,0.00,0.00,u,
235,5,2.40,75.00,d,
236,5,2.50,0.00,a,
237,5,6.20,0.00,a,
238,5,1.80,0.00,a,
239,5,1.20,0.00,a,
240,5,0.00,0.00,u,
241,5,7.20,0.00,a,
242,5,4.20,0.00,a,
243,5,1.50,0.00,a,
244,5,0.20,50.00,d,
245,5,0.00,0.00,s,
246,5,1.20,0.00,a,
247,5,0.00,0.00,i,
248,5,0.00,0.00,u,
249,5,6.50,0.00,a,
250,5,0.00,0.00,i,
251,5,0.00,0.00,u,
252,5,1.00,100.00,a,
253,5,3.00,0.00,a,
254,5,0.00,0.00,i,
255,5,-1.00,0.00,a,
256,5,4.70,0.00,a,
257,5,4.50,0.00,a,
258,5,4.20,0.00,a,
259,5,-1.00,0.00,a,
260,5,6.50,0.00,a,
261,5,4.00,0.00,a,
262,5,0.00,0.00,i,
263,5,-0.80,0.00,a,
264,5,0.00,0.00,u,
265,5,-0.20,25.00,d,
266,5,2.80,0.00,a,
267,5,2.10,75.00,d,
268,5,0.00,0.00,i,
269,5,-0.80,0.00,a,
270,5,1.00,100.00,a,
271,5,1.80,100.00,a,
272,5,0.20,0.00,a,
273,5,1.50,100.00,a,
274,5,-1.00,0.00,a,
275,5,-1.00,0.00,a,
276,5,0.20,0.00,a,
277,5,0.00,0.00,u,
278,5,-1.00,0.00,a,
279,5,0.00,0.00,u,
280,5,0.00,0.00,u,
281,5,-1.00,0.00,a,
282,5,-1.00,0.00,a,
283,5,2.80,0.00,a,
284,5,-0.80,100.00,a,
285,5,0.00,0.00,u,
286,5,-1.00,0.00,a,
287,5,5.80,0.00,a,
288,5,0.00,0.00,a,
289,5,0.00,0.00,a,
290,5,0.00,50.00,d,
291,5,5.50,0.00,a,
292,5,0.50,100.00,a,
293,5,3.50,0.00,a,
294,5,0.20,0.00,a,
295,5,4.50,0.00,a,
296,5,0.00,100.00,a,
297,5,0.00,0.00,a,
298,5,0.00,0.00,a,
299,5,6.50,100.00,a,
300,5,0.20,0.00,a,
301,5,0.80,0.00,a,
302,5,4.50,0.00,a,
303,5,5.80,0.00,a,
304,5,1.20,0.00,a,
305,5,0.00,0.00,u,
306,5,0.00,0.00,a,
307,5,0.00,0.00,a,
308,5,0.00,0.00,u,
309,5,0.00,0.00,u,
310,5,1.20,0.00,a,
311,5,2.50,0.00,a,
312,5,0.00,0.00,u,
313,5,0.00,0.00,a,
314,5,3.50,0.00,a,
315,5,0.00,0.00,u,
316,5,0.50,100.00,a,
317,5,5.20,0.00,a,
318,5,4.00,0.00,a,
319,5,0.50,0.00,a,
320,5,0.00,0.00,a,
321,5,0.20,0.00,a,
322,5,3.20,0.00,a,
323,5,0.00,0.00,a,
324,5,6.00,0.00,a,
325,5,2.20,0.00,a,
326,5,0.50,0.00,a,
327,5,0.00,0.00,u,
328,5,3.00,100.00,a,
329,5,3.00,100.00,a,
330,5,2.50,0.00,a,
331,5,0.50,0.00,a,
332,5,2.80,0.00,a,
333,5,0.00,0.00,u,
334,5,0.00,0.00,u,
335,5,1.50,0.00,a,
336,5,0.00,0.00,a,
337,5,1.00,0.00,a,
338,5,2.00,0.00,a,
339,5,-0.50,0.00,a,
340,5,-0.50,0.00,a,
341,5,1.00,0.00,a,
342,5,1.70,75.00,d,
343,5,2.50,0.00,a,
344,5,-0.50,100.00,a,
345,5,-0.50,100.00,a,
346,5,-0.30,0.00,a,
347,5,2.50,100.00,a,
348,5,3.30,100.00,a,
349,5,0.00,0.00,u,
350,5,1.70,0.00,a,
351,5,0.10,25.00,d,
352,5,0.30,0.00,a,
353,5,0.10,25.00,d,
354,5,1.50,100.00,a,
355,5,0.00,0.00,u,
356,5,1.00,0.00,a,
357,5,0.00,0.00,u,
358,5,0.00,100.00,a,
359,5,0.00,0.00,u,
360,5,0.00,0.00,u,
361,5,0.00,0.00,u,
362,5,-0.30,100.00,a,
363,5,0.00,0.00,u,
364,5,0.00,0.00,u,
365,5,0.70,100.00,a,
366,5,5.20,0.00,a,
367,5,1.00,0.00,a,
368,5,1.00,0.00,a,
369,5,1.00,0.00,a,
370,5,2.00,100.00,a,
371,5,3.80,0.00,a,
372,5,1.20,0.00,a,
373,5,6.80,0.00,a,
374,5,5.80,0.00,a,
375,5,1.50,100.00,a,
376,5,1.20,100.00,a,
377,5,1.00,0.00,a,
378,5,1.00,0.00,a,
379,5,1.00,0.00,a,
380,5,1.00,0.00,a,
381,5,6.50,0.00,a,
382,5,3.00,0.00,a,
383,5,0.00,0.00,u,
384,5,5.50,0.00,a,
385,5,1.80,0.00,a,
386,5,2.50,100.00,a,
387,5,5.80,0.00,a,
388,5,2.80,100.00,a,
389,5,0.80,0.00,a,
390,5,7.80,100.00,a,
391,5,0.50,0.00,a,
392,5,1.20,0.00,a,
393,5,0.00,0.00,i,
394,5,1.00,0.00,a,
395,5,0.00,0.00,u,
396,5,1.00,0.00,a,
397,5,0.00,0.00,u,
398,5,1.00,0.00,a,
399,5,0.00,0.00,u,
400,5,1.00,0.00,a,
401,5,1.00,100.00,a,
402,5,0.30,25.00,d,
403,5,3.50,100.00,a,
404,5,0.00,0.00,u,
405,5,1.80,0.00,a,
406,5,2.60,75.00,d,
407,5,1.80,0.00,a,
408,5,3.50,0.00,a,
409,5,1.80,100.00,a,
410,5,1.50,100.00,a,
411,5,4.20,100.00,a,
412,5,0.00,0.00,u,
413,5,0.80,25.00,d,
414,5,5.00,100.00,a,
415,5,1.50,100.00,a,
416,5,3.50,0.00,a,
417,5,0.00,0.00,i,
418,5,4.80,0.00,a,
419,5,6.00,0.00,a,
420,5,0.00,0.00,u,
421,5,3.50,100.00,a,
422,5,0.00,0.00,i,
423,5,1.80,0.00,a,
424,5,2.20,0.00,a,
425,5,0.00,0.00,u,
426,5,1.30,0.00,a,
427,5,5.00,0.00,a,
428,5,0.00,0.00,u,
429,5,1.00,0.00,a,
430,5,9.20,0.00,a,
431,5,1.80,0.00,a,
432,5,0.00,0.00,u,
433,5,0.00,0.00,u,
434,5,0.00,0.00,a,
435,5,0.00,0.00,a,
436,5,2.80,0.00,a,
437,5,0.00,0.00,i,
438,5,2.20,100.00,a,
439,5,0.00,0.00,a,
440,5,0.00,0.00,i,
441,5,2.00,0.00,a,
442,5,3.20,0.00,a,
443,5,1.50,0.00,a,
444,5,2.20,0.00,a,
445,5,0.00,0.00,u,
446,5,0.00,0.00,a,
447,5,0.20,0.00,a,
448,5,0.00,0.00,a,
449,5,6.00,0.00,a,
450,5,1.00,100.00,a,
451,5,0.00,0.00,u,
452,5,2.50,0.00,a,
453,5,0.70,0.00,a,
454,5,0.00,0.00,u,
455,5,1.20,100.00,a,
456,5,0.20,0.00,a,
457,5,0.00,0.00,s,
458,5,0.80,0.00,a,
459,5,1.50,0.00,a,
460,5,0.00,0.00,u,
461,5,0.00,0.00,a,
462,5,0.00,0.00,a,
463,5,0.00,0.00,a,
464,5,0.00,100.00,a,
465,5,0.00,0.00,u,
466,5,0.50,100.00,a,
467,5,0.00,0.00,a,
468,5,0.00,100.00,a,
469,5,5.80,0.00,a,
470,5,2.80,100.00,a,
471,5,0.00,0.00,a,
472,5,0.00,0.00,u,
473,5,2.20,0.00,a,
474,5,0.90,25.00,d,
475,5,4.20,0.00,a,
476,5,5.80,0.00,a,
477,5,5.50,0.00,a,
478,5,3.80,100.00,a,
479,5,0.00,0.00,a,
480,5,0.20,0.00,a,
481,5,0.00,0.00,a,
482,5,0.00,0.00,a,
483,5,0.00,0.00,a,
484,5,0.00,0.00,u,
485,5,-0.50,100.00,a,
486,5,1.20,0.00,a,
487,5,1.80,0.00,a,
488,5,2.80,0.00,a,
489,5,3.00,0.00,a,
490,5,1.20,100.00,a,
491,5,2.80,100.00,a,
492,5,0.00,100.00,a,
493,5,2.00,0.00,a,
494,5,1.00,100.00,a,
495,5,0.00,0.00,u,
496,5,0.00,0.00,a,
497,5,1.20,0.00,a,
498,5,0.00,0.00,u,
499,5,1.20,100.00,a,
500,5,2.20,0.00,a,
501,5,0.00,0.00,a,
502,5,2.50,0.00,a,
503,5,0.00,0.00,u,
504,5,0.00,0.00,u,
505,5,2.00,0.00,a,
506,5,1.30,75.00,d,
507,5,0.00,0.00,i,
508,5,3.70,0.00,a,
509,5,0.00,0.00,u,
510,5,0.50,0.00,a,
511,5,1.00,0.00,a,
512,5,0.00,0.00,u,
513,5,0.50,0.00,a,
514,5,0.50,0.00,a,
515,5,2.50,0.00,a,
516,5,4.00,0.00,a,
517,5,3.50,0.00,a,
518,5,0.00,0.00,u,
519,5,0.00,0.00,i,
520,5,0.00,0.00,u,
521,5,2.70,0.00,a,
522,5,1.00,0.00,a,
523,5,0.00,0.00,u,
524,5,0.00,0.00,u,
525,5,2.30,0.00,a,
526,5,1.30,0.00,a,
527,5,0.50,0.00,a,
528,5,-0.50,0.00,a,
529,5,-0.50,0.00,a,
530,5,-0.50,0.00,a,
531,5,0.00,100.00,a,
532,5,2.70,0.00,a,
533,5,-0.20,50.00,d,
534,5,-0.50,0.00,a,
535,5,0.00,0.00,i,
536,5,0.00,0.00,i,
537,5,0.00,0.00,u,
538,5,-0.50,0.00,a,
539,5,0.00,0.00,i,
540,5,-0.50,0.00,a,
541,5,0.00,0.00,s,
542,5,0.00,0.00,u,
543,5,0.70,0.00,a,
544,5,0.90,50.00,d,
545,5,0.00,0.00,u,
546,5,0.00,0.00,u,
547,5,3.00,100.00,a,
548,5,0.00,0.00,i,
549,5,-0.30,0.00,a,
550,5,-0.50,0.00,a,
551,5,0.00,0.00,a,
552,5,1.50,0.00,a,
553,5,2.00,0.00,a,
554,5,-0.50,0.00,a,
555,5,0.00,0.00,u,
556,5,0.00,0.00,u,
557,5,-0.50,0.00,a,
558,5,-0.50,0.00,a,
559,5,-0.50,0.00,a,
560,5,4.50,0.00,a,
561,5,0.70,0.00,a,
562,5,-0.50,0.00,a,
563,5,-0.50,0.00,a,
564,5,0.00,0.00,u,
565,5,5.20,0.00,a,
566,5,0.00,0.00,a,
567,5,0.00,0.00,a,
568,5,4.00,0.00,a,
569,5,5.80,0.00,a,
570,5,0.50,0.00,a,
571,5,0.00,0.00,a,
572,5,0.00,0.00,i,
573,5,3.20,0.00,a,
574,5,0.80,100.00,a,
575,5,5.50,0.00,a,
576,5,0.00,0.00,u,
577,5,0.00,50.00,d,
578,5,0.00,0.00,u,
579,5,0.00,0.00,u,
580,5,3.00,0.00,a,
581,5,0.00,0.00,i,
582,5,3.80,0.00,a,
583,5,0.00,0.00,i,
584,5,1.00,0.00,a,
585,5,1.80,0.00,a,
586,5,4.20,0.00,a,
587,5,0.00,0.00,i,
588,5,1.20,0.00,a,
589,5,0.00,0.00,u,
590,5,0.00,0.00,a,
591,5,0.20,0.00,a,
592,5,0.00,0.00,u,
593,5,3.20,0.00,a,
594,5,0.00,0.00,u,
595,5,0.00,0.00,a,
596,5,0.10,50.00,d,
597,5,4.00,0.00,a,
598,5,0.00,0.00,u,
599,5,0.00,0.00,a,
600,5,0.30,0.00,a,
601,5,0.00,0.00,u,
602,5,0.00,0.00,a,
603,5,4.70,0.00,a,
604,5,0.00,0.00,u,
605,5,3.00,0.00,a,
606,5,4.00,0.00,a,
607,5,0.00,0.00,u,
608,5,0.00,0.00,a,
609,5,0.00,0.00,a,
610,5,0.00,50.00,d,
611,5,0.00,0.00,u,
612,5,4.30,0.00,a,
613,5,0.00,0.00,s,
614,5,2.30,0.00,a,
615,5,3.70,100.00,a,
616,5,0.00,0.00,u,
617,5,0.00,0.00,u,
618,5,0.00,0.00,a,
619,5,0.70,100.00,a,
620,5,0.00,100.00,a,
621,5,0.70,0.00,a,
622,5,0.00,0.00,u,
623,5,0.00,0.00,a,
624,5,6.70,0.00,a,
625,5,1.00,100.00,a,
626,5,0.00,0.00,a,
627,5,0.80,0.00,a,
628,5,1.20,0.00,a,
629,5,0.00,0.00,a,
630,5,0.00,0.00,a,
631,5,3.00,0.00,a,
632,5,0.20,0.00,a,
633,5,1.50,100.00,a,
634,5,0.80,0.00,a,
635,5,2.20,0.00,a,
636,5,1.00,0.00,a,
637,5,1.00,0.00,a,
638,5,0.20,100.00,a,
639,5,0.00,0.00,u,
640,5,0.00,0.00,u,
641,5,0.00,0.00,a,
642,5,2.50,0.00,a,
643,5,1.20,0.00,a,
644,5,1.00,0.00,a,
645,5,1.20,0.00,a,
646,5,2.50,0.00,a,
647,5,0.00,0.00,u,
648,5,2.00,0.00,a,
649,5,0.00,0.00,u,
650,5,0.00,0.00,a,
651,5,0.00,0.00,a,
652,5,0.00,0.00,a,
653,5,0.00,0.00,u,
654,5,0.80,100.00,a,
655,5,0.00,0.00,u,
656,5,0.00,0.00,u,
657,5,0.00,0.00,i,
658,5,0.00,0.00,a,
659,5,2.70,0.00,a,
660,5,4.70,0.00,a,
661,5,6.20,0.00,a,
662,5,2.80,0.00,a,
663,5,1.20,0.00,a,
664,5,0.00,0.00,a,
665,5,0.50,50.00,d,
666,5,5.20,0.00,a,
667,5,0.00,100.00,a,
668,5,3.70,0.00,a,
669,5,3.50,0.00,a,
670,5,4.70,0.00,a,
671,5,3.00,0.00,a,
672,5,0.50,0.00,a,
673,5,4.80,0.00,a,
674,5,0.00,0.00,a,
675,5,0.50,0.00,a,
676,5,0.00,100.00,a,
677,5,1.50,0.00,a,
678,5,-0.30,100.00,a,
679,5,2.70,0.00,a,
680,5,-0.80,100.00,a,
681,5,1.20,0.00,a,
682,5,1.20,0.00,a,
683,5,4.00,0.00,a,
684,5,2.00,0.00,a,
685,5,5.70,100.00,a,
686,5,2.80,0.00,a,
687,5,0.50,0.00,a,
688,5,0.00,0.00,a,
689,5,0.00,0.00,a,
690,5,-1.00,0.00,a,
691,5,3.00,100.00,a,
692,5,1.00,0.00,a,
693,5,1.00,0.00,a,
694,5,4.00,0.00,a,
695,5,1.00,0.00,a,
696,5,1.50,0.00,a,
697,5,1.50,0.00,a,
698,5,2.30,100.00,a,
699,5,1.70,0.00,a,
700,5,1.20,0.00,a,
701,5,0.00,0.00,a,
702,5,0.20,0.00,a,
703,5,0.00,0.00,a,
704,5,0.00,0.00,u,
705,5,0.00,0.00,a,
706,5,0.20,0.00,a,
707,5,0.30,0.00,a,
708,5,2.30,0.00,a,
709,5,2.70,0.00,a,
710,5,0.00,0.00,a,
711,5,0.00,0.00,a,
712,5,0.50,75.00,d,
713,5,0.50,0.00,a,
714,5,5.50,0.00,a,
715,5,0.50,0.00,a,
716,5,0.50,0.00,a,
717,5,3.50,0.00,a,
718,5,1.00,0.00,a,
719,5,0.50,100.00,a,
720,5,2.00,0.00,a,
721,5,2.50,0.00,a,
722,5,1.00,0.00,a,
723,5,-1.00,0.00,a,
724,5,0.50,0.00,a,
725,5,0.00,0.00,a,
726,5,0.00,0.00,a,
727,5,0.00,0.00,a,
728,5,0.40,75.00,d,
729,5,0.00,0.00,u,
730,5,0.00,0.00,a,
731,5,0.50,0.00,a,
732,5,-0.50,0.00,a,
733,5,0.00,0.00,a,
734,5,1.50,0.00,a,
735,5,-0.50,0.00,a,
736,5,4.50,0.00,a,
737,5,0.00,0.00,a,
738,5,0.00,0.00,a,
739,5,1.00,0.00,a,
740,5,1.00,0.00,a,
741,5,0.60,0.00,a,
742,5,0.50,0.00,a,
743,5,0.00,0.00,a,
744,5,0.30,0.00,a,
745,5,-1.00,0.00,a,
746,5,0.50,0.00,a,
747,5,0.00,0.00,a,
748,5,1.70,0.00,a,
749,5,1.20,0.00,a,
750,5,0.30,0.00,a,
751,5,0.20,0.00,a,
752,5,1.30,0.00,a,
1,6,3.80,0.00,a,
2,6,0.50,0.00,a,
3,6,0.00,0.00,u,
4,6,0.50,0.00,a,
5,6,8.50,0.00,a,
6,6,1.50,100.00,a,
7,6,3.20,0.00,a,
8,6,4.20,0.00,a,
9,6,0.00,0.00,u,
10,6,1.20,0.00,a,
11,6,0.50,100.00,a,
12,6,0.20,25.00,d,
13,6,0.50,0.00,a,
14,6,0.00,0.00,u,
15,6,0.50,0.00,a,
16,6,1.50,100.00,a,
17,6,2.20,100.00,a,
18,6,0.00,0.00,i,
19,6,3.50,0.00,a,
20,6,3.20,100.00,a,
21,6,4.80,0.00,a,
22,6,3.80,0.00,a,
23,6,0.00,0.00,u,
24,6,0.50,100.00,a,
25,6,1.80,0.00,a,
26,6,7.20,0.00,a,
27,6,-0.50,100.00,a,
28,6,0.00,0.00,u,
29,6,0.00,0.00,u,
30,6,0.00,0.00,i,
31,6,0.00,0.00,i,
32,6,4.50,100.00,a,
33,6,0.50,0.00,a,
34,6,0.00,0.00,u,
35,6,0.00,0.00,u,
36,6,6.20,0.00,a,
37,6,4.20,0.00,a,
38,6,3.80,100.00,a,
39,6,0.50,0.00,a,
40,6,1.30,25.00,d,
41,6,0.80,0.00,a,
42,6,0.50,100.00,a,
43,6,0.00,0.00,u,
44,6,4.50,0.00,a,
45,6,0.50,0.00,a,
46,6,0.00,0.00,u,
47,6,3.80,100.00,a,
48,6,0.00,0.00,i,
49,6,0.00,0.00,u,
50,6,5.50,0.00,a,
51,6,0.00,0.00,u,
52,6,0.00,0.00,i,
53,6,1.50,0.00,a,
54,6,4.20,0.00,a,
55,6,0.00,0.00,i,
56,6,0.00,0.00,u,
57,6,0.00,0.00,u,
58,6,2.80,100.00,a,
59,6,0.00,0.00,i,
60,6,0.50,0.00,a,
61,6,0.00,0.00,u,
62,6,0.50,0.00,a,
63,6,0.50,0.00,a,
64,6,4.50,0.00,a,
65,6,0.00,0.00,u,
66,6,0.00,0.00,u,
67,6,3.70,0.00,a,
68,6,0.00,0.00,a,
69,6,0.00,0.00,a,
70,6,0.00,0.00,u,
71,6,0.00,0.00,u,
72,6,6.30,0.00,a,
73,6,0.00,0.00,i,
74,6,4.70,0.00,a,
75,6,0.00,0.00,a,
76,6,0.00,0.00,a,
77,6,1.00,0.00,a,
78,6,0.00,100.00,a,
79,6,0.00,0.00,u,
80,6,0.30,0.00,a,
81,6,1.00,100.00,a,
82,6,8.30,0.00,a,
83,6,0.80,100.00,a,
84,6,2.00,0.00,a,
85,6,2.00,0.00,a,
86,6,1.70,0.00,a,
87,6,1.70,100.00,a,
88,6,0.20,75.00,d,
89,6,0.00,0.00,u,
90,6,4.30,0.00,a,
91,6,0.00,0.00,u,
92,6,0.00,0.00,u,
93,6,0.00,0.00,u,
94,6,0.00,0.00,u,
95,6,0.00,0.00,u,
96,6,0.00,0.00,u,
97,6,3.00,0.00,a,
98,6,0.00,0.00,i,
99,6,0.00,0.00,u,
100,6,2.00,0.00,a,
101,6,3.20,100.00,a,
102,6,-0.50,0.00,a,
103,6,-0.50,0.00,a,
104,6,-0.50,0.00,a,
105,6,-0.50,0.00,a,
106,6,0.80,0.00,a,
107,6,0.50,0.00,a,
108,6,1.20,0.00,a,
109,6,0.50,0.00,a,
110,6,1.20,0.00,a,
111,6,-0.50,100.00,a,
112,6,0.00,0.00,u,
113,6,0.80,0.00,a,
114,6,-0.50,0.00,a,
115,6,0.00,0.00,u,
116,6,0.50,0.00,a,
117,6,0.00,0.00,u,
118,6,0.00,0.00,u,
119,6,2.80,0.00,a,
120,6,3.80,100.00,a,
121,6,2.80,0.00,a,
122,6,-0.50,0.00,a,
123,6,2.20,0.00,a,
124,6,4.20,0.00,a,
125,6,0.20,100.00,a,
126,6,2.20,0.00,a,
127,6,-0.20,50.00,d,
128,6,-0.20,0.00,a,
129,6,3.50,0.00,a,
130,6,-0.50,0.00,a,
131,6,-0.50,0.00,a,
132,6,0.00,0.00,i,
133,6,-0.50,0.00,a,
134,6,0.00,0.00,u,
135,6,0.00,0.00,i,
136,6,4.80,0.00,a,
137,6,-0.50,0.00,a,
138,6,0.00,0.00,a,
139,6,1.70,0.00,a,
140,6,0.00,0.00,a,
141,6,0.00,0.00,u,
142,6,0.00,0.00,u,
143,6,0.00,0.00,a,
144,6,0.30,0.00,a,
145,6,3.00,100.00,a,
146,6,2.00,0.00,a,
147,6,0.00,0.00,u,
148,6,2.30,0.00,a,
149,6,-0.20,100.00,a,
150,6,0.00,0.00,u,
151,6,2.30,0.00,a,
152,6,0.00,0.00,i,
153,6,0.00,0.00,i,
154,6,0.00,0.00,u,
155,6,0.00,0.00,u,
156,6,0.00,0.00,a,
157,6,2.80,75.00,d,
158,6,2.70,100.00,a,
159,6,0.00,0.00,i,
160,6,6.70,0.00,a,
161,6,0.00,0.00,u,
162,6,2.30,0.00,a,
163,6,0.00,0.00,i,
164,6,0.00,0.00,u,
165,6,0.00,0.00,u,
166,6,4.00,0.00,a,
167,6,1.00,0.00,a,
168,6,-0.20,100.00,a,
169,6,0.70,0.00,a,
170,6,0.70,0.00,a,
171,6,0.00,0.00,u,
172,6,0.00,100.00,a,
173,6,1.30,100.00,a,
174,6,0.00,0.00,u,
175,6,0.00,0.00,a,
176,6,0.00,0.00,u,
177,6,0.00,0.00,u,
178,6,4.70,0.00,a,
179,6,0.00,0.00,u,
180,6,0.70,0.00,a,
181,6,0.00,0.00,a,
182,6,0.50,0.00,a,
183,6,-0.50,0.00,a,
184,6,0.00,0.00,u,
185,6,-0.50,0.00,a,
186,6,0.00,0.00,i,
187,6,0.50,0.00,a,
188,6,-0.50,0.00,a,
189,6,0.00,0.00,u,
190,6,1.50,0.00,a,
191,6,1.50,0.00,a,
192,6,2.50,0.00,a,
193,6,-0.50,100.00,a,
194,6,-0.10,25.00,d,
195,6,-0.50,0.00,a,
196,6,0.00,0.00,u,
197,6,-0.50,0.00,a,
198,6,-0.50,100.00,a,
199,6,-0.20,0.00,a,
200,6,5.80,0.00,a,
201,6,0.00,0.00,u,
202,6,-0.20,100.00,a,
203,6,-0.50,0.00,a,
204,6,0.00,0.00,u,
205,6,3.20,0.00,a,
206,6,-0.50,0.00,a,
207,6,0.50,0.00,a,
208,6,0.00,0.00,u,
209,6,1.50,0.00,a,
210,6,1.80,0.00,a,
211,6,0.00,0.00,u,
212,6,0.00,0.00,u,
213,6,-0.50,0.00,a,
214,6,-0.50,0.00,a,
215,6,-0.20,0.00,a,
216,6,0.00,0.00,i,
217,6,2.80,0.00,a,
218,6,-0.50,0.00,a,
219,6,0.00,0.00,u,
220,6,-0.50,0.00,a,
221,6,-0.20,0.00,a,
222,6,0.00,0.00,u,
223,6,-0.50,0.00,a,
224,6,-0.20,0.00,a,
225,6,2.20,0.00,a,
226,6,0.00,0.00,s,
227,6,0.00,0.00,i,
228,6,-0.20,0.00,a,
229,6,-0.80,100.00,a,
230,6,0.00,0.00,i,
231,6,0.00,0.00,u,
232,6,0.00,0.00,i,
233,6,-0.50,100.00,a,
234,6,0.00,0.00,u,
235,6,0.00,0.00,i,
236,6,1.20,0.00,a,
237,6,4.20,0.00,a,
238,6,0.80,0.00,a,
239,6,-0.20,0.00,a,
240,6,0.00,0.00,u,
241,6,5.50,0.00,a,
242,6,0.00,0.00,s,
243,6,-0.50,0.00,a,
244,6,-0.20,100.00,a,
245,6,0.00,0.00,s,
246,6,0.00,0.00,i,
247,6,0.00,0.00,i,
248,6,0.00,0.00,u,
249,6,3.20,0.00,a,
250,6,0.00,0.00,i,
251,6,0.00,0.00,u,
252,6,-0.50,100.00,a,
253,6,3.30,0.00,a,
254,6,0.00,100.00,a,
255,6,0.00,0.00,a,
256,6,4.70,0.00,a,
257,6,4.00,0.00,a,
258,6,6.00,0.00,a,
259,6,0.00,0.00,a,
260,6,6.70,0.00,a,
261,6,4.70,0.00,a,
262,6,0.00,0.00,i,
263,6,0.00,0.00,a,
264,6,0.00,0.00,u,
265,6,0.00,0.00,i,
266,6,4.50,0.00,a,
267,6,3.70,100.00,a,
268,6,0.00,0.00,i,
269,6,0.00,0.00,a,
270,6,2.00,100.00,a,
271,6,3.30,100.00,a,
272,6,1.30,0.00,a,
273,6,3.30,100.00,a,
274,6,0.00,0.00,a,
275,6,0.00,0.00,a,
276,6,1.00,0.00,a,
277,6,0.00,0.00,u,
278,6,0.00,0.00,u,
279,6,0.00,0.00,u,
280,6,0.00,0.00,u,
281,6,0.00,0.00,a,
282,6,0.00,0.00,u,
283,6,3.30,0.00,a,
284,6,1.70,100.00,a,
285,6,0.00,0.00,u,
286,6,0.00,0.00,a,
287,6,3.00,0.00,a,
288,6,0.00,0.00,a,
289,6,0.00,0.00,a,
290,6,0.00,0.00,i,
291,6,4.00,0.00,a,
292,6,0.70,100.00,a,
293,6,3.00,0.00,a,
294,6,0.00,0.00,a,
295,6,6.00,0.00,a,
296,6,0.00,100.00,a,
297,6,0.00,0.00,a,
298,6,0.00,0.00,a,
299,6,4.30,100.00,a,
300,6,0.00,0.00,a,
301,6,0.30,0.00,a,
302,6,5.00,0.00,a,
303,6,5.30,0.00,a,
304,6,0.70,0.00,a,
305,6,0.00,0.00,u,
306,6,0.00,0.00,a,
307,6,0.00,0.00,a,
308,6,0.00,0.00,u,
309,6,0.00,0.00,u,
310,6,1.00,0.00,a,
311,6,1.70,0.00,a,
312,6,0.00,0.00,u,
313,6,0.00,0.00,u,
314,6,3.30,0.00,a,
315,6,0.00,0.00,u,
316,6,0.30,100.00,a,
317,6,5.70,0.00,a,
318,6,4.30,0.00,a,
319,6,1.00,0.00,a,
320,6,0.00,0.00,a,
321,6,0.30,0.00,a,
322,6,0.00,0.00,i,
323,6,0.00,0.00,a,
324,6,6.00,0.00,a,
325,6,1.00,0.00,a,
326,6,1.00,0.00,a,
327,6,0.00,0.00,u,
328,6,3.30,100.00,a,
329,6,3.70,100.00,a,
330,6,2.70,0.00,a,
331,6,0.70,0.00,a,
332,6,3.70,0.00,a,
333,6,0.00,0.00,u,
334,6,0.00,0.00,u,
335,6,1.00,0.00,a,
336,6,0.00,0.00,a,
337,6,2.00,75.00,d,
338,6,0.00,0.00,i,
339,6,-0.50,0.00,a,
340,6,-0.50,0.00,a,
341,6,2.20,0.00,a,
342,6,2.50,100.00,a,
343,6,2.50,0.00,a,
344,6,-0.50,100.00,a,
345,6,-0.50,100.00,a,
346,6,-0.50,0.00,a,
347,6,1.20,100.00,a,
348,6,3.80,100.00,a,
349,6,0.00,0.00,u,
350,6,3.20,0.00,a,
351,6,0.00,0.00,i,
352,6,0.50,0.00,a,
353,6,0.00,0.00,i,
354,6,2.50,100.00,a,
355,6,0.00,0.00,u,
356,6,-0.20,0.00,a,
357,6,0.00,0.00,u,
358,6,0.20,100.00,a,
359,6,0.00,0.00,u,
360,6,0.00,0.00,u,
361,6,0.00,0.00,u,
362,6,-0.50,100.00,a,
363,6,0.00,0.00,u,
364,6,0.00,0.00,u,
365,6,0.50,100.00,a,
366,6,0.90,25.00,d,
367,6,0.50,0.00,a,
368,6,0.50,0.00,a,
369,6,0.50,0.00,a,
370,6,2.20,100.00,a,
371,6,2.20,0.00,a,
372,6,0.80,0.00,a,
373,6,5.20,0.00,a,
374,6,5.80,0.00,a,
375,6,1.50,100.00,a,
376,6,0.50,100.00,a,
377,6,0.00,0.00,u,
378,6,0.50,0.00,a,
379,6,0.50,0.00,a,
380,6,0.50,0.00,a,
381,6,5.80,0.00,a,
382,6,2.20,0.00,a,
383,6,0.00,0.00,u,
384,6,2.50,0.00,a,
385,6,2.50,0.00,a,
386,6,2.20,100.00,a,
387,6,3.50,0.00,a,
388,6,1.20,100.00,a,
389,6,1.50,0.00,a,
390,6,9.20,100.00,a,
391,6,0.30,0.00,a,
392,6,0.50,0.00,a,
393,6,0.00,0.00,i,
394,6,0.00,0.00,u,
395,6,0.00,0.00,u,
396,6,0.50,0.00,a,
397,6,0.00,0.00,u,
398,6,0.50,0.00,a,
399,6,0.00,0.00,u,
400,6,0.50,0.00,a,
401,6,0.50,100.00,a,
402,6,0.00,0.00,i,
403,6,4.50,100.00,a,
404,6,0.00,0.00,u,
405,6,1.50,0.00,a,
406,6,0.00,0.00,i,
407,6,4.80,0.00,a,
408,6,3.80,0.00,a,
409,6,0.80,100.00,a,
410,6,0.80,100.00,a,
411,6,5.20,100.00,a,
412,6,0.00,0.00,u,
413,6,0.00,0.00,i,
414,6,5.80,100.00,a,
415,6,1.80,100.00,a,
416,6,3.20,0.00,a,
417,6,0.00,0.00,i,
418,6,8.20,0.00,a,
419,6,1.70,0.00,a,
420,6,0.00,0.00,u,
421,6,2.80,100.00,a,
422,6,0.50,100.00,a,
423,6,1.80,0.00,a,
424,6,1.20,0.00,a,
425,6,0.00,0.00,u,
426,6,0.20,0.00,a,
427,6,5.20,0.00,a,
428,6,0.00,0.00,u,
429,6,0.50,0.00,a,
430,6,13.20,100.00,a,
431,6,2.50,0.00,a,
432,6,0.00,0.00,u,
433,6,0.00,0.00,u,
434,6,0.50,0.00,a,
435,6,0.50,0.00,a,
436,6,2.50,0.00,a,
437,6,0.00,0.00,i,
438,6,0.00,0.00,i,
439,6,0.50,0.00,a,
440,6,0.80,100.00,a,
441,6,2.50,0.00,a,
442,6,4.80,0.00,a,
443,6,1.80,0.00,a,
444,6,1.50,0.00,a,
445,6,0.00,0.00,u,
446,6,0.50,0.00,a,
447,6,0.50,0.00,a,
448,6,0.50,0.00,a,
449,6,4.20,0.00,a,
450,6,1.50,100.00,a,
451,6,0.00,0.00,u,
452,6,1.40,75.00,d,
453,6,-0.20,0.00,a,
454,6,0.00,0.00,u,
455,6,1.20,100.00,a,
456,6,0.60,75.00,d,
457,6,1.80,100.00,a,
458,6,1.50,0.00,a,
459,6,2.80,0.00,a,
460,6,0.00,0.00,u,
461,6,0.50,0.00,a,
462,6,0.50,0.00,a,
463,6,0.50,0.00,a,
464,6,0.00,0.00,u,
465,6,0.00,0.00,u,
466,6,1.20,100.00,a,
467,6,0.50,0.00,a,
468,6,0.00,0.00,u,
469,6,5.80,0.00,a,
470,6,2.20,100.00,a,
471,6,0.50,0.00,a,
472,6,0.00,0.00,u,
473,6,2.80,0.00,a,
474,6,3.20,100.00,a,
475,6,4.50,0.00,a,
476,6,5.50,0.00,a,
477,6,0.00,0.00,i,
478,6,3.20,100.00,a,
479,6,0.50,0.00,a,
480,6,0.80,0.00,a,
481,6,0.50,0.00,a,
482,6,0.50,0.00,a,
483,6,0.50,0.00,a,
484,6,0.00,0.00,u,
485,6,1.50,100.00,a,
486,6,1.50,0.00,a,
487,6,2.20,0.00,a,
488,6,1.80,0.00,a,
489,6,4.50,0.00,a,
490,6,2.50,100.00,a,
491,6,4.50,100.00,a,
492,6,0.00,0.00,u,
493,6,5.80,0.00,a,
494,6,1.80,100.00,a,
495,6,0.00,0.00,u,
496,6,0.00,0.00,u,
497,6,1.50,0.00,a,
498,6,0.00,0.00,u,
499,6,1.50,100.00,a,
500,6,1.50,0.00,a,
501,6,0.50,0.00,a,
502,6,1.50,0.00,a,
503,6,0.00,0.00,u,
504,6,0.00,0.00,u,
505,6,0.80,0.00,a,
506,6,0.50,100.00,a,
507,6,0.00,0.00,i,
508,6,3.20,0.00,a,
509,6,0.00,0.00,u,
510,6,-0.50,0.00,a,
511,6,0.80,0.00,a,
512,6,0.00,0.00,u,
513,6,-0.50,0.00,a,
514,6,-0.50,0.00,a,
515,6,1.20,0.00,a,
516,6,0.50,0.00,a,
517,6,3.20,0.00,a,
518,6,0.00,0.00,u,
519,6,-0.50,100.00,a,
520,6,0.00,0.00,u,
521,6,0.50,0.00,a,
522,6,-0.20,0.00,a,
523,6,0.00,0.00,u,
524,6,0.00,0.00,u,
525,6,1.20,0.00,a,
526,6,0.20,0.00,a,
527,6,-0.50,0.00,a,
528,6,-0.50,0.00,a,
529,6,-0.50,0.00,a,
530,6,-0.50,0.00,a,
531,6,0.20,100.00,a,
532,6,4.80,0.00,a,
533,6,-0.10,25.00,d,
534,6,-0.50,0.00,a,
535,6,0.00,0.00,i,
536,6,0.00,0.00,i,
537,6,0.00,0.00,u,
538,6,-0.50,0.00,a,
539,6,-0.50,100.00,a,
540,6,-0.50,0.00,a,
541,6,0.00,0.00,s,
542,6,0.00,0.00,u,
543,6,0.80,0.00,a,
544,6,0.00,0.00,i,
545,6,0.00,0.00,u,
546,6,0.00,0.00,u,
547,6,1.20,100.00,a,
548,6,0.00,0.00,i,
549,6,-0.20,0.00,a,
550,6,-0.50,0.00,a,
551,6,0.50,0.00,a,
552,6,1.50,0.00,a,
553,6,2.20,0.00,a,
554,6,-0.50,0.00,a,
555,6,0.00,0.00,u,
556,6,0.00,0.00,u,
557,6,-0.50,0.00,a,
558,6,-0.50,0.00,a,
559,6,0.00,0.00,u,
560,6,3.80,0.00,a,
561,6,-0.20,0.00,a,
562,6,-0.50,0.00,a,
563,6,0.00,0.00,u,
564,6,0.00,0.00,u,
565,6,4.20,0.00,a,
566,6,0.50,0.00,a,
567,6,0.50,0.00,a,
568,6,3.20,0.00,a,
569,6,5.80,0.00,a,
570,6,0.80,0.00,a,
571,6,0.50,100.00,a,
572,6,0.00,0.00,i,
573,6,3.20,0.00,a,
574,6,1.80,100.00,a,
575,6,6.20,0.00,a,
576,6,0.00,0.00,u,
577,6,0.20,50.00,d,
578,6,0.00,0.00,u,
579,6,0.00,0.00,u,
580,6,1.50,0.00,a,
581,6,0.00,0.00,i,
582,6,4.50,0.00,a,
583,6,0.00,0.00,i,
584,6,1.80,0.00,a,
585,6,1.80,0.00,a,
586,6,5.80,0.00,a,
587,6,0.00,0.00,i,
588,6,1.80,0.00,a,
589,6,0.00,0.00,u,
590,6,0.00,0.00,u,
591,6,0.80,0.00,a,
592,6,0.00,0.00,u,
593,6,4.50,100.00,a,
594,6,0.00,0.00,u,
595,6,0.50,0.00,a,
596,6,0.00,0.00,i,
597,6,4.50,0.00,a,
598,6,0.00,0.00,u,
599,6,0.50,0.00,a,
600,6,0.80,0.00,a,
601,6,0.00,0.00,u,
602,6,-0.50,0.00,a,
603,6,2.50,0.00,a,
604,6,0.00,0.00,u,
605,6,1.50,0.00,a,
606,6,1.80,0.00,a,
607,6,0.00,0.00,u,
608,6,-0.50,0.00,a,
609,6,-0.50,0.00,a,
610,6,-0.50,100.00,a,
611,6,0.00,0.00,u,
612,6,1.80,0.00,a,
613,6,0.00,0.00,s,
614,6,0.80,0.00,a,
615,6,1.50,100.00,a,
616,6,0.00,0.00,u,
617,6,0.00,0.00,u,
618,6,-0.50,0.00,a,
619,6,0.50,100.00,a,
620,6,0.00,0.00,i,
621,6,0.20,0.00,a,
622,6,0.00,0.00,u,
623,6,-0.20,0.00,a,
624,6,6.20,0.00,a,
625,6,0.50,100.00,a,
626,6,-0.50,0.00,a,
627,6,1.70,0.00,a,
628,6,0.30,0.00,a,
629,6,0.00,0.00,a,
630,6,0.00,0.00,a,
631,6,2.70,0.00,a,
632,6,0.00,0.00,a,
633,6,2.30,100.00,a,
634,6,1.00,0.00,a,
635,6,0.70,0.00,a,
636,6,4.00,0.00,a,
637,6,1.30,0.00,a,
638,6,0.00,100.00,a,
639,6,0.00,0.00,u,
640,6,0.00,0.00,u,
641,6,0.00,0.00,a,
642,6,1.00,0.00,a,
643,6,2.30,100.00,a,
644,6,1.00,0.00,a,
645,6,1.30,0.00,a,
646,6,3.00,0.00,a,
647,6,0.00,0.00,u,
648,6,1.70,0.00,a,
649,6,0.00,0.00,u,
650,6,0.00,0.00,a,
651,6,0.00,0.00,a,
652,6,0.00,0.00,a,
653,6,0.00,0.00,u,
654,6,1.00,100.00,a,
655,6,0.00,0.00,u,
656,6,0.00,0.00,u,
657,6,0.00,0.00,i,
658,6,0.00,0.00,a,
659,6,0.50,0.00,a,
660,6,5.50,0.00,a,
661,6,2.80,75.00,d,
662,6,3.50,0.00,a,
663,6,2.30,0.00,a,
664,6,0.00,0.00,a,
665,6,0.00,0.00,i,
666,6,3.80,0.00,a,
667,6,0.00,100.00,a,
668,6,5.50,0.00,a,
669,6,1.20,0.00,a,
670,6,6.80,0.00,a,
671,6,0.20,0.00,a,
672,6,0.20,0.00,a,
673,6,5.80,0.00,a,
674,6,0.50,0.00,a,
675,6,-0.50,0.00,a,
676,6,-0.50,100.00,a,
677,6,2.50,0.00,a,
678,6,-0.20,100.00,a,
679,6,-0.20,0.00,a,
680,6,0.20,100.00,a,
681,6,4.20,0.00,a,
682,6,0.00,0.00,a,
683,6,9.50,0.00,a,
684,6,3.80,0.00,a,
685,6,2.70,100.00,a,
686,6,1.20,0.00,a,
687,6,0.00,0.00,a,
688,6,0.50,0.00,a,
689,6,0.50,0.00,a,
690,6,0.00,0.00,a,
691,6,4.50,100.00,a,
692,6,0.00,0.00,i,
693,6,-0.20,0.00,a,
694,6,6.20,0.00,a,
695,6,1.00,0.00,a,
696,6,0.50,0.00,a,
697,6,1.00,0.00,a,
698,6,3.50,100.00,a,
699,6,0.00,0.00,i,
700,6,0.50,0.00,a,
701,6,0.00,0.00,u,
702,6,0.50,0.00,a,
703,6,0.50,0.00,a,
704,6,0.00,0.00,u,
705,6,0.00,0.00,a,
706,6,-0.20,0.00,a,
707,6,0.70,0.00,a,
708,6,1.50,0.00,a,
709,6,3.30,0.00,a,
710,6,0.50,0.00,a,
711,6,0.50,0.00,a,
712,6,2.30,100.00,a,
713,6,0.00,0.00,a,
714,6,6.50,0.00,a,
715,6,-0.50,0.00,a,
716,6,-0.50,0.00,a,
717,6,3.20,0.00,a,
718,6,0.20,0.00,a,
719,6,1.20,100.00,a,
720,6,1.70,0.00,a,
721,6,1.30,0.00,a,
722,6,2.20,0.00,a,
723,6,0.00,0.00,a,
724,6,0.50,0.00,a,
725,6,0.10,25.00,d,
726,6,0.00,0.00,i,
727,6,0.30,0.00,a,
728,6,0.00,0.00,i,
729,6,0.00,0.00,u,
730,6,0.20,0.00,a,
731,6,0.70,100.00,a,
732,6,0.30,0.00,a,
733,6,0.50,0.00,a,
734,6,0.80,0.00,a,
735,6,-0.20,0.00,a,
736,6,3.50,0.00,a,
737,6,0.00,0.00,a,
738,6,-0.50,0.00,a,
739,6,0.50,0.00,a,
740,6,0.50,0.00,a,
741,6,-0.20,50.00,d,
742,6,1.60,0.00,a,
743,6,0.00,0.00,a,
744,6,0.30,0.00,a,
745,6,-1.00,0.00,a,
746,6,0.50,0.00,a,
747,6,0.00,0.00,a,
748,6,1.70,0.00,a,
749,6,1.20,0.00,a,
750,6,0.30,0.00,a,
751,6,0.20,0.00,a,
752,6,1.30,0.00,a,
1,7,4.50,0.00,a,
2,7,0.50,0.00,a,
3,7,0.00,0.00,u,
4,7,0.50,0.00,a,
5,7,8.70,100.00,a,
6,7,2.70,100.00,a,
7,7,4.00,0.00,a,
8,7,6.00,0.00,a,
9,7,0.00,0.00,u,
10,7,1.30,0.00,a,
11,7,0.50,100.00,a,
12,7,0.10,25.00,d,
13,7,0.50,0.00,a,
14,7,0.00,0.00,u,
15,7,0.50,0.00,a,
16,7,3.30,100.00,a,
17,7,1.50,75.00,d,
18,7,0.00,0.00,i,
19,7,3.00,0.00,a,
20,7,3.30,100.00,a,
21,7,4.90,75.00,d,
22,7,3.30,0.00,a,
23,7,0.00,0.00,u,
24,7,0.50,100.00,a,
25,7,1.70,0.00,a,
26,7,6.30,0.00,a,
27,7,0.00,100.00,a,
28,7,0.00,0.00,u,
29,7,0.00,0.00,u,
30,7,0.00,0.00,i,
31,7,0.00,0.00,i,
32,7,2.40,75.00,d,
33,7,0.00,0.00,a,
34,7,0.00,0.00,u,
35,7,0.00,0.00,u,
36,7,4.80,0.00,a,
37,7,3.00,0.00,a,
38,7,3.00,100.00,a,
39,7,0.20,0.00,a,
40,7,0.90,25.00,d,
41,7,1.20,0.00,a,
42,7,0.00,100.00,a,
43,7,0.00,0.00,u,
44,7,3.50,0.00,a,
45,7,0.00,0.00,a,
46,7,0.00,0.00,u,
47,7,3.80,100.00,a,
48,7,0.10,50.00,d,
49,7,0.00,0.00,u,
50,7,3.80,0.00,a,
51,7,0.00,0.00,u,
52,7,0.50,100.00,a,
53,7,4.50,0.00,a,
54,7,3.50,0.00,a,
55,7,0.00,0.00,i,
56,7,0.00,0.00,u,
57,7,0.00,0.00,u,
58,7,3.00,100.00,a,
59,7,0.00,0.00,i,
60,7,0.00,0.00,a,
61,7,0.00,0.00,u,
62,7,0.00,0.00,a,
63,7,0.00,0.00,a,
64,7,3.50,0.00,a,
65,7,0.00,0.00,u,
66,7,0.00,0.00,u,
67,7,3.50,0.00,a,
68,7,0.00,0.00,a,
69,7,0.00,0.00,a,
70,7,0.00,0.00,u,
71,7,0.00,0.00,u,
72,7,5.20,0.00,a,
73,7,0.00,50.00,d,
74,7,4.80,0.00,a,
75,7,0.00,0.00,a,
76,7,0.00,0.00,a,
77,7,2.20,0.00,a,
78,7,0.00,100.00,a,
79,7,0.00,0.00,u,
80,7,0.20,0.00,a,
81,7,2.50,100.00,a,
82,7,10.80,0.00,a,
83,7,1.00,100.00,a,
84,7,2.20,0.00,a,
85,7,2.00,0.00,a,
86,7,1.80,0.00,a,
87,7,1.50,100.00,a,
88,7,0.20,100.00,a,
89,7,0.00,0.00,u,
90,7,4.20,0.00,a,
91,7,0.00,0.00,u,
92,7,0.00,0.00,u,
93,7,0.00,0.00,u,
94,7,0.00,0.00,u,
95,7,0.00,0.00,u,
96,7,0.00,0.00,u,
97,7,2.80,0.00,a,
98,7,0.00,0.00,i,
99,7,0.00,0.00,u,
100,7,1.50,0.00,a,
101,7,3.50,100.00,a,
102,7,0.00,0.00,a,
103,7,0.00,0.00,a,
104,7,0.00,0.00,a,
105,7,0.00,0.00,a,
106,7,1.50,0.00,a,
107,7,0.80,0.00,a,
108,7,1.80,0.00,a,
109,7,0.80,0.00,a,
110,7,1.80,0.00,a,
111,7,0.00,100.00,a,
112,7,0.00,0.00,u,
113,7,1.50,0.00,a,
114,7,0.00,0.00,a,
115,7,0.00,0.00,u,
116,7,1.20,0.00,a,
117,7,0.00,0.00,u,
118,7,0.00,0.00,u,
119,7,2.20,0.00,a,
120,7,3.50,100.00,a,
121,7,3.00,0.00,a,
122,7,0.00,0.00,a,
123,7,2.20,0.00,a,
124,7,3.80,0.00,a,
125,7,0.80,100.00,a,
126,7,2.20,0.00,a,
127,7,0.00,50.00,d,
128,7,0.50,0.00,a,
129,7,3.50,0.00,a,
130,7,0.00,0.00,a,
131,7,0.00,0.00,a,
132,7,0.00,0.00,i,
133,7,0.00,0.00,a,
134,7,0.00,0.00,u,
135,7,0.00,0.00,i,
136,7,4.50,0.00,a,
137,7,0.00,0.00,a,
138,7,-0.50,0.00,a,
139,7,1.00,0.00,a,
140,7,-0.50,0.00,a,
141,7,0.00,0.00,u,
142,7,0.00,0.00,u,
143,7,-0.50,0.00,a,
144,7,-0.30,0.00,a,
145,7,2.00,100.00,a,
146,7,1.30,0.00,a,
147,7,0.00,0.00,u,
148,7,1.70,0.00,a,
149,7,0.20,100.00,a,
150,7,0.00,0.00,u,
151,7,4.00,0.00,a,
152,7,0.80,75.00,d,
153,7,0.00,0.00,i,
154,7,0.00,0.00,u,
155,7,0.00,0.00,u,
156,7,-0.50,0.00,a,
157,7,1.70,75.00,d,
158,7,1.70,100.00,a,
159,7,0.00,0.00,i,
160,7,5.00,0.00,a,
161,7,0.00,0.00,u,
162,7,1.70,0.00,a,
163,7,0.00,0.00,i,
164,7,0.00,0.00,u,
165,7,0.00,0.00,u,
166,7,3.00,0.00,a,
167,7,0.30,0.00,a,
168,7,0.70,100.00,a,
169,7,0.50,0.00,a,
170,7,0.30,0.00,a,
171,7,0.00,0.00,u,
172,7,-0.50,100.00,a,
173,7,0.70,100.00,a,
174,7,0.00,0.00,u,
175,7,-0.50,0.00,a,
176,7,0.00,0.00,u,
177,7,0.00,0.00,u,
178,7,3.30,0.00,a,
179,7,0.00,0.00,u,
180,7,1.00,0.00,a,
181,7,-0.50,0.00,a,
182,7,0.50,0.00,a,
183,7,0.00,0.00,a,
184,7,0.00,0.00,u,
185,7,0.00,0.00,a,
186,7,0.00,50.00,d,
187,7,1.00,0.00,a,
188,7,0.00,0.00,a,
189,7,0.00,0.00,u,
190,7,1.50,0.00,a,
191,7,1.80,0.00,a,
192,7,3.20,0.00,a,
193,7,0.00,100.00,a,
194,7,0.00,0.00,i,
195,7,0.00,0.00,a,
196,7,0.00,0.00,u,
197,7,0.00,0.00,a,
198,7,0.20,100.00,a,
199,7,0.50,0.00,a,
200,7,5.00,0.00,a,
201,7,0.00,0.00,u,
202,7,0.50,100.00,a,
203,7,0.00,0.00,a,
204,7,0.00,0.00,u,
205,7,4.20,0.00,a,
206,7,0.00,0.00,a,
207,7,0.80,0.00,a,
208,7,0.00,0.00,u,
209,7,2.00,0.00,a,
210,7,2.00,0.00,a,
211,7,0.00,0.00,u,
212,7,0.00,0.00,u,
213,7,0.00,0.00,a,
214,7,0.00,0.00,a,
215,7,0.50,0.00,a,
216,7,0.00,0.00,i,
217,7,2.80,0.00,a,
218,7,0.00,0.00,a,
219,7,0.00,0.00,u,
220,7,1.00,0.00,a,
221,7,0.70,0.00,a,
222,7,0.00,0.00,u,
223,7,0.50,0.00,a,
224,7,2.50,0.00,a,
225,7,3.50,0.00,a,
226,7,2.50,100.00,a,
227,7,0.00,0.00,i,
228,7,2.00,0.00,a,
229,7,0.50,100.00,a,
230,7,0.80,75.00,d,
231,7,0.00,0.00,u,
232,7,0.30,50.00,d,
233,7,1.00,100.00,a,
234,7,0.00,0.00,u,
235,7,1.20,50.00,d,
236,7,2.30,0.00,a,
237,7,4.50,0.00,a,
238,7,3.50,0.00,a,
239,7,1.00,0.00,a,
240,7,0.00,0.00,u,
241,7,7.50,0.00,a,
242,7,0.50,100.00,a,
243,7,0.50,0.00,a,
244,7,1.00,100.00,a,
245,7,0.00,0.00,s,
246,7,0.70,50.00,d,
247,7,0.00,0.00,i,
248,7,0.00,0.00,u,
249,7,3.70,0.00,a,
250,7,0.00,0.00,i,
251,7,0.00,0.00,u,
252,7,0.70,100.00,a,
253,7,3.00,0.00,a,
254,7,0.00,100.00,a,
255,7,0.00,0.00,a,
256,7,4.70,0.00,a,
257,7,3.80,0.00,a,
258,7,4.80,0.00,a,
259,7,0.00,0.00,a,
260,7,5.80,0.00,a,
261,7,4.20,0.00,a,
262,7,0.00,50.00,d,
263,7,0.00,0.00,a,
264,7,0.00,0.00,u,
265,7,0.00,0.00,i,
266,7,5.00,0.00,a,
267,7,4.50,100.00,a,
268,7,0.00,0.00,i,
269,7,0.00,0.00,a,
270,7,1.10,75.00,d,
271,7,3.50,100.00,a,
272,7,1.20,0.00,a,
273,7,3.20,100.00,a,
274,7,0.00,0.00,a,
275,7,0.00,0.00,a,
276,7,1.00,0.00,a,
277,7,0.00,0.00,u,
278,7,0.00,0.00,u,
279,7,0.00,0.00,u,
280,7,0.00,0.00,u,
281,7,0.00,0.00,a,
282,7,0.00,0.00,u,
283,7,3.00,0.00,a,
284,7,1.50,100.00,a,
285,7,0.00,0.00,u,
286,7,0.00,0.00,a,
287,7,2.50,0.00,a,
288,7,-0.50,0.00,a,
289,7,-0.50,0.00,a,
290,7,0.00,0.00,i,
291,7,3.70,0.00,a,
292,7,1.00,100.00,a,
293,7,3.00,0.00,a,
294,7,-0.30,0.00,a,
295,7,5.00,0.00,a,
296,7,-0.50,100.00,a,
297,7,-0.50,0.00,a,
298,7,-0.50,0.00,a,
299,7,4.50,100.00,a,
300,7,-0.50,0.00,a,
301,7,0.00,0.00,a,
302,7,3.70,0.00,a,
303,7,3.70,0.00,a,
304,7,1.00,0.00,a,
305,7,0.00,0.00,u,
306,7,-0.50,0.00,a,
307,7,-0.50,0.00,a,
308,7,0.00,0.00,u,
309,7,0.00,0.00,u,
310,7,0.50,0.00,a,
311,7,1.00,0.00,a,
312,7,0.00,0.00,u,
313,7,0.00,0.00,u,
314,7,2.50,0.00,a,
315,7,0.00,0.00,u,
316,7,-0.30,100.00,a,
317,7,4.50,0.00,a,
318,7,3.00,0.00,a,
319,7,0.50,0.00,a,
320,7,0.00,0.00,a,
321,7,-0.30,0.00,a,
322,7,0.00,0.00,i,
323,7,-0.50,0.00,a,
324,7,4.50,0.00,a,
325,7,0.50,0.00,a,
326,7,0.50,0.00,a,
327,7,0.00,0.00,u,
328,7,4.30,100.00,a,
329,7,3.00,100.00,a,
330,7,2.00,0.00,a,
331,7,0.50,0.00,a,
332,7,1.90,75.00,d,
333,7,0.00,0.00,u,
334,7,0.00,0.00,u,
335,7,1.00,0.00,a,
336,7,-0.50,0.00,a,
337,7,1.10,75.00,d,
338,7,0.00,0.00,i,
339,7,0.00,0.00,a,
340,7,0.00,0.00,a,
341,7,2.20,0.00,a,
342,7,3.00,100.00,a,
343,7,2.50,0.00,a,
344,7,0.00,100.00,a,
345,7,0.00,100.00,a,
346,7,0.00,0.00,a,
347,7,1.50,100.00,a,
348,7,3.50,100.00,a,
349,7,0.00,0.00,u,
350,7,4.00,0.00,a,
351,7,0.20,75.00,d,
352,7,1.00,0.00,a,
353,7,0.00,0.00,i,
354,7,3.00,100.00,a,
355,7,0.00,0.00,u,
356,7,0.20,0.00,a,
357,7,0.00,0.00,u,
358,7,0.80,100.00,a,
359,7,0.00,0.00,u,
360,7,0.00,0.00,u,
361,7,0.00,0.00,u,
362,7,0.20,100.00,a,
363,7,0.00,0.00,u,
364,7,0.00,0.00,u,
365,7,1.00,100.00,a,
366,7,0.00,0.00,i,
367,7,1.50,0.00,a,
368,7,1.00,0.00,a,
369,7,1.00,0.00,a,
370,7,2.20,100.00,a,
371,7,2.50,0.00,a,
372,7,1.50,0.00,a,
373,7,4.80,0.00,a,
374,7,3.90,75.00,d,
375,7,1.80,100.00,a,
376,7,1.00,100.00,a,
377,7,0.00,0.00,u,
378,7,1.00,0.00,a,
379,7,1.00,0.00,a,
380,7,1.00,0.00,a,
381,7,5.50,0.00,a,
382,7,2.50,0.00,a,
383,7,0.00,0.00,u,
384,7,4.20,0.00,a,
385,7,2.50,100.00,a,
386,7,2.80,100.00,a,
387,7,3.50,0.00,a,
388,7,1.80,100.00,a,
389,7,0.80,0.00,a,
390,7,8.00,100.00,a,
391,7,1.20,0.00,a,
392,7,1.20,0.00,a,
393,7,0.00,0.00,i,
394,7,0.00,0.00,u,
395,7,0.00,0.00,u,
396,7,1.00,0.00,a,
397,7,0.00,0.00,u,
398,7,1.00,0.00,a,
399,7,0.00,0.00,u,
400,7,0.50,0.00,a,
401,7,0.50,100.00,a,
402,7,0.20,50.00,d,
403,7,6.50,100.00,a,
404,7,0.00,0.00,u,
405,7,1.30,0.00,a,
406,7,1.40,50.00,d,
407,7,5.00,0.00,a,
408,7,5.30,0.00,a,
409,7,0.70,100.00,a,
410,7,0.70,100.00,a,
411,7,5.30,100.00,a,
412,7,0.00,0.00,u,
413,7,0.20,50.00,d,
414,7,5.30,100.00,a,
415,7,2.30,100.00,a,
416,7,2.70,0.00,a,
417,7,0.20,50.00,d,
418,7,6.50,0.00,a,
419,7,0.00,0.00,n,
420,7,0.00,0.00,u,
421,7,2.50,100.00,a,
422,7,0.50,100.00,a,
423,7,2.30,0.00,a,
424,7,1.70,0.00,a,
425,7,0.00,0.00,u,
426,7,0.00,0.00,a,
427,7,4.70,0.00,a,
428,7,0.00,0.00,u,
429,7,0.50,0.00,a,
430,7,12.00,100.00,a,
431,7,0.50,0.00,a,
432,7,0.00,0.00,u,
433,7,0.00,0.00,u,
434,7,-1.00,0.00,a,
435,7,-1.00,0.00,a,
436,7,2.50,0.00,a,
437,7,0.00,0.00,i,
438,7,0.50,50.00,d,
439,7,-1.00,0.00,a,
440,7,1.50,100.00,a,
441,7,0.80,0.00,a,
442,7,2.50,0.00,a,
443,7,1.50,0.00,a,
444,7,1.20,0.00,a,
445,7,0.00,0.00,u,
446,7,-1.00,0.00,a,
447,7,-1.00,0.00,a,
448,7,-1.00,0.00,a,
449,7,2.50,0.00,a,
450,7,0.00,100.00,a,
451,7,0.00,0.00,u,
452,7,0.80,100.00,a,
453,7,1.30,0.00,a,
454,7,0.00,0.00,u,
455,7,2.00,100.00,a,
456,7,0.20,75.00,d,
457,7,1.00,100.00,a,
458,7,0.00,0.00,a,
459,7,1.00,0.00,a,
460,7,0.00,0.00,u,
461,7,-1.00,0.00,a,
462,7,-1.00,0.00,a,
463,7,-1.00,0.00,a,
464,7,0.00,0.00,u,
465,7,0.00,0.00,u,
466,7,-0.50,100.00,a,
467,7,-1.00,0.00,a,
468,7,0.00,0.00,u,
469,7,6.30,0.00,a,
470,7,2.50,100.00,a,
471,7,0.50,0.00,a,
472,7,0.00,0.00,u,
473,7,2.30,0.00,a,
474,7,2.50,100.00,a,
475,7,5.00,0.00,a,
476,7,7.00,0.00,a,
477,7,0.00,0.00,i,
478,7,4.00,100.00,a,
479,7,0.50,0.00,a,
480,7,0.70,0.00,a,
481,7,0.50,0.00,a,
482,7,0.50,0.00,a,
483,7,0.50,0.00,a,
484,7,0.00,0.00,u,
485,7,2.00,100.00,a,
486,7,2.00,0.00,a,
487,7,2.00,0.00,a,
488,7,5.00,0.00,a,
489,7,3.70,0.00,a,
490,7,2.70,100.00,a,
491,7,4.30,100.00,a,
492,7,0.00,0.00,u,
493,7,5.20,0.00,a,
494,7,1.50,100.00,a,
495,7,0.00,0.00,u,
496,7,0.00,0.00,u,
497,7,1.50,0.00,a,
498,7,0.00,0.00,u,
499,7,3.00,100.00,a,
500,7,1.50,0.00,a,
501,7,0.50,0.00,a,
502,7,1.70,0.00,a,
503,7,0.00,0.00,u,
504,7,0.00,0.00,u,
505,7,1.30,0.00,a,
506,7,0.20,75.00,d,
507,7,0.00,0.00,i,
508,7,2.30,0.00,a,
509,7,0.00,0.00,u,
510,7,0.30,0.00,a,
511,7,1.30,0.00,a,
512,7,0.00,0.00,u,
513,7,-0.50,0.00,a,
514,7,-0.50,0.00,a,
515,7,1.70,0.00,a,
516,7,0.50,0.00,a,
517,7,2.50,0.00,a,
518,7,0.00,0.00,u,
519,7,-0.50,100.00,a,
520,7,0.00,0.00,u,
521,7,0.30,0.00,a,
522,7,0.00,0.00,a,
523,7,0.00,0.00,u,
524,7,0.00,0.00,u,
525,7,1.30,0.00,a,
526,7,0.30,0.00,a,
527,7,-0.50,0.00,a,
528,7,-0.50,0.00,a,
529,7,-0.50,0.00,a,
530,7,-0.50,0.00,a,
531,7,0.70,100.00,a,
532,7,3.70,0.00,a,
533,7,0.00,0.00,i,
534,7,-0.50,0.00,a,
535,7,0.00,0.00,i,
536,7,0.00,0.00,i,
537,7,0.00,0.00,u,
538,7,-0.50,0.00,a,
539,7,-0.50,100.00,a,
540,7,-0.50,0.00,a,
541,7,0.00,0.00,s,
542,7,0.00,0.00,u,
543,7,0.70,0.00,a,
544,7,0.00,0.00,i,
545,7,0.00,0.00,u,
546,7,0.00,0.00,u,
547,7,1.30,100.00,a,
548,7,0.00,0.00,i,
549,7,-0.30,0.00,a,
550,7,-0.50,0.00,a,
551,7,0.30,0.00,a,
552,7,1.30,0.00,a,
553,7,1.70,0.00,a,
554,7,-0.50,0.00,a,
555,7,0.00,0.00,u,
556,7,0.00,0.00,u,
557,7,-0.50,0.00,a,
558,7,-0.50,0.00,a,
559,7,0.00,0.00,u,
560,7,3.00,0.00,a,
561,7,0.00,0.00,a,
562,7,-0.50,0.00,a,
563,7,0.00,0.00,u,
564,7,0.00,0.00,u,
565,7,3.50,0.00,a,
566,7,0.00,0.00,a,
567,7,0.00,0.00,a,
568,7,3.80,0.00,a,
569,7,4.20,0.00,a,
570,7,0.50,0.00,a,
571,7,0.00,100.00,a,
572,7,0.00,0.00,i,
573,7,2.00,0.00,a,
574,7,1.50,100.00,a,
575,7,4.80,0.00,a,
576,7,0.00,0.00,u,
577,7,0.00,50.00,d,
578,7,0.00,0.00,u,
579,7,0.00,0.00,u,
580,7,1.00,0.00,a,
581,7,0.00,0.00,i,
582,7,6.00,0.00,a,
583,7,0.00,0.00,i,
584,7,3.20,0.00,a,
585,7,2.00,0.00,a,
586,7,4.00,0.00,a,
587,7,0.00,50.00,d,
588,7,1.50,0.00,a,
589,7,0.00,0.00,u,
590,7,0.00,0.00,u,
591,7,0.20,0.00,a,
592,7,0.00,0.00,u,
593,7,3.20,100.00,a,
594,7,0.00,0.00,u,
595,7,0.00,0.00,a,
596,7,0.00,0.00,i,
597,7,3.20,0.00,a,
598,7,0.00,0.00,u,
599,7,0.00,0.00,a,
600,7,1.50,0.00,a,
601,7,0.00,0.00,u,
602,7,0.00,0.00,a,
603,7,3.00,0.00,a,
604,7,0.00,0.00,u,
605,7,1.80,0.00,a,
606,7,2.50,0.00,a,
607,7,0.00,0.00,u,
608,7,0.00,0.00,a,
609,7,0.00,0.00,a,
610,7,0.20,100.00,a,
611,7,0.00,0.00,u,
612,7,2.00,0.00,a,
613,7,-0.50,100.00,a,
614,7,1.00,0.00,a,
615,7,1.80,100.00,a,
616,7,0.00,0.00,u,
617,7,0.00,0.00,u,
618,7,0.00,0.00,a,
619,7,0.80,100.00,a,
620,7,0.00,0.00,i,
621,7,0.50,0.00,a,
622,7,0.00,0.00,u,
623,7,0.50,0.00,a,
624,7,5.50,0.00,a,
625,7,1.20,100.00,a,
626,7,0.20,0.00,a,
627,7,2.50,0.00,a,
628,7,0.70,0.00,a,
629,7,0.50,0.00,a,
630,7,-0.50,0.00,a,
631,7,2.70,0.00,a,
632,7,0.10,25.00,d,
633,7,4.30,100.00,a,
634,7,1.50,0.00,a,
635,7,1.00,0.00,a,
636,7,3.70,0.00,a,
637,7,1.10,75.00,d,
638,7,0.50,100.00,a,
639,7,0.00,0.00,u,
640,7,0.00,0.00,u,
641,7,0.50,0.00,a,
642,7,1.50,0.00,a,
643,7,3.00,100.00,a,
644,7,1.50,0.00,a,
645,7,1.50,0.00,a,
646,7,3.70,0.00,a,
647,7,0.00,0.00,u,
648,7,3.00,0.00,a,
649,7,0.00,0.00,u,
650,7,0.50,0.00,a,
651,7,0.50,0.00,a,
652,7,0.50,0.00,a,
653,7,0.00,0.00,u,
654,7,1.30,75.00,d,
655,7,0.00,0.00,u,
656,7,0.00,0.00,u,
657,7,0.00,0.00,i,
658,7,0.50,0.00,a,
659,7,1.00,0.00,a,
660,7,5.00,0.00,a,
661,7,3.80,100.00,a,
662,7,2.70,0.00,a,
663,7,3.00,0.00,a,
664,7,-0.50,0.00,a,
665,7,0.00,75.00,d,
666,7,3.50,0.00,a,
667,7,-0.50,100.00,a,
668,7,4.70,0.00,a,
669,7,1.30,0.00,a,
670,7,5.50,0.00,a,
671,7,0.50,0.00,a,
672,7,1.30,0.00,a,
673,7,4.20,0.00,a,
674,7,0.50,0.00,a,
675,7,-0.50,0.00,a,
676,7,1.80,100.00,a,
677,7,1.80,0.00,a,
678,7,-0.30,100.00,a,
679,7,0.20,0.00,a,
680,7,0.80,100.00,a,
681,7,4.00,0.00,a,
682,7,0.70,0.00,a,
683,7,7.00,0.00,a,
684,7,5.00,0.00,a,
685,7,2.50,100.00,a,
686,7,1.50,0.00,a,
687,7,0.00,0.00,a,
688,7,0.00,0.00,a,
689,7,0.50,0.00,a,
690,7,0.00,0.00,a,
691,7,4.20,100.00,a,
692,7,0.00,0.00,i,
693,7,0.00,0.00,a,
694,7,5.30,0.00,a,
695,7,2.30,0.00,a,
696,7,0.30,0.00,a,
697,7,0.80,0.00,a,
698,7,5.00,100.00,a,
699,7,0.30,50.00,d,
700,7,0.50,0.00,a,
701,7,0.00,0.00,u,
702,7,0.00,0.00,a,
703,7,0.00,0.00,a,
704,7,0.00,0.00,u,
705,7,-0.50,0.00,a,
706,7,0.50,0.00,a,
707,7,0.30,0.00,a,
708,7,2.50,0.00,a,
709,7,3.50,0.00,a,
710,7,0.00,0.00,a,
711,7,0.50,0.00,a,
712,7,2.00,100.00,a,
713,7,0.20,0.00,a,
714,7,6.50,0.00,a,
715,7,-0.50,0.00,a,
716,7,-0.30,0.00,a,
717,7,2.50,0.00,a,
718,7,1.00,0.00,a,
719,7,0.80,100.00,a,
720,7,2.00,0.00,a,
721,7,1.20,0.00,a,
722,7,3.00,0.00,a,
723,7,0.00,0.00,a,
724,7,0.50,0.00,a,
725,7,0.40,75.00,d,
726,7,0.00,75.00,d,
727,7,0.70,0.00,a,
728,7,0.00,0.00,i,
729,7,0.00,0.00,u,
730,7,0.30,0.00,a,
731,7,0.30,100.00,a,
732,7,0.50,0.00,a,
733,7,1.20,0.00,a,
734,7,0.70,0.00,a,
735,7,-0.30,0.00,a,
736,7,4.30,0.00,a,
737,7,-0.50,0.00,a,
738,7,0.00,0.00,a,
739,7,0.50,0.00,a,
740,7,0.50,0.00,a,
741,7,0.00,50.00,d,
742,7,0.50,0.00,a,
743,7,1.60,0.00,a,
744,7,0.30,0.00,a,
745,7,-1.00,0.00,a,
746,7,0.50,0.00,a,
747,7,0.00,0.00,a,
748,7,1.70,0.00,a,
749,7,1.20,0.00,a,
750,7,0.30,0.00,a,
751,7,0.20,0.00,a,
752,7,1.30,0.00,a,
1,8,5.20,0.00,a,
2,8,0.50,0.00,a,
3,8,0.00,0.00,u,
4,8,0.50,0.00,a,
5,8,11.80,100.00,a,
6,8,4.80,100.00,a,
7,8,4.80,0.00,a,
8,8,6.80,0.00,a,
9,8,0.00,0.00,u,
10,8,1.20,0.00,a,
11,8,0.50,100.00,a,
12,8,1.00,100.00,a,
13,8,0.50,0.00,a,
14,8,0.00,0.00,u,
15,8,0.50,0.00,a,
16,8,6.20,100.00,a,
17,8,0.00,0.00,i,
18,8,0.00,0.00,i,
19,8,1.50,0.00,a,
20,8,5.50,100.00,a,
21,8,8.20,100.00,a,
22,8,3.20,0.00,a,
23,8,0.00,0.00,u,
24,8,0.80,100.00,a,
25,8,0.80,0.00,a,
26,8,3.20,0.00,a,
27,8,-1.00,100.00,a,
28,8,0.00,0.00,u,
29,8,0.00,0.00,u,
30,8,0.00,0.00,i,
31,8,0.00,0.00,i,
32,8,1.50,100.00,a,
33,8,-0.50,0.00,a,
34,8,0.00,0.00,u,
35,8,0.00,0.00,u,
36,8,1.50,0.00,a,
37,8,3.20,0.00,a,
38,8,1.50,100.00,a,
39,8,0.20,0.00,a,
40,8,-0.20,75.00,d,
41,8,1.80,0.00,a,
42,8,-0.50,100.00,a,
43,8,0.00,0.00,u,
44,8,0.80,0.00,a,
45,8,-0.50,0.00,a,
46,8,0.00,0.00,u,
47,8,5.20,100.00,a,
48,8,-0.10,25.00,d,
49,8,0.00,0.00,u,
50,8,5.80,0.00,a,
51,8,0.00,0.00,u,
52,8,0.80,100.00,a,
53,8,5.50,0.00,a,
54,8,3.20,0.00,a,
55,8,0.20,100.00,a,
56,8,0.00,0.00,u,
57,8,0.00,0.00,u,
58,8,2.20,100.00,a,
59,8,1.20,100.00,a,
60,8,-0.50,0.00,a,
61,8,0.00,0.00,u,
62,8,-0.50,0.00,a,
63,8,-0.50,0.00,a,
64,8,3.20,100.00,a,
65,8,0.00,0.00,u,
66,8,0.00,0.00,u,
67,8,2.70,0.00,a,
68,8,0.00,0.00,a,
69,8,0.00,0.00,a,
70,8,0.00,0.00,u,
71,8,0.00,0.00,u,
72,8,3.70,0.00,a,
73,8,0.00,100.00,a,
74,8,3.00,0.00,a,
75,8,0.00,0.00,a,
76,8,0.00,0.00,a,
77,8,2.30,0.00,a,
78,8,0.00,100.00,a,
79,8,0.00,0.00,u,
80,8,0.00,100.00,a,
81,8,3.30,100.00,a,
82,8,9.70,0.00,a,
83,8,0.70,100.00,a,
84,8,3.00,0.00,a,
85,8,2.30,0.00,a,
86,8,0.00,0.00,i,
87,8,3.30,100.00,a,
88,8,0.30,100.00,a,
89,8,0.00,0.00,u,
90,8,2.30,0.00,a,
91,8,0.00,0.00,u,
92,8,0.00,0.00,u,
93,8,0.00,0.00,u,
94,8,0.00,0.00,u,
95,8,0.00,0.00,u,
96,8,0.00,0.00,u,
97,8,0.70,50.00,d,
98,8,0.00,0.00,i,
99,8,0.00,0.00,u,
100,8,6.00,0.00,a,
101,8,4.70,100.00,a,
102,8,-1.00,0.00,a,
103,8,-1.00,0.00,a,
104,8,-1.00,0.00,a,
105,8,-1.00,0.00,a,
106,8,3.00,0.00,a,
107,8,0.70,0.00,a,
108,8,1.70,0.00,a,
109,8,-0.70,0.00,a,
110,8,3.30,0.00,a,
111,8,-1.00,100.00,a,
112,8,0.00,0.00,u,
113,8,2.30,0.00,a,
114,8,-1.00,0.00,a,
115,8,0.00,0.00,u,
116,8,0.20,75.00,d,
117,8,0.00,0.00,u,
118,8,0.00,0.00,u,
119,8,5.70,0.00,a,
120,8,2.70,100.00,a,
121,8,1.30,0.00,a,
122,8,0.00,0.00,i,
123,8,-0.70,0.00,a,
124,8,2.00,0.00,a,
125,8,0.00,100.00,a,
126,8,3.30,0.00,a,
127,8,-1.00,100.00,a,
128,8,-0.30,0.00,a,
129,8,3.00,0.00,a,
130,8,-1.00,0.00,a,
131,8,-1.00,0.00,a,
132,8,-0.20,25.00,d,
133,8,-1.00,0.00,a,
134,8,0.00,0.00,u,
135,8,0.00,0.00,i,
136,8,6.70,0.00,a,
137,8,-1.00,0.00,a,
138,8,0.00,0.00,a,
139,8,1.70,0.00,a,
140,8,0.00,0.00,a,
141,8,0.00,0.00,u,
142,8,0.00,0.00,u,
143,8,0.00,0.00,a,
144,8,0.30,0.00,a,
145,8,3.30,100.00,a,
146,8,1.30,0.00,a,
147,8,0.00,0.00,u,
148,8,2.00,0.00,a,
149,8,0.80,100.00,a,
150,8,0.00,0.00,u,
151,8,6.00,0.00,a,
152,8,0.00,75.00,d,
153,8,0.00,0.00,i,
154,8,0.00,0.00,u,
155,8,0.00,0.00,u,
156,8,0.00,0.00,a,
157,8,0.50,75.00,d,
158,8,3.30,100.00,a,
159,8,0.00,0.00,i,
160,8,3.00,0.00,a,
161,8,0.00,0.00,u,
162,8,0.00,0.00,i,
163,8,0.00,0.00,i,
164,8,0.00,0.00,u,
165,8,0.00,0.00,u,
166,8,2.00,0.00,a,
167,8,1.70,0.00,a,
168,8,1.00,100.00,a,
169,8,1.30,75.00,d,
170,8,0.70,0.00,a,
171,8,0.00,0.00,u,
172,8,0.00,100.00,a,
173,8,3.70,100.00,a,
174,8,0.00,0.00,u,
175,8,0.00,0.00,a,
176,8,0.00,0.00,u,
177,8,0.00,0.00,u,
178,8,8.30,0.00,a,
179,8,0.00,0.00,u,
180,8,2.00,0.00,a,
181,8,0.30,0.00,a,
182,8,0.50,0.00,a,
183,8,-0.50,0.00,a,
184,8,0.00,0.00,u,
185,8,-0.50,0.00,a,
186,8,0.00,0.00,i,
187,8,4.20,0.00,a,
188,8,-0.50,0.00,a,
189,8,0.00,0.00,u,
190,8,-0.50,0.00,a,
191,8,1.80,0.00,a,
192,8,3.80,0.00,a,
193,8,-0.50,100.00,a,
194,8,0.00,0.00,i,
195,8,-0.50,0.00,a,
196,8,0.00,0.00,u,
197,8,-0.50,0.00,a,
198,8,2.50,100.00,a,
199,8,-0.20,0.00,a,
200,8,2.50,100.00,a,
201,8,0.00,0.00,u,
202,8,0.50,100.00,a,
203,8,-0.50,0.00,a,
204,8,0.00,0.00,u,
205,8,3.80,0.00,a,
206,8,-0.50,0.00,a,
207,8,-0.20,0.00,a,
208,8,0.00,0.00,u,
209,8,1.20,0.00,a,
210,8,2.50,0.00,a,
211,8,0.00,0.00,u,
212,8,0.00,0.00,u,
213,8,-0.50,0.00,a,
214,8,-0.50,0.00,a,
215,8,0.50,0.00,a,
216,8,0.00,0.00,i,
217,8,0.40,75.00,d,
218,8,-0.20,0.00,a,
219,8,0.00,0.00,u,
220,8,3.70,0.00,a,
221,8,1.00,0.00,a,
222,8,0.00,0.00,u,
223,8,1.00,0.00,a,
224,8,6.00,0.00,a,
225,8,9.30,100.00,a,
226,8,2.00,100.00,a,
227,8,0.00,0.00,i,
228,8,0.00,0.00,s,
229,8,0.00,0.00,i,
230,8,1.00,100.00,a,
231,8,0.00,0.00,u,
232,8,1.30,100.00,a,
233,8,6.30,100.00,a,
234,8,0.00,0.00,u,
235,8,0.00,0.00,i,
236,8,6.30,100.00,a,
237,8,3.50,75.00,d,
238,8,5.70,0.00,a,
239,8,1.70,0.00,a,
240,8,0.00,0.00,u,
241,8,5.30,100.00,a,
242,8,1.00,100.00,a,
243,8,1.00,0.00,a,
244,8,2.00,100.00,a,
245,8,0.00,0.00,s,
246,8,1.70,100.00,a,
247,8,0.00,0.00,i,
248,8,0.00,0.00,u,
249,8,3.00,0.00,a,
250,8,0.00,0.00,i,
251,8,0.00,0.00,u,
252,8,1.70,100.00,a,
253,8,1.50,0.00,a,
254,8,-0.50,100.00,a,
255,8,-0.50,0.00,a,
256,8,4.70,0.00,a,
257,8,2.20,0.00,a,
258,8,1.50,0.00,a,
259,8,-0.50,0.00,a,
260,8,4.20,0.00,a,
261,8,2.80,0.00,a,
262,8,0.00,0.00,i,
263,8,-0.50,0.00,a,
264,8,0.00,0.00,u,
265,8,0.00,0.00,i,
266,8,4.20,0.00,a,
267,8,6.20,100.00,a,
268,8,0.00,0.00,i,
269,8,-0.50,0.00,a,
270,8,-0.20,100.00,a,
271,8,3.20,100.00,a,
272,8,0.20,0.00,a,
273,8,2.20,100.00,a,
274,8,-0.50,0.00,a,
275,8,-0.50,0.00,a,
276,8,0.20,0.00,a,
277,8,0.00,0.00,u,
278,8,0.00,0.00,u,
279,8,0.00,0.00,u,
280,8,0.00,0.00,u,
281,8,-0.50,0.00,a,
282,8,0.00,0.00,u,
283,8,6.50,0.00,a,
284,8,1.50,100.00,a,
285,8,0.00,0.00,u,
286,8,-0.50,0.00,a,
287,8,2.30,0.00,a,
288,8,0.00,0.00,a,
289,8,0.00,0.00,a,
290,8,0.00,50.00,d,
291,8,3.00,0.00,a,
292,8,2.00,100.00,a,
293,8,2.70,0.00,a,
294,8,0.30,0.00,a,
295,8,5.30,100.00,a,
296,8,0.00,25.00,d,
297,8,0.00,0.00,a,
298,8,0.00,0.00,a,
299,8,4.30,100.00,a,
300,8,0.30,0.00,a,
301,8,1.00,0.00,a,
302,8,2.00,0.00,a,
303,8,3.70,0.00,a,
304,8,1.70,0.00,a,
305,8,0.00,0.00,u,
306,8,0.00,0.00,a,
307,8,0.00,0.00,a,
308,8,0.00,0.00,u,
309,8,0.00,0.00,u,
310,8,1.00,0.00,a,
311,8,1.70,0.00,a,
312,8,0.00,0.00,u,
313,8,0.00,0.00,u,
314,8,1.50,0.00,a,
315,8,0.00,0.00,u,
316,8,0.00,0.00,i,
317,8,0.90,50.00,d,
318,8,0.20,0.00,a,
319,8,1.50,0.00,a,
320,8,0.50,0.00,a,
321,8,0.80,0.00,a,
322,8,-0.50,100.00,a,
323,8,-0.50,0.00,a,
324,8,2.20,0.00,a,
325,8,0.50,0.00,a,
326,8,0.80,0.00,a,
327,8,0.00,0.00,u,
328,8,3.80,100.00,a,
329,8,1.50,100.00,a,
330,8,1.50,0.00,a,
331,8,0.60,75.00,d,
332,8,0.00,0.00,i,
333,8,0.00,0.00,u,
334,8,0.00,0.00,u,
335,8,1.50,0.00,a,
336,8,-0.50,0.00,a,
337,8,2.20,100.00,a,
338,8,0.00,0.00,i,
339,8,-0.50,0.00,a,
340,8,-0.50,0.00,a,
341,8,0.80,0.00,a,
342,8,1.80,100.00,a,
343,8,0.80,0.00,a,
344,8,-0.50,100.00,a,
345,8,-0.50,100.00,a,
346,8,-0.50,0.00,a,
347,8,0.50,100.00,a,
348,8,2.50,100.00,a,
349,8,0.00,0.00,u,
350,8,3.20,0.00,a,
351,8,-0.20,50.00,d,
352,8,0.80,0.00,a,
353,8,-0.20,100.00,a,
354,8,1.50,100.00,a,
355,8,0.00,0.00,u,
356,8,-0.50,0.00,a,
357,8,0.00,0.00,u,
358,8,0.50,100.00,a,
359,8,0.00,0.00,u,
360,8,0.00,0.00,u,
361,8,0.00,0.00,u,
362,8,0.20,100.00,a,
363,8,0.00,0.00,u,
364,8,0.00,0.00,u,
365,8,0.50,100.00,a,
366,8,0.00,0.00,i,
367,8,2.00,0.00,a,
368,8,1.00,0.00,a,
369,8,1.00,0.00,a,
370,8,1.70,100.00,a,
371,8,2.00,0.00,a,
372,8,1.30,0.00,a,
373,8,3.00,0.00,a,
374,8,3.30,100.00,a,
375,8,2.00,100.00,a,
376,8,1.00,100.00,a,
377,8,0.00,0.00,u,
378,8,1.00,0.00,a,
379,8,1.00,0.00,a,
380,8,1.00,0.00,a,
381,8,3.00,0.00,a,
382,8,2.30,0.00,a,
383,8,0.00,0.00,u,
384,8,6.00,0.00,a,
385,8,4.00,100.00,a,
386,8,3.00,100.00,a,
387,8,4.30,0.00,a,
388,8,2.00,100.00,a,
389,8,-0.20,0.00,a,
390,8,3.80,75.00,d,
391,8,2.00,0.00,a,
392,8,1.30,100.00,a,
393,8,0.00,0.00,i,
394,8,0.00,0.00,u,
395,8,0.00,0.00,u,
396,8,1.00,0.00,a,
397,8,0.00,0.00,u,
398,8,0.00,0.00,i,
399,8,0.00,0.00,u,
400,8,0.50,0.00,a,
401,8,0.50,100.00,a,
402,8,0.50,100.00,a,
403,8,5.20,100.00,a,
404,8,0.00,0.00,u,
405,8,2.80,0.00,a,
406,8,0.10,25.00,d,
407,8,8.50,0.00,a,
408,8,6.20,0.00,a,
409,8,0.50,100.00,a,
410,8,1.20,100.00,a,
411,8,6.50,100.00,a,
412,8,0.00,0.00,u,
413,8,0.50,100.00,a,
414,8,2.80,100.00,a,
415,8,4.20,100.00,a,
416,8,1.50,0.00,a,
417,8,0.80,100.00,a,
418,8,4.50,0.00,a,
419,8,4.00,100.00,a,
420,8,0.00,0.00,u,
421,8,0.20,25.00,d,
422,8,0.80,100.00,a,
423,8,2.80,75.00,d,
424,8,2.20,0.00,a,
425,8,0.00,0.00,u,
426,8,0.30,0.00,a,
427,8,2.50,0.00,a,
428,8,0.00,0.00,u,
429,8,0.50,0.00,a,
430,8,12.80,100.00,a,
431,8,0.70,0.00,a,
432,8,0.00,0.00,u,
433,8,0.00,0.00,u,
434,8,0.00,0.00,a,
435,8,0.00,0.00,a,
436,8,4.30,0.00,a,
437,8,0.00,0.00,i,
438,8,0.00,100.00,a,
439,8,0.00,0.00,a,
440,8,4.70,100.00,a,
441,8,0.70,0.00,a,
442,8,4.30,0.00,a,
443,8,3.00,0.00,a,
444,8,2.70,0.00,a,
445,8,0.00,0.00,u,
446,8,0.00,0.00,a,
447,8,0.00,100.00,a,
448,8,0.00,0.00,a,
449,8,3.30,0.00,a,
450,8,1.70,100.00,a,
451,8,0.00,0.00,u,
452,8,2.00,100.00,a,
453,8,2.00,0.00,a,
454,8,0.00,0.00,u,
455,8,4.70,100.00,a,
456,8,-0.50,100.00,a,
457,8,1.30,100.00,a,
458,8,1.00,0.00,a,
459,8,1.30,0.00,a,
460,8,0.00,0.00,u,
461,8,0.00,0.00,a,
462,8,0.00,0.00,a,
463,8,0.00,0.00,a,
464,8,0.00,0.00,u,
465,8,0.00,0.00,u,
466,8,0.30,100.00,a,
467,8,0.00,0.00,a,
468,8,0.00,0.00,u,
469,8,4.20,0.00,a,
470,8,3.50,100.00,a,
471,8,0.50,0.00,a,
472,8,0.00,0.00,u,
473,8,0.00,0.00,i,
474,8,0.50,100.00,a,
475,8,3.80,0.00,a,
476,8,4.80,0.00,a,
477,8,0.00,0.00,i,
478,8,2.80,100.00,a,
479,8,0.50,0.00,a,
480,8,0.50,0.00,a,
481,8,0.50,0.00,a,
482,8,0.00,0.00,i,
483,8,0.50,0.00,a,
484,8,0.00,0.00,u,
485,8,3.20,100.00,a,
486,8,2.20,0.00,a,
487,8,1.50,0.00,a,
488,8,6.50,0.00,a,
489,8,2.20,0.00,a,
490,8,2.80,100.00,a,
491,8,4.20,100.00,a,
492,8,0.00,0.00,u,
493,8,5.80,0.00,a,
494,8,0.50,100.00,a,
495,8,0.00,0.00,u,
496,8,0.00,0.00,u,
497,8,2.20,100.00,a,
498,8,0.00,0.00,u,
499,8,4.00,100.00,a,
500,8,1.50,0.00,a,
501,8,0.50,0.00,a,
502,8,2.30,0.00,a,
503,8,0.00,0.00,u,
504,8,0.00,0.00,u,
505,8,1.70,0.00,a,
506,8,0.30,100.00,a,
507,8,0.00,0.00,i,
508,8,0.70,0.00,a,
509,8,0.00,0.00,u,
510,8,1.00,0.00,a,
511,8,1.70,0.00,a,
512,8,0.00,0.00,u,
513,8,0.00,0.00,a,
514,8,0.00,0.00,a,
515,8,2.30,0.00,a,
516,8,1.00,0.00,a,
517,8,2.70,0.00,a,
518,8,0.00,0.00,u,
519,8,0.00,100.00,a,
520,8,0.00,0.00,u,
521,8,0.30,0.00,a,
522,8,0.30,0.00,a,
523,8,0.00,0.00,u,
524,8,0.00,0.00,u,
525,8,1.70,100.00,a,
526,8,1.00,0.00,a,
527,8,0.30,0.00,a,
528,8,-1.00,0.00,a,
529,8,-1.00,0.00,a,
530,8,-1.00,0.00,a,
531,8,3.70,100.00,a,
532,8,5.00,0.00,a,
533,8,0.00,0.00,i,
534,8,-1.00,0.00,a,
535,8,0.00,0.00,i,
536,8,0.00,0.00,i,
537,8,0.00,0.00,u,
538,8,-1.00,0.00,a,
539,8,-1.00,100.00,a,
540,8,-1.00,0.00,a,
541,8,-1.00,100.00,a,
542,8,0.00,0.00,u,
543,8,-0.30,0.00,a,
544,8,0.00,0.00,i,
545,8,0.00,0.00,u,
546,8,0.00,0.00,u,
547,8,2.30,100.00,a,
548,8,0.00,0.00,i,
549,8,-0.70,0.00,a,
550,8,-1.00,0.00,a,
551,8,0.30,0.00,a,
552,8,1.00,100.00,a,
553,8,1.70,0.00,a,
554,8,-1.00,0.00,a,
555,8,0.00,0.00,u,
556,8,0.00,0.00,u,
557,8,-1.00,0.00,a,
558,8,-1.00,0.00,a,
559,8,0.00,0.00,u,
560,8,0.70,0.00,a,
561,8,-0.30,0.00,a,
562,8,-1.00,0.00,a,
563,8,0.00,0.00,u,
564,8,0.00,0.00,u,
565,8,2.00,0.00,a,
566,8,0.00,0.00,a,
567,8,0.00,0.00,a,
568,8,3.00,0.00,a,
569,8,0.50,50.00,d,
570,8,0.30,0.00,a,
571,8,0.00,0.00,i,
572,8,0.00,0.00,i,
573,8,1.00,0.00,a,
574,8,0.70,50.00,d,
575,8,1.30,0.00,a,
576,8,0.00,0.00,u,
577,8,0.00,50.00,d,
578,8,0.00,0.00,u,
579,8,0.00,0.00,u,
580,8,1.00,0.00,a,
581,8,0.00,0.00,i,
582,8,5.30,0.00,a,
583,8,0.00,0.00,i,
584,8,3.70,0.00,a,
585,8,6.00,0.00,a,
586,8,0.70,0.00,a,
587,8,0.00,0.00,i,
588,8,1.70,0.00,a,
589,8,0.00,0.00,u,
590,8,0.00,0.00,u,
591,8,0.00,0.00,a,
592,8,0.00,0.00,u,
593,8,2.00,100.00,a,
594,8,0.00,0.00,u,
595,8,0.00,0.00,a,
596,8,0.00,25.00,d,
597,8,1.30,0.00,a,
598,8,0.00,0.00,u,
599,8,0.00,0.00,a,
600,8,2.80,0.00,a,
601,8,0.00,0.00,u,
602,8,0.50,0.00,a,
603,8,3.50,0.00,a,
604,8,0.00,0.00,u,
605,8,2.80,0.00,a,
606,8,2.20,0.00,a,
607,8,0.00,0.00,u,
608,8,0.80,0.00,a,
609,8,0.80,0.00,a,
610,8,1.20,100.00,a,
611,8,0.00,0.00,u,
612,8,2.80,0.00,a,
613,8,1.20,100.00,a,
614,8,0.50,0.00,a,
615,8,1.80,100.00,a,
616,8,0.00,0.00,u,
617,8,0.00,0.00,u,
618,8,0.80,0.00,a,
619,8,0.80,100.00,a,
620,8,0.00,0.00,i,
621,8,1.50,0.00,a,
622,8,0.00,0.00,u,
623,8,1.20,0.00,a,
624,8,4.80,0.00,a,
625,8,0.50,25.00,d,
626,8,1.20,0.00,a,
627,8,2.50,0.00,a,
628,8,0.50,0.00,a,
629,8,0.50,0.00,a,
630,8,0.00,0.00,a,
631,8,1.20,0.00,a,
632,8,1.20,100.00,a,
633,8,4.20,100.00,a,
634,8,0.80,0.00,a,
635,8,1.20,0.00,a,
636,8,5.20,0.00,a,
637,8,0.80,100.00,a,
638,8,0.80,100.00,a,
639,8,0.00,0.00,u,
640,8,0.00,0.00,u,
641,8,0.50,0.00,a,
642,8,0.90,75.00,d,
643,8,4.50,100.00,a,
644,8,0.90,75.00,d,
645,8,0.80,0.00,a,
646,8,3.20,0.00,a,
647,8,0.00,0.00,u,
648,8,4.80,0.00,a,
649,8,0.00,0.00,u,
650,8,0.50,0.00,a,
651,8,0.50,0.00,a,
652,8,0.50,0.00,a,
653,8,0.00,0.00,u,
654,8,2.50,100.00,a,
655,8,0.00,0.00,u,
656,8,0.00,0.00,u,
657,8,0.00,0.00,i,
658,8,0.50,0.00,a,
659,8,1.50,0.00,a,
660,8,1.50,0.00,a,
661,8,1.70,100.00,a,
662,8,0.80,0.00,a,
663,8,3.80,0.00,a,
664,8,-0.50,0.00,a,
665,8,-0.50,100.00,a,
666,8,2.50,0.00,a,
667,8,0.00,100.00,a,
668,8,4.70,0.00,a,
669,8,1.00,0.00,a,
670,8,5.30,0.00,a,
671,8,0.50,0.00,a,
672,8,2.00,0.00,a,
673,8,6.30,0.00,a,
674,8,0.50,0.00,a,
675,8,0.00,0.00,a,
676,8,5.50,100.00,a,
677,8,1.20,0.00,a,
678,8,-1.00,100.00,a,
679,8,0.50,0.00,a,
680,8,0.20,100.00,a,
681,8,6.00,0.00,a,
682,8,0.80,0.00,a,
683,8,6.70,100.00,a,
684,8,4.50,0.00,a,
685,8,2.70,100.00,a,
686,8,1.30,0.00,a,
687,8,0.00,0.00,a,
688,8,-0.50,0.00,a,
689,8,0.50,0.00,a,
690,8,-0.50,0.00,a,
691,8,1.50,100.00,a,
692,8,0.00,0.00,i,
693,8,0.70,0.00,a,
694,8,7.70,0.00,a,
695,8,2.50,0.00,a,
696,8,0.30,0.00,a,
697,8,0.70,0.00,a,
698,8,2.10,75.00,d,
699,8,0.30,100.00,a,
700,8,0.50,0.00,a,
701,8,0.00,0.00,u,
702,8,-0.50,0.00,a,
703,8,-0.50,0.00,a,
704,8,0.00,0.00,u,
705,8,0.00,0.00,a,
706,8,-0.20,0.00,a,
707,8,0.70,0.00,a,
708,8,2.80,0.00,a,
709,8,1.50,0.00,a,
710,8,-0.50,0.00,a,
711,8,0.50,0.00,a,
712,8,1.20,100.00,a,
713,8,0.70,0.00,a,
714,8,7.50,0.00,a,
715,8,0.00,0.00,a,
716,8,0.70,0.00,a,
717,8,1.70,0.00,a,
718,8,1.20,0.00,a,
719,8,0.20,100.00,a,
720,8,1.50,0.00,a,
721,8,0.30,0.00,a,
722,8,4.80,0.00,a,
723,8,-0.50,0.00,a,
724,8,0.00,0.00,a,
725,8,0.50,100.00,a,
726,8,0.30,100.00,a,
727,8,0.30,25.00,d,
728,8,0.30,100.00,a,
729,8,0.00,0.00,u,
730,8,-0.30,0.00,a,
731,8,0.50,100.00,a,
732,8,-0.20,0.00,a,
733,8,4.00,0.00,a,
734,8,1.00,0.00,a,
735,8,0.30,0.00,a,
736,8,5.20,0.00,a,
737,8,-0.50,0.00,a,
738,8,0.50,0.00,a,
739,8,0.50,0.00,a,
740,8,0.50,0.00,a,
741,8,-0.20,50.00,d,
742,8,0.50,0.00,a,
743,8,1.00,0.00,a,
744,8,1.20,0.00,a,
745,8,1.20,0.00,a,
746,8,0.50,0.00,a,
747,8,0.00,0.00,a,
748,8,1.70,0.00,a,
749,8,1.20,0.00,a,
750,8,0.30,0.00,a,
751,8,0.20,0.00,a,
752,8,1.30,0.00,a,
1,9,6.00,0.00,a,
2,9,1.00,0.00,a,
3,9,0.00,0.00,u,
4,9,1.00,0.00,a,
5,9,11.80,100.00,a,
6,9,4.50,100.00,a,
7,9,5.80,0.00,a,
8,9,7.20,0.00,a,
9,9,0.00,0.00,u,
10,9,1.80,0.00,a,
11,9,1.00,100.00,a,
12,9,0.40,50.00,d,
13,9,1.00,0.00,a,
14,9,0.00,0.00,u,
15,9,1.00,0.00,a,
16,9,6.00,100.00,a,
17,9,0.00,0.00,i,
18,9,0.00,0.00,i,
19,9,2.00,0.00,a,
20,9,5.50,100.00,a,
21,9,8.50,100.00,a,
22,9,3.20,0.00,a,
23,9,0.00,0.00,u,
24,9,1.20,100.00,a,
25,9,1.20,0.00,a,
26,9,4.20,0.00,a,
27,9,0.00,100.00,a,
28,9,0.00,0.00,u,
29,9,0.00,0.00,u,
30,9,0.00,0.00,i,
31,9,0.00,0.00,i,
32,9,2.50,100.00,a,
33,9,-1.00,0.00,a,
34,9,0.00,0.00,u,
35,9,0.00,0.00,u,
36,9,4.20,0.00,a,
37,9,3.20,100.00,a,
38,9,2.50,100.00,a,
39,9,-0.20,0.00,a,
40,9,-0.80,100.00,a,
41,9,2.80,0.00,a,
42,9,-0.20,25.00,d,
43,9,0.00,0.00,u,
44,9,0.00,0.00,a,
45,9,-1.00,0.00,a,
46,9,0.00,0.00,u,
47,9,4.00,100.00,a,
48,9,-0.20,25.00,d,
49,9,0.00,0.00,u,
50,9,4.80,0.00,a,
51,9,0.00,0.00,u,
52,9,0.70,100.00,a,
53,9,3.80,0.00,a,
54,9,2.50,0.00,a,
55,9,-0.20,100.00,a,
56,9,0.00,0.00,u,
57,9,0.00,0.00,u,
58,9,1.50,100.00,a,
59,9,1.00,100.00,a,
60,9,-1.00,0.00,a,
61,9,0.00,0.00,u,
62,9,-1.00,0.00,a,
63,9,-1.00,0.00,a,
64,9,2.20,100.00,a,
65,9,0.00,0.00,u,
66,9,0.00,0.00,u,
67,9,3.50,0.00,a,
68,9,-0.50,0.00,a,
69,9,-0.50,0.00,a,
70,9,0.00,0.00,u,
71,9,0.00,0.00,u,
72,9,3.50,0.00,a,
73,9,-0.50,100.00,a,
74,9,4.30,0.00,a,
75,9,-0.50,0.00,a,
76,9,-0.50,0.00,a,
77,9,1.30,0.00,a,
78,9,-0.50,100.00,a,
79,9,0.00,0.00,u,
80,9,-0.50,100.00,a,
81,9,2.50,100.00,a,
82,9,7.50,0.00,a,
83,9,4.00,100.00,a,
84,9,4.50,0.00,a,
85,9,2.70,0.00,a,
86,9,0.30,100.00,a,
87,9,2.30,100.00,a,
88,9,0.00,100.00,a,
89,9,0.00,0.00,u,
90,9,2.00,0.00,a,
91,9,0.00,0.00,u,
92,9,0.00,0.00,u,
93,9,0.00,0.00,u,
94,9,0.00,0.00,u,
95,9,0.00,0.00,u,
96,9,0.00,0.00,u,
97,9,0.20,50.00,d,
98,9,-0.30,100.00,a,
99,9,0.00,0.00,u,
100,9,5.50,0.00,a,
101,9,4.80,100.00,a,
102,9,0.00,0.00,a,
103,9,0.00,0.00,a,
104,9,0.00,0.00,a,
105,9,0.00,0.00,a,
106,9,3.80,0.00,a,
107,9,1.20,0.00,a,
108,9,3.00,0.00,a,
109,9,0.50,0.00,a,
110,9,3.50,0.00,a,
111,9,0.00,100.00,a,
112,9,0.00,0.00,u,
113,9,3.20,0.00,a,
114,9,0.00,0.00,a,
115,9,0.00,0.00,u,
116,9,0.50,50.00,d,
117,9,0.00,0.00,u,
118,9,0.00,0.00,u,
119,9,8.00,0.00,a,
120,9,4.50,100.00,a,
121,9,3.50,0.00,a,
122,9,0.00,0.00,i,
123,9,0.20,0.00,a,
124,9,2.80,0.00,a,
125,9,1.80,100.00,a,
126,9,3.50,0.00,a,
127,9,0.00,100.00,a,
128,9,0.80,0.00,a,
129,9,2.40,75.00,d,
130,9,0.00,0.00,a,
131,9,0.00,0.00,a,
132,9,0.00,100.00,a,
133,9,0.00,0.00,a,
134,9,0.00,0.00,u,
135,9,0.00,0.00,i,
136,9,7.00,0.00,a,
137,9,0.00,0.00,a,
138,9,0.50,0.00,a,
139,9,2.00,0.00,a,
140,9,0.50,0.00,a,
141,9,0.00,0.00,u,
142,9,0.00,0.00,u,
143,9,0.50,0.00,a,
144,9,0.70,0.00,a,
145,9,3.00,100.00,a,
146,9,1.50,0.00,a,
147,9,0.00,0.00,u,
148,9,1.70,0.00,a,
149,9,-0.30,100.00,a,
150,9,0.00,0.00,u,
151,9,5.50,0.00,a,
152,9,0.40,75.00,d,
153,9,0.00,0.00,i,
154,9,0.00,0.00,u,
155,9,0.00,0.00,u,
156,9,0.50,0.00,a,
157,9,0.80,75.00,d,
158,9,3.50,100.00,a,
159,9,0.00,0.00,i,
160,9,4.00,0.00,a,
161,9,0.00,0.00,u,
162,9,1.50,75.00,d,
163,9,0.00,0.00,i,
164,9,0.00,0.00,u,
165,9,0.00,0.00,u,
166,9,2.30,0.00,a,
167,9,1.70,0.00,a,
168,9,0.50,100.00,a,
169,9,2.00,100.00,a,
170,9,2.00,0.00,a,
171,9,0.00,0.00,u,
172,9,0.70,100.00,a,
173,9,4.30,100.00,a,
174,9,0.00,0.00,u,
175,9,0.50,0.00,a,
176,9,0.00,0.00,u,
177,9,0.00,0.00,u,
178,9,8.30,0.00,a,
179,9,0.00,0.00,u,
180,9,2.30,0.00,a,
181,9,2.00,0.00,a,
182,9,0.50,0.00,a,
183,9,-1.00,0.00,a,
184,9,0.00,0.00,u,
185,9,-1.00,0.00,a,
186,9,0.00,0.00,i,
187,9,3.20,0.00,a,
188,9,-1.00,0.00,a,
189,9,0.00,0.00,u,
190,9,-0.80,0.00,a,
191,9,1.00,0.00,a,
192,9,4.00,0.00,a,
193,9,-1.00,100.00,a,
194,9,0.00,0.00,i,
195,9,-1.00,0.00,a,
196,9,0.00,0.00,u,
197,9,-1.00,0.00,a,
198,9,1.50,100.00,a,
199,9,-0.80,0.00,a,
200,9,1.80,100.00,a,
201,9,0.00,0.00,u,
202,9,0.20,100.00,a,
203,9,-1.00,0.00,a,
204,9,0.00,0.00,u,
205,9,2.80,0.00,a,
206,9,-1.00,0.00,a,
207,9,0.20,0.00,a,
208,9,0.00,0.00,u,
209,9,0.50,0.00,a,
210,9,1.20,0.00,a,
211,9,0.00,0.00,u,
212,9,0.00,0.00,u,
213,9,-1.00,0.00,a,
214,9,-1.00,0.00,a,
215,9,3.00,0.00,a,
216,9,0.00,0.00,i,
217,9,1.50,100.00,a,
218,9,-0.80,0.00,a,
219,9,0.00,0.00,u,
220,9,2.70,0.00,a,
221,9,0.50,0.00,a,
222,9,0.00,0.00,u,
223,9,0.50,0.00,a,
224,9,4.50,0.00,a,
225,9,7.00,100.00,a,
226,9,1.50,100.00,a,
227,9,0.00,0.00,i,
228,9,2.50,100.00,a,
229,9,0.00,0.00,i,
230,9,0.50,100.00,a,
231,9,0.00,0.00,u,
232,9,1.00,100.00,a,
233,9,5.00,100.00,a,
234,9,0.00,0.00,u,
235,9,0.00,0.00,i,
236,9,6.50,100.00,a,
237,9,3.70,100.00,a,
238,9,4.30,0.00,a,
239,9,1.30,0.00,a,
240,9,0.00,0.00,u,
241,9,4.30,100.00,a,
242,9,1.70,100.00,a,
243,9,0.70,0.00,a,
244,9,1.30,100.00,a,
245,9,0.00,0.00,s,
246,9,1.00,100.00,a,
247,9,0.00,0.00,i,
248,9,0.00,0.00,u,
249,9,2.50,0.00,a,
250,9,0.20,50.00,d,
251,9,0.00,0.00,u,
252,9,1.50,100.00,a,
253,9,2.00,0.00,a,
254,9,0.00,100.00,a,
255,9,0.00,0.00,a,
256,9,4.70,0.00,a,
257,9,3.00,0.00,a,
258,9,2.00,0.00,a,
259,9,0.20,0.00,a,
260,9,4.50,0.00,a,
261,9,3.00,0.00,a,
262,9,0.00,0.00,i,
263,9,0.00,0.00,a,
264,9,0.00,0.00,u,
265,9,0.00,0.00,i,
266,9,6.50,0.00,a,
267,9,5.50,100.00,a,
268,9,0.00,0.00,i,
269,9,0.00,0.00,a,
270,9,0.50,100.00,a,
271,9,3.20,100.00,a,
272,9,0.80,0.00,a,
273,9,2.50,100.00,a,
274,9,0.00,0.00,a,
275,9,0.00,0.00,a,
276,9,0.50,0.00,a,
277,9,0.00,0.00,u,
278,9,0.00,0.00,u,
279,9,0.00,0.00,u,
280,9,0.00,0.00,u,
281,9,0.00,0.00,a,
282,9,0.00,0.00,u,
283,9,5.80,0.00,a,
284,9,1.80,100.00,a,
285,9,0.00,0.00,u,
286,9,0.00,0.00,a,
287,9,2.50,0.00,a,
288,9,0.50,0.00,a,
289,9,0.50,0.00,a,
290,9,0.00,0.00,i,
291,9,3.00,0.00,a,
292,9,2.30,100.00,a,
293,9,2.70,0.00,a,
294,9,0.70,0.00,a,
295,9,4.70,100.00,a,
296,9,0.00,0.00,i,
297,9,0.50,0.00,a,
298,9,0.50,0.00,a,
299,9,4.30,100.00,a,
300,9,0.70,0.00,a,
301,9,1.50,0.00,a,
302,9,2.50,0.00,a,
303,9,3.50,0.00,a,
304,9,1.70,0.00,a,
305,9,0.00,0.00,u,
306,9,0.50,0.00,a,
307,9,0.50,0.00,a,
308,9,0.00,0.00,u,
309,9,0.00,0.00,u,
310,9,1.50,0.00,a,
311,9,2.30,0.00,a,
312,9,0.00,0.00,u,
313,9,0.00,0.00,u,
314,9,2.00,0.00,a,
315,9,0.00,0.00,u,
316,9,0.00,0.00,i,
317,9,0.00,0.00,i,
318,9,0.80,0.00,a,
319,9,1.80,0.00,a,
320,9,1.00,0.00,a,
321,9,1.00,0.00,a,
322,9,0.50,100.00,a,
323,9,0.00,0.00,a,
324,9,2.20,0.00,a,
325,9,1.00,0.00,a,
326,9,1.50,0.00,a,
327,9,0.00,0.00,u,
328,9,4.20,100.00,a,
329,9,1.50,100.00,a,
330,9,2.00,0.00,a,
331,9,1.20,100.00,a,
332,9,3.50,100.00,a,
333,9,0.00,0.00,u,
334,9,0.00,0.00,u,
335,9,1.80,0.00,a,
336,9,0.00,0.00,a,
337,9,3.20,100.00,a,
338,9,0.00,50.00,d,
339,9,-0.50,0.00,a,
340,9,-0.50,0.00,a,
341,9,0.50,0.00,a,
342,9,1.70,100.00,a,
343,9,0.50,100.00,a,
344,9,0.50,100.00,a,
345,9,-0.50,100.00,a,
346,9,-0.50,0.00,a,
347,9,0.40,75.00,d,
348,9,5.00,100.00,a,
349,9,0.00,0.00,u,
350,9,5.00,0.00,a,
351,9,-0.20,50.00,d,
352,9,0.70,0.00,a,
353,9,0.00,100.00,a,
354,9,2.00,100.00,a,
355,9,0.00,0.00,u,
356,9,-0.50,0.00,a,
357,9,0.00,0.00,u,
358,9,1.00,100.00,a,
359,9,0.00,0.00,u,
360,9,0.00,0.00,u,
361,9,0.00,0.00,u,
362,9,0.00,100.00,a,
363,9,0.00,0.00,u,
364,9,0.00,0.00,u,
365,9,0.50,100.00,a,
366,9,0.00,0.00,i,
367,9,2.20,0.00,a,
368,9,1.00,0.00,a,
369,9,1.00,0.00,a,
370,9,0.00,0.00,i,
371,9,3.20,0.00,a,
372,9,1.50,0.00,a,
373,9,3.20,0.00,a,
374,9,3.50,100.00,a,
375,9,2.80,100.00,a,
376,9,1.20,100.00,a,
377,9,0.00,0.00,u,
378,9,1.00,0.00,a,
379,9,1.00,0.00,a,
380,9,1.00,0.00,a,
381,9,4.00,0.00,a,
382,9,2.50,0.00,a,
383,9,0.00,0.00,u,
384,9,5.20,0.00,a,
385,9,3.50,100.00,a,
386,9,2.80,100.00,a,
387,9,6.00,0.00,a,
388,9,1.70,75.00,d,
389,9,0.00,0.00,n,
390,9,3.00,75.00,d,
391,9,1.00,0.00,a,
392,9,1.20,100.00,a,
393,9,0.00,0.00,i,
394,9,0.00,0.00,u,
395,9,0.00,0.00,u,
396,9,1.00,0.00,a,
397,9,0.00,0.00,u,
398,9,0.00,0.00,i,
399,9,0.00,0.00,u,
400,9,0.50,0.00,a,
401,9,0.50,100.00,a,
402,9,0.50,100.00,a,
403,9,4.50,100.00,a,
404,9,0.00,0.00,u,
405,9,2.30,0.00,a,
406,9,0.00,0.00,i,
407,9,7.00,0.00,a,
408,9,5.70,0.00,a,
409,9,1.00,100.00,a,
410,9,1.00,100.00,a,
411,9,5.30,100.00,a,
412,9,0.00,0.00,u,
413,9,0.70,100.00,a,
414,9,2.50,100.00,a,
415,9,3.50,100.00,a,
416,9,1.70,0.00,a,
417,9,1.00,100.00,a,
418,9,3.70,0.00,a,
419,9,3.70,100.00,a,
420,9,0.00,0.00,u,
421,9,0.00,0.00,i,
422,9,0.70,100.00,a,
423,9,3.00,100.00,a,
424,9,2.30,0.00,a,
425,9,0.00,0.00,u,
426,9,0.20,0.00,a,
427,9,2.30,0.00,a,
428,9,0.00,0.00,u,
429,9,0.50,0.00,a,
430,9,10.30,100.00,a,
431,9,0.50,0.00,a,
432,9,0.00,0.00,u,
433,9,0.00,0.00,u,
434,9,0.00,0.00,a,
435,9,0.00,0.00,a,
436,9,3.50,0.00,a,
437,9,0.00,0.00,i,
438,9,0.00,100.00,a,
439,9,0.00,0.00,a,
440,9,3.80,100.00,a,
441,9,0.20,0.00,a,
442,9,2.40,75.00,d,
443,9,4.50,0.00,a,
444,9,2.20,0.00,a,
445,9,0.00,0.00,u,
446,9,0.00,0.00,a,
447,9,0.80,100.00,a,
448,9,0.00,0.00,a,
449,9,3.50,0.00,a,
450,9,3.20,100.00,a,
451,9,0.00,0.00,u,
452,9,2.20,100.00,a,
453,9,2.70,0.00,a,
454,9,0.00,0.00,u,
455,9,2.60,75.00,d,
456,9,-0.80,100.00,a,
457,9,4.80,100.00,a,
458,9,1.00,0.00,a,
459,9,1.20,0.00,a,
460,9,0.00,0.00,u,
461,9,0.00,0.00,a,
462,9,0.00,0.00,a,
463,9,0.00,0.00,a,
464,9,0.00,0.00,u,
465,9,0.00,0.00,u,
466,9,0.50,100.00,a,
467,9,0.00,0.00,a,
468,9,0.00,0.00,u,
469,9,4.00,0.00,a,
470,9,2.50,100.00,a,
471,9,0.50,0.00,a,
472,9,0.00,0.00,u,
473,9,0.00,0.00,i,
474,9,0.70,100.00,a,
475,9,3.50,0.00,a,
476,9,4.30,0.00,a,
477,9,0.00,0.00,i,
478,9,2.70,100.00,a,
479,9,0.50,0.00,a,
480,9,0.50,0.00,a,
481,9,0.50,0.00,a,
482,9,0.00,0.00,i,
483,9,0.50,0.00,a,
484,9,0.00,0.00,u,
485,9,3.00,100.00,a,
486,9,2.00,0.00,a,
487,9,1.50,0.00,a,
488,9,7.50,0.00,a,
489,9,3.70,0.00,a,
490,9,3.30,100.00,a,
491,9,3.50,100.00,a,
492,9,0.00,0.00,u,
493,9,5.70,0.00,a,
494,9,0.50,100.00,a,
495,9,0.00,0.00,u,
496,9,0.00,0.00,u,
497,9,2.30,100.00,a,
498,9,0.00,0.00,u,
499,9,2.40,75.00,d,
500,9,2.30,0.00,a,
501,9,0.50,0.00,a,
502,9,2.20,0.00,a,
503,9,0.00,0.00,u,
504,9,0.00,0.00,u,
505,9,1.50,0.00,a,
506,9,0.50,100.00,a,
507,9,0.00,0.00,i,
508,9,0.80,0.00,a,
509,9,0.00,0.00,u,
510,9,0.80,0.00,a,
511,9,1.20,0.00,a,
512,9,0.00,0.00,u,
513,9,0.00,0.00,a,
514,9,0.00,0.00,a,
515,9,2.20,0.00,a,
516,9,1.00,0.00,a,
517,9,2.50,0.00,a,
518,9,0.00,0.00,u,
519,9,0.20,100.00,a,
520,9,0.00,0.00,u,
521,9,0.20,0.00,a,
522,9,0.50,0.00,a,
523,9,0.00,0.00,u,
524,9,0.00,0.00,u,
525,9,0.60,50.00,d,
526,9,1.00,0.00,a,
527,9,0.50,0.00,a,
528,9,-0.50,0.00,a,
529,9,-0.50,0.00,a,
530,9,-0.50,0.00,a,
531,9,3.50,100.00,a,
532,9,4.50,0.00,a,
533,9,-0.20,50.00,d,
534,9,-0.50,0.00,a,
535,9,-0.20,50.00,d,
536,9,-0.20,50.00,d,
537,9,0.00,0.00,u,
538,9,-0.50,0.00,a,
539,9,-0.50,100.00,a,
540,9,-0.50,0.00,a,
541,9,0.00,100.00,a,
542,9,0.00,0.00,u,
543,9,0.00,0.00,a,
544,9,0.00,0.00,i,
545,9,0.00,0.00,u,
546,9,0.00,0.00,u,
547,9,2.30,100.00,a,
548,9,0.00,0.00,i,
549,9,-0.30,0.00,a,
550,9,-0.50,0.00,a,
551,9,0.70,0.00,a,
552,9,1.50,100.00,a,
553,9,3.50,0.00,a,
554,9,-0.50,0.00,a,
555,9,0.00,0.00,u,
556,9,0.00,0.00,u,
557,9,-0.50,0.00,a,
558,9,-0.50,0.00,a,
559,9,0.00,0.00,u,
560,9,2.50,0.00,a,
561,9,0.00,0.00,a,
562,9,-0.50,0.00,a,
563,9,0.00,0.00,u,
564,9,0.00,0.00,u,
565,9,2.50,0.00,a,
566,9,-0.50,0.00,a,
567,9,-0.50,0.00,a,
568,9,4.50,0.00,a,
569,9,0.00,0.00,i,
570,9,2.00,0.00,a,
571,9,0.00,0.00,i,
572,9,0.00,0.00,i,
573,9,1.70,0.00,a,
574,9,0.00,0.00,i,
575,9,6.30,0.00,a,
576,9,0.00,0.00,u,
577,9,0.00,0.00,i,
578,9,0.00,0.00,u,
579,9,0.00,0.00,u,
580,9,1.00,0.00,a,
581,9,0.00,0.00,i,
582,9,4.30,0.00,a,
583,9,0.00,0.00,i,
584,9,2.50,0.00,a,
585,9,6.00,0.00,a,
586,9,0.30,0.00,a,
587,9,0.00,0.00,i,
588,9,0.70,100.00,a,
589,9,0.00,0.00,u,
590,9,0.00,0.00,u,
591,9,-0.50,0.00,a,
592,9,0.00,0.00,u,
593,9,2.50,100.00,a,
594,9,0.00,0.00,u,
595,9,-0.50,0.00,a,
596,9,0.00,0.00,i,
597,9,1.50,0.00,a,
598,9,0.00,0.00,u,
599,9,-0.50,0.00,a,
600,9,1.70,0.00,a,
601,9,0.00,0.00,u,
602,9,-0.50,0.00,a,
603,9,2.00,0.00,a,
604,9,0.00,0.00,u,
605,9,1.50,0.00,a,
606,9,0.00,0.00,i,
607,9,0.00,0.00,u,
608,9,-0.20,75.00,d,
609,9,-0.30,0.00,a,
610,9,0.30,100.00,a,
611,9,0.00,0.00,u,
612,9,1.50,0.00,a,
613,9,0.50,100.00,a,
614,9,-0.50,0.00,a,
615,9,0.70,100.00,a,
616,9,0.00,0.00,u,
617,9,0.00,0.00,u,
618,9,-0.30,0.00,a,
619,9,-0.30,100.00,a,
620,9,0.00,0.00,i,
621,9,0.70,0.00,a,
622,9,0.00,0.00,u,
623,9,0.30,0.00,a,
624,9,4.00,0.00,a,
625,9,0.10,25.00,d,
626,9,0.00,0.00,a,
627,9,2.00,0.00,a,
628,9,0.00,0.00,a,
629,9,0.00,0.00,a,
630,9,0.50,0.00,a,
631,9,0.50,0.00,a,
632,9,0.50,100.00,a,
633,9,3.00,100.00,a,
634,9,0.20,0.00,a,
635,9,0.80,0.00,a,
636,9,4.50,0.00,a,
637,9,0.20,100.00,a,
638,9,0.50,100.00,a,
639,9,0.00,0.00,u,
640,9,0.00,0.00,u,
641,9,0.00,0.00,a,
642,9,0.80,100.00,a,
643,9,3.50,100.00,a,
644,9,0.80,100.00,a,
645,9,0.20,0.00,a,
646,9,2.20,0.00,a,
647,9,0.00,0.00,u,
648,9,5.20,0.00,a,
649,9,0.00,0.00,u,
650,9,0.00,0.00,a,
651,9,0.00,0.00,a,
652,9,0.00,0.00,a,
653,9,0.00,0.00,u,
654,9,3.00,100.00,a,
655,9,0.00,0.00,u,
656,9,0.00,0.00,u,
657,9,0.00,0.00,i,
658,9,0.00,0.00,a,
659,9,0.50,0.00,a,
660,9,1.00,0.00,a,
661,9,2.00,100.00,a,
662,9,1.50,0.00,a,
663,9,3.00,0.00,a,
664,9,0.00,0.00,a,
665,9,-0.30,100.00,a,
666,9,3.00,0.00,a,
667,9,0.50,100.00,a,
668,9,4.30,0.00,a,
669,9,1.20,0.00,a,
670,9,5.30,0.00,a,
671,9,0.00,0.00,a,
672,9,1.30,0.00,a,
673,9,5.50,0.00,a,
674,9,0.50,0.00,a,
675,9,0.00,0.00,a,
676,9,4.00,100.00,a,
677,9,0.50,0.00,a,
678,9,-0.50,100.00,a,
679,9,-0.50,0.00,a,
680,9,-0.50,100.00,a,
681,9,5.50,0.00,a,
682,9,0.50,0.00,a,
683,9,2.60,50.00,d,
684,9,4.00,0.00,a,
685,9,1.50,100.00,a,
686,9,1.50,0.00,a,
687,9,-0.50,0.00,a,
688,9,-1.00,0.00,a,
689,9,0.50,0.00,a,
690,9,0.00,0.00,a,
691,9,1.50,100.00,a,
692,9,0.00,0.00,i,
693,9,0.80,0.00,a,
694,9,6.50,0.00,a,
695,9,1.80,0.00,a,
696,9,0.50,0.00,a,
697,9,0.30,0.00,a,
698,9,3.00,100.00,a,
699,9,0.20,100.00,a,
700,9,1.00,0.00,a,
701,9,0.00,0.00,u,
702,9,-1.00,0.00,a,
703,9,-1.00,0.00,a,
704,9,0.00,0.00,u,
705,9,0.50,0.00,a,
706,9,-0.30,0.00,a,
707,9,1.00,0.00,a,
708,9,2.70,0.00,a,
709,9,1.80,0.00,a,
710,9,-1.00,0.00,a,
711,9,1.00,0.00,a,
712,9,1.50,100.00,a,
713,9,1.50,0.00,a,
714,9,6.30,0.00,a,
715,9,0.00,0.00,a,
716,9,0.80,0.00,a,
717,9,1.50,0.00,a,
718,9,0.30,0.00,a,
719,9,-0.50,100.00,a,
720,9,1.00,0.00,a,
721,9,1.30,0.00,a,
722,9,3.50,0.00,a,
723,9,0.00,0.00,a,
724,9,0.70,0.00,a,
725,9,1.20,100.00,a,
726,9,0.30,100.00,a,
727,9,0.00,0.00,i,
728,9,1.00,100.00,a,
729,9,0.00,0.00,u,
730,9,1.00,0.00,a,
731,9,1.00,100.00,a,
732,9,0.50,0.00,a,
733,9,3.50,0.00,a,
734,9,0.00,0.00,i,
735,9,1.70,0.00,a,
736,9,4.50,0.00,a,
737,9,0.20,0.00,a,
738,9,-0.50,0.00,a,
739,9,0.50,0.00,a,
740,9,0.50,0.00,a,
741,9,-0.50,100.00,a,
742,9,0.50,0.00,a,
743,9,0.50,0.00,a,
744,9,0.50,0.00,a,
745,9,-0.50,0.00,a,
746,9,2.20,0.00,a,
747,9,0.00,0.00,a,
748,9,1.70,0.00,a,
749,9,1.20,0.00,a,
750,9,0.30,0.00,a,
751,9,0.20,0.00,a,
752,9,1.30,0.00,a,
1,10,7.00,0.00,a,
2,10,1.00,0.00,a,
3,10,0.00,0.00,u,
4,10,1.00,0.00,a,
5,10,12.00,100.00,a,
6,10,5.30,100.00,a,
7,10,7.00,0.00,a,
8,10,7.00,0.00,a,
9,10,0.00,0.00,u,
10,10,1.70,0.00,a,
11,10,1.00,100.00,a,
12,10,0.00,0.00,i,
13,10,1.00,0.00,a,
14,10,0.00,0.00,u,
15,10,1.00,0.00,a,
16,10,5.30,100.00,a,1.00
17,10,0.00,0.00,i,3.00
18,10,0.00,0.00,i,
19,10,0.40,25.00,d,
20,10,7.30,100.00,a,4.00
21,10,8.70,100.00,a,
22,10,2.00,0.00,a,
23,10,0.00,0.00,u,
24,10,1.70,100.00,a,
25,10,1.30,0.00,a,
26,10,3.50,75.00,d,
27,10,0.20,100.00,a,
28,10,0.00,0.00,u,
29,10,0.00,0.00,u,
30,10,0.00,0.00,i,
31,10,0.00,0.00,i,
32,10,3.00,100.00,a,
33,10,0.00,0.00,a,
34,10,0.00,0.00,u,
35,10,0.00,0.00,u,
36,10,4.80,0.00,a,
37,10,3.20,100.00,a,
38,10,3.20,100.00,a,
39,10,1.00,0.00,a,
40,10,0.10,25.00,d,
41,10,3.80,0.00,a,
42,10,0.00,0.00,i,
43,10,0.00,0.00,u,
44,10,0.50,0.00,a,
45,10,0.00,0.00,a,
46,10,0.00,0.00,u,
47,10,4.00,100.00,a,
48,10,0.00,50.00,d,4.00
49,10,0.00,0.00,u,
50,10,2.10,75.00,d,
51,10,0.00,0.00,u,
52,10,0.20,100.00,a,
53,10,4.80,0.00,a,
54,10,2.20,0.00,a,
55,10,1.00,100.00,a,
56,10,0.00,0.00,u,
57,10,0.00,0.00,u,
58,10,2.80,100.00,a,
59,10,2.20,100.00,a,
60,10,0.00,0.00,a,
61,10,0.00,0.00,u,
62,10,0.00,0.00,a,
63,10,0.00,0.00,a,
64,10,1.80,100.00,a,3.00
65,10,0.00,0.00,u,
66,10,0.00,0.00,u,
67,10,4.00,0.00,a,
68,10,0.00,0.00,a,
69,10,0.00,0.00,a,
70,10,0.00,0.00,u,
71,10,0.00,0.00,u,
72,10,3.30,0.00,a,
73,10,0.00,100.00,a,
74,10,4.30,0.00,a,
75,10,0.00,0.00,a,
76,10,0.00,0.00,a,
77,10,0.30,0.00,a,
78,10,0.00,100.00,a,
79,10,0.00,0.00,u,
80,10,0.00,100.00,a,
81,10,1.30,100.00,a,1.00
82,10,3.00,0.00,a,3.00
83,10,4.00,100.00,a,
84,10,6.00,0.00,a,
85,10,5.70,0.00,a,
86,10,0.70,100.00,a,
87,10,2.30,100.00,a,
88,10,1.00,100.00,a,
89,10,0.00,0.00,u,
90,10,3.30,0.00,a,
91,10,0.00,0.00,u,
92,10,0.00,0.00,u,
93,10,0.00,0.00,u,
94,10,0.00,0.00,u,
95,10,0.00,0.00,u,
96,10,0.00,0.00,u,
97,10,0.30,100.00,a,2.00
98,10,0.30,100.00,a,
99,10,0.00,0.00,u,
100,10,6.70,0.00,a,
101,10,3.00,100.00,a,
102,10,0.00,0.00,a,
103,10,0.00,0.00,a,
104,10,0.00,0.00,a,
105,10,0.00,0.00,a,
106,10,3.50,0.00,a,
107,10,1.20,0.00,a,
108,10,3.20,0.00,a,
109,10,0.20,0.00,a,
110,10,3.20,0.00,a,
111,10,0.00,100.00,a,
112,10,0.00,0.00,u,
113,10,3.50,0.00,a,
114,10,0.00,75.00,d,
115,10,0.00,0.00,u,
116,10,0.50,100.00,a,
117,10,0.00,0.00,u,
118,10,0.00,0.00,u,
119,10,8.70,0.00,a,
120,10,3.80,100.00,a,
121,10,3.50,0.00,a,
122,10,0.00,0.00,i,
123,10,0.50,0.00,a,
124,10,1.50,0.00,a,
125,10,1.80,100.00,a,
126,10,2.20,0.00,a,
127,10,0.00,100.00,a,
128,10,0.50,0.00,a,
129,10,2.00,100.00,a,
130,10,0.00,0.00,a,
131,10,0.00,0.00,a,
132,10,0.00,100.00,a,
133,10,0.00,0.00,a,
134,10,0.00,0.00,u,
135,10,0.00,0.00,i,1.00
136,10,4.20,0.00,a,2.00
137,10,0.00,0.00,a,
138,10,0.00,0.00,a,
139,10,2.50,0.00,a,
140,10,0.00,0.00,a,
141,10,0.00,0.00,u,
142,10,0.00,0.00,u,
143,10,0.00,0.00,a,
144,10,0.20,0.00,a,
145,10,0.50,100.00,a,
146,10,2.20,0.00,a,
147,10,0.00,0.00,u,
148,10,2.20,0.00,a,
149,10,0.30,100.00,a,
150,10,0.00,0.00,u,
151,10,6.00,0.00,a,
152,10,0.00,25.00,d,
153,10,0.00,0.00,i,
154,10,0.00,0.00,u,
155,10,0.00,0.00,u,
156,10,0.00,0.00,a,
157,10,0.00,25.00,d,
158,10,3.20,100.00,a,
159,10,0.00,0.00,i,
160,10,4.50,0.00,a,
161,10,0.00,0.00,u,
162,10,0.10,25.00,d,
163,10,0.00,0.00,i,
164,10,0.00,0.00,u,2.00
165,10,0.00,0.00,u,
166,10,2.00,0.00,a,
167,10,1.50,0.00,a,
168,10,0.00,100.00,a,
169,10,5.00,100.00,a,
170,10,0.40,25.00,d,
171,10,0.00,0.00,u,
172,10,0.50,100.00,a,
173,10,5.50,100.00,a,
174,10,0.00,0.00,u,
175,10,0.20,0.00,a,
176,10,0.00,0.00,u,
177,10,0.00,0.00,u,
178,10,6.50,0.00,a,1.00
179,10,0.00,0.00,u,
180,10,1.80,0.00,a,
181,10,1.80,0.00,a,
182,10,0.00,0.00,a,
183,10,0.00,0.00,a,
184,10,0.00,0.00,u,
185,10,0.00,0.00,a,
186,10,0.00,0.00,i,
187,10,4.80,0.00,a,
188,10,0.00,0.00,a,
189,10,0.00,0.00,u,
190,10,0.20,0.00,a,
191,10,2.80,0.00,a,
192,10,4.50,0.00,a,
193,10,0.00,100.00,a,
194,10,0.00,0.00,i,
195,10,0.00,0.00,a,
196,10,0.00,0.00,u,
197,10,0.00,0.00,a,
198,10,3.20,100.00,a,
199,10,0.20,0.00,a,
200,10,1.80,100.00,a,
201,10,0.00,0.00,u,
202,10,1.20,100.00,a,2.00
203,10,0.00,0.00,a,
204,10,0.00,0.00,u,
205,10,3.00,0.00,a,
206,10,0.20,0.00,a,
207,10,1.20,0.00,a,
208,10,0.00,0.00,u,
209,10,1.50,0.00,a,
210,10,2.00,0.00,a,
211,10,0.00,0.00,u,
212,10,0.00,0.00,u,
213,10,0.00,0.00,a,
214,10,0.00,0.00,a,
215,10,4.20,0.00,a,
216,10,0.00,0.00,i,
217,10,2.00,100.00,a,
218,10,0.20,0.00,a,1.00
219,10,0.00,0.00,u,
220,10,4.00,0.00,a,
221,10,0.00,0.00,a,
222,10,0.00,0.00,u,
223,10,0.00,0.00,a,
224,10,5.30,0.00,a,
225,10,8.70,100.00,a,
226,10,4.70,100.00,a,
227,10,0.00,0.00,i,
228,10,3.00,100.00,a,
229,10,0.00,0.00,i,
230,10,2.00,100.00,a,
231,10,0.00,0.00,u,
232,10,1.00,100.00,a,
233,10,5.30,100.00,a,
234,10,0.00,0.00,u,
235,10,0.00,0.00,i,1.00
236,10,7.70,100.00,a,
237,10,1.30,100.00,a,4.00
238,10,1.70,0.00,a,
239,10,1.00,0.00,a,
240,10,0.00,0.00,u,2.00
241,10,4.30,100.00,a,
242,10,1.50,100.00,a,
243,10,0.30,0.00,a,
244,10,0.70,100.00,a,
245,10,0.00,0.00,s,
246,10,0.30,100.00,a,
247,10,0.00,0.00,i,
248,10,0.00,0.00,u,
249,10,4.30,0.00,a,
250,10,0.00,100.00,a,
251,10,0.00,0.00,u,
252,10,1.00,100.00,a,
253,10,2.80,0.00,a,
254,10,0.00,100.00,a,
255,10,0.00,0.00,a,
256,10,6.50,0.00,a,
257,10,4.00,0.00,a,
258,10,2.50,0.00,a,
259,10,0.20,0.00,a,
260,10,5.20,0.00,a,
261,10,3.50,100.00,a,
262,10,0.00,50.00,d,
263,10,0.00,0.00,a,
264,10,0.00,0.00,u,
265,10,0.00,0.00,i,
266,10,6.70,0.00,a,1.00
267,10,3.50,100.00,a,
268,10,0.00,0.00,i,
269,10,0.00,0.00,a,
270,10,0.50,100.00,a,
271,10,3.20,100.00,a,
272,10,3.00,0.00,a,
273,10,1.40,75.00,d,
274,10,0.00,0.00,a,
275,10,0.00,0.00,a,
276,10,0.50,0.00,a,
277,10,0.00,0.00,u,
278,10,0.00,0.00,u,
279,10,0.00,0.00,u,
280,10,0.00,0.00,u,
281,10,0.00,0.00,a,
282,10,0.00,0.00,u,
283,10,7.50,0.00,a,2.00
284,10,0.00,0.00,i,
285,10,0.00,0.00,u,
286,10,0.00,0.00,a,
287,10,2.00,0.00,a,
288,10,0.00,0.00,a,
289,10,0.00,0.00,a,
290,10,0.00,0.00,i,
291,10,2.80,0.00,a,
292,10,2.00,100.00,a,
293,10,2.20,0.00,a,
294,10,0.20,0.00,a,
295,10,2.50,100.00,a,
296,10,0.00,0.00,i,
297,10,0.00,0.00,a,
298,10,0.00,0.00,a,
299,10,5.50,100.00,a,1.00
300,10,0.50,0.00,a,
301,10,1.00,0.00,a,
302,10,2.50,0.00,a,
303,10,1.80,0.00,a,
304,10,1.50,0.00,a,
305,10,0.00,0.00,u,
306,10,0.00,0.00,a,
307,10,0.00,0.00,a,
308,10,0.00,0.00,u,
309,10,0.00,0.00,u,
310,10,0.80,0.00,a,
311,10,1.50,0.00,a,2.00
312,10,0.00,0.00,u,
313,10,0.00,0.00,u,
314,10,4.00,0.00,a,
315,10,0.00,0.00,u,
316,10,0.00,0.00,i,
317,10,2.30,100.00,a,
318,10,2.70,0.00,a,
319,10,1.00,0.00,a,
320,10,0.70,0.00,a,
321,10,1.30,0.00,a,
322,10,2.70,100.00,a,
323,10,0.00,0.00,a,
324,10,2.70,0.00,a,
325,10,1.00,100.00,a,
326,10,1.30,0.00,a,
327,10,0.00,0.00,u,2.00
328,10,6.70,100.00,a,
329,10,4.00,100.00,a,
330,10,3.00,0.00,a,
331,10,1.30,100.00,a,
332,10,3.00,100.00,a,
333,10,0.00,0.00,u,
334,10,0.00,0.00,u,
335,10,2.00,0.00,a,
336,10,0.00,0.00,a,
337,10,4.00,100.00,a,1.00
338,10,0.30,100.00,a,
339,10,0.00,0.00,a,
340,10,0.00,0.00,a,
341,10,0.30,0.00,a,
342,10,1.30,100.00,a,
343,10,0.00,100.00,a,3.00
344,10,1.70,100.00,a,
345,10,0.00,100.00,a,
346,10,0.00,0.00,a,
347,10,1.00,100.00,a,
348,10,5.00,100.00,a,
349,10,0.00,0.00,u,
350,10,5.00,0.00,a,
351,10,0.00,100.00,a,
352,10,1.30,0.00,a,
353,10,1.00,100.00,a,
354,10,2.30,100.00,a,
355,10,0.00,0.00,u,
356,10,0.00,0.00,a,
357,10,0.00,0.00,u,
358,10,2.00,100.00,a,
359,10,0.00,0.00,u,
360,10,0.00,0.00,u,
361,10,0.00,0.00,u,
362,10,0.30,100.00,a,2.00
363,10,0.00,0.00,u,
364,10,0.00,0.00,u,
365,10,1.00,100.00,a,1.00
366,10,0.00,0.00,i,
367,10,3.30,0.00,a,
368,10,0.00,0.00,a,
369,10,0.00,0.00,a,
370,10,0.00,0.00,i,
371,10,2.30,0.00,a,
372,10,3.00,0.00,a,
373,10,3.70,0.00,a,
374,10,4.70,100.00,a,
375,10,4.00,100.00,a,
376,10,0.30,100.00,a,
377,10,0.00,0.00,u,
378,10,0.00,100.00,a,
379,10,0.00,0.00,a,
380,10,0.00,0.00,a,
381,10,6.00,0.00,a,1.00
382,10,1.30,0.00,a,
383,10,0.00,0.00,u,
384,10,4.00,0.00,a,2.00
385,10,1.70,100.00,a,
386,10,3.00,100.00,a,3.00
387,10,5.30,0.00,a,
388,10,0.80,75.00,d,
389,10,0.00,100.00,a,
390,10,4.30,100.00,a,
391,10,0.70,0.00,a,
392,10,0.00,100.00,a,
393,10,0.00,0.00,i,
394,10,0.00,0.00,u,
395,10,0.00,0.00,u,
396,10,0.00,0.00,a,
397,10,0.00,0.00,u,
398,10,0.00,0.00,i,
399,10,0.00,0.00,u,
400,10,0.00,0.00,a,
401,10,0.00,100.00,a,
402,10,0.20,100.00,a,
403,10,4.00,100.00,a,
404,10,0.00,0.00,u,
405,10,1.50,0.00,a,
406,10,0.00,100.00,a,
407,10,4.00,0.00,a,4.00
408,10,5.20,0.00,a,
409,10,0.50,100.00,a,
410,10,0.20,100.00,a,
411,10,6.20,100.00,a,
412,10,0.00,0.00,u,
413,10,0.50,100.00,a,2.00
414,10,2.80,100.00,a,
415,10,2.80,100.00,a,
416,10,1.50,0.00,a,
417,10,3.00,100.00,a,
418,10,1.20,0.00,a,3.00
419,10,3.20,100.00,a,
420,10,0.00,0.00,u,
421,10,0.50,100.00,a,
422,10,0.00,0.00,i,
423,10,3.00,100.00,a,
424,10,1.50,0.00,a,
425,10,0.00,0.00,u,
426,10,0.00,0.00,a,
427,10,1.50,0.00,a,
428,10,0.00,0.00,u,
429,10,0.00,0.00,a,
430,10,9.00,100.00,a,1.00
431,10,0.00,0.00,a,
432,10,0.00,0.00,u,
433,10,0.00,0.00,u,
434,10,0.00,0.00,a,
435,10,0.00,0.00,a,
436,10,1.30,0.00,a,
437,10,0.00,0.00,i,
438,10,0.00,100.00,a,
439,10,0.00,0.00,a,
440,10,2.00,100.00,a,
441,10,0.30,0.00,a,
442,10,3.70,100.00,a,
443,10,4.00,0.00,a,
444,10,1.00,0.00,a,
445,10,0.00,0.00,u,
446,10,0.00,0.00,a,
447,10,1.00,100.00,a,
448,10,0.00,0.00,a,
449,10,5.70,0.00,a,1.00
450,10,4.70,100.00,a,
451,10,0.00,0.00,u,
452,10,5.00,100.00,a,
453,10,3.30,0.00,a,
454,10,0.00,0.00,u,
455,10,1.00,100.00,a,
456,10,0.50,100.00,a,
457,10,9.00,100.00,a,
458,10,0.70,0.00,a,
459,10,0.70,0.00,a,
460,10,0.00,0.00,u,
461,10,0.00,0.00,a,
462,10,0.00,0.00,a,
463,10,0.00,0.00,a,
464,10,0.00,0.00,u,
465,10,0.00,0.00,u,
466,10,0.30,100.00,a,
467,10,0.00,0.00,a,
468,10,0.00,0.00,u,
469,10,3.80,0.00,a,
470,10,3.80,100.00,a,
471,10,0.00,0.00,a,
472,10,0.00,0.00,u,
473,10,0.00,100.00,a,
474,10,0.50,100.00,a,4.00
475,10,2.00,0.00,a,
476,10,4.00,0.00,a,
477,10,0.00,0.00,i,
478,10,2.20,100.00,a,
479,10,0.00,0.00,a,
480,10,0.00,0.00,a,
481,10,0.00,0.00,a,
482,10,0.00,0.00,i,
483,10,0.00,0.00,a,
484,10,0.00,0.00,u,
485,10,2.00,100.00,a,3.00
486,10,1.50,0.00,a,
487,10,1.00,0.00,a,
488,10,7.50,0.00,a,
489,10,4.50,0.00,a,
490,10,2.50,100.00,a,
491,10,2.00,100.00,a,
492,10,0.00,0.00,u,
493,10,3.00,0.00,a,
494,10,0.00,100.00,a,
495,10,0.00,0.00,u,
496,10,0.00,0.00,u,
497,10,1.80,100.00,a,
498,10,0.00,0.00,u,
499,10,0.50,75.00,d,2.00
500,10,1.80,0.00,a,
501,10,0.00,0.00,a,
502,10,2.20,0.00,a,
503,10,0.00,0.00,u,
504,10,0.00,0.00,u,
505,10,1.50,0.00,a,
506,10,1.20,100.00,a,
507,10,0.00,0.00,i,
508,10,0.80,0.00,a,
509,10,0.00,0.00,u,
510,10,0.80,0.00,a,
511,10,0.80,0.00,a,
512,10,0.00,0.00,u,
513,10,0.00,0.00,a,
514,10,0.00,0.00,a,
515,10,4.00,0.00,a,2.00
516,10,1.20,0.00,a,
517,10,2.80,0.00,a,
518,10,0.00,0.00,u,
519,10,0.20,100.00,a,
520,10,0.00,0.00,u,
521,10,0.50,0.00,a,
522,10,1.80,0.00,a,
523,10,0.00,0.00,u,
524,10,0.00,0.00,u,
525,10,0.40,50.00,d,1.00
526,10,2.00,0.00,a,
527,10,0.80,0.00,a,
528,10,-1.00,0.00,a,
529,10,-1.00,0.00,a,
530,10,-1.00,0.00,a,
531,10,4.30,100.00,a,
532,10,3.70,0.00,a,
533,10,-0.50,50.00,d,
534,10,-1.00,0.00,a,
535,10,-0.50,50.00,d,
536,10,-0.50,50.00,d,
537,10,0.00,0.00,u,
538,10,-1.00,0.00,a,
539,10,-1.00,100.00,a,4.00
540,10,-1.00,0.00,a,
541,10,0.30,100.00,a,
542,10,0.00,0.00,u,
543,10,-1.00,0.00,a,
544,10,0.00,0.00,i,
545,10,0.00,0.00,u,2.00
546,10,0.00,0.00,u,
547,10,3.00,100.00,a,
548,10,0.00,0.00,i,
549,10,-0.70,0.00,a,
550,10,-1.00,0.00,a,
551,10,0.30,0.00,a,
552,10,1.70,100.00,a,
553,10,3.30,0.00,a,
554,10,-1.00,0.00,a,
555,10,0.00,0.00,u,
556,10,0.00,0.00,u,
557,10,-1.00,0.00,a,
558,10,-1.00,0.00,a,
559,10,0.00,0.00,u,
560,10,2.70,0.00,a,3.00
561,10,-0.70,0.00,a,1.00
562,10,-1.00,0.00,a,
563,10,0.00,0.00,u,
564,10,0.00,0.00,u,
565,10,3.70,0.00,a,
566,10,0.00,0.00,a,
567,10,0.00,0.00,a,
568,10,4.70,0.00,a,
569,10,0.30,100.00,a,
570,10,3.00,0.00,a,
571,10,0.00,0.00,i,
572,10,0.00,0.00,i,
573,10,3.00,0.00,a,
574,10,0.30,100.00,a,
575,10,8.30,0.00,a,
576,10,0.00,0.00,u,
577,10,0.00,0.00,i,
578,10,0.00,0.00,u,
579,10,0.00,0.00,u,
580,10,1.70,0.00,a,
581,10,0.00,0.00,i,
582,10,2.00,0.00,a,
583,10,0.00,0.00,i,
584,10,0.70,0.00,a,4.00
585,10,6.70,0.00,a,
586,10,0.00,0.00,i,
587,10,0.00,0.00,i,
588,10,1.00,100.00,a,
589,10,0.00,0.00,u,
590,10,0.00,0.00,u,
591,10,0.00,0.00,i,
592,10,0.00,0.00,u,
593,10,3.70,100.00,a,
594,10,0.00,0.00,u,
595,10,0.00,0.00,a,
596,10,0.00,0.00,i,2.00
597,10,2.00,0.00,a,3.00
598,10,0.00,0.00,u,
599,10,0.00,0.00,a,
600,10,2.30,0.00,a,
601,10,0.00,0.00,u,
602,10,0.00,0.00,a,
603,10,1.30,0.00,a,
604,10,0.00,0.00,u,
605,10,2.00,0.00,a,
606,10,0.00,0.00,i,
607,10,0.00,0.00,u,
608,10,0.00,0.00,i,
609,10,1.70,0.00,a,
610,10,3.00,100.00,a,
611,10,0.00,0.00,u,
612,10,4.00,0.00,a,1.00
613,10,3.30,100.00,a,
614,10,0.00,0.00,a,3.00
615,10,1.30,100.00,a,
616,10,0.00,0.00,u,
617,10,0.00,0.00,u,
618,10,0.30,0.00,a,
619,10,0.00,100.00,a,
620,10,0.00,0.00,i,
621,10,1.30,0.00,a,
622,10,0.00,0.00,u,
623,10,1.00,0.00,a,
624,10,3.00,0.00,a,2.00
625,10,0.00,0.00,i,
626,10,0.30,0.00,a,
627,10,2.00,0.00,a,
628,10,0.00,0.00,a,
629,10,0.00,0.00,a,
630,10,0.00,0.00,a,
631,10,0.00,0.00,s,
632,10,0.00,0.00,i,
633,10,2.80,100.00,a,
634,10,-0.50,0.00,a,
635,10,0.00,0.00,i,
636,10,2.00,0.00,a,
637,10,0.00,100.00,a,
638,10,0.80,100.00,a,
639,10,0.00,0.00,u,
640,10,0.00,0.00,u,
641,10,0.00,0.00,a,
642,10,0.50,100.00,a,1.00
643,10,2.50,100.00,a,
644,10,1.00,100.00,a,
645,10,0.20,0.00,a,
646,10,2.00,0.00,a,
647,10,0.00,0.00,u,
648,10,5.20,0.00,a,
649,10,0.00,0.00,u,
650,10,0.00,0.00,a,
651,10,0.00,0.00,a,
652,10,0.00,0.00,a,
653,10,0.00,0.00,u,
654,10,3.00,100.00,a,
655,10,0.00,0.00,u,
656,10,0.00,0.00,u,
657,10,0.00,0.00,i,
658,10,0.00,0.00,a,
659,10,1.00,0.00,a,
660,10,1.00,0.00,a,
661,10,1.70,100.00,a,
662,10,1.30,0.00,a,
663,10,2.00,0.00,a,
664,10,0.00,0.00,a,
665,10,1.00,100.00,a,
666,10,3.50,75.00,d,2.00
667,10,0.00,100.00,a,
668,10,4.70,0.00,a,
669,10,1.20,0.00,a,
670,10,3.30,0.00,a,
671,10,1.30,0.00,a,
672,10,0.00,0.00,a,
673,10,6.00,0.00,a,
674,10,0.00,0.00,a,
675,10,0.00,0.00,i,
676,10,5.20,100.00,a,
677,10,1.20,0.00,a,
678,10,-1.00,100.00,a,
679,10,0.00,0.00,a,
680,10,0.50,100.00,a,
681,10,2.30,0.00,a,
682,10,0.50,0.00,a,
683,10,0.80,75.00,d,
684,10,3.00,0.00,a,
685,10,1.30,100.00,a,
686,10,0.30,0.00,a,
687,10,0.00,0.00,a,
688,10,0.00,0.00,a,
689,10,0.00,0.00,a,
690,10,0.00,0.00,a,
691,10,1.50,75.00,d,
692,10,0.00,0.00,i,
693,10,0.50,0.00,a,
694,10,5.70,0.00,a,
695,10,1.50,0.00,a,
696,10,0.20,0.00,a,
697,10,0.70,0.00,a,
698,10,2.00,100.00,a,
699,10,0.40,75.00,d,
700,10,1.00,0.00,a,
701,10,0.00,0.00,u,
702,10,0.00,0.00,a,
703,10,0.00,0.00,a,
704,10,0.00,0.00,u,
705,10,0.00,0.00,a,
706,10,0.30,0.00,a,
707,10,0.20,0.00,a,
708,10,4.70,0.00,a,
709,10,1.50,0.00,a,
710,10,0.00,0.00,a,
711,10,1.00,0.00,a,
712,10,1.50,100.00,a,
713,10,2.70,0.00,a,
714,10,4.20,0.00,a,
715,10,0.00,0.00,a,
716,10,2.50,0.00,a,
717,10,2.70,0.00,a,
718,10,0.30,0.00,a,
719,10,0.20,100.00,a,
720,10,1.00,0.00,a,
721,10,2.00,0.00,a,
722,10,4.00,0.00,a,
723,10,0.20,0.00,a,
724,10,0.70,0.00,a,
725,10,1.70,100.00,a,
726,10,1.70,100.00,a,
727,10,0.30,100.00,a,
728,10,0.50,100.00,a,
729,10,0.00,0.00,u,
730,10,0.70,0.00,a,
731,10,1.70,100.00,a,
732,10,0.50,0.00,a,
733,10,2.00,0.00,a,
734,10,0.00,0.00,i,
735,10,2.30,0.00,a,
736,10,4.00,0.00,a,
737,10,0.30,0.00,a,
738,10,0.00,0.00,a,
739,10,0.00,0.00,a,
740,10,0.00,0.00,a,
741,10,0.00,100.00,a,
742,10,0.00,0.00,a,
743,10,0.00,0.00,a,
744,10,0.30,0.00,a,
745,10,0.00,0.00,a,
746,10,0.00,0.00,a,
747,10,1.30,0.00,a,
748,10,1.70,0.00,a,
749,10,1.20,,a,
750,10,0.30,,a,
751,10,0.20,,a,
752,10,1.30,,a,
1,11,5.30,,a,
2,11,1.00,,a,
3,11,0.00,0.00,u,
4,11,1.00,,a,
5,11,0.00,0.00,i,
6,11,3.70,100.00,a,
7,11,4.00,75.00,d,
8,11,5.30,,a,
9,11,0.00,0.00,u,
10,11,1.70,,a,
11,11,1.00,100.00,a,
12,11,0.00,0.00,i,
13,11,1.00,,a,
14,11,0.00,0.00,u,
15,11,1.00,,a,
16,11,7.00,100.00,a,1.00
17,11,0.50,50.00,d,3.00
18,11,0.50,50.00,d,
19,11,0.70,50.00,d,
20,11,7.00,100.00,a,4.00
21,11,8.30,100.00,a,
22,11,3.30,,a,
23,11,0.00,0.00,u,
24,11,1.30,100.00,a,
25,11,1.30,,a,
26,11,5.30,100.00,a,
27,11,0.70,100.00,a,
28,11,0.00,0.00,u,
29,11,0.00,0.00,u,
30,11,0.50,50.00,d,
31,11,0.50,50.00,d,
32,11,7.70,100.00,a,
33,11,0.00,,a,
34,11,0.00,0.00,u,
35,11,0.00,0.00,u,
36,11,5.20,75.00,d,
37,11,5.30,100.00,a,
38,11,3.80,75.00,d,
39,11,0.70,,a,
40,11,0.00,0.00,i,
41,11,5.00,,a,
42,11,0.00,0.00,i,
43,11,0.00,0.00,u,
44,11,0.20,75.00,d,
45,11,0.00,,a,
46,11,0.00,0.00,u,
47,11,2.00,100.00,a,
48,11,1.30,100.00,a,4.00
49,11,0.00,0.00,u,
50,11,5.00,100.00,a,
51,11,0.00,0.00,u,
52,11,0.20,100.00,a,
53,11,2.70,,a,
54,11,2.30,,a,
55,11,2.70,100.00,a,
56,11,0.00,0.00,u,
57,11,0.00,0.00,u,
58,11,2.00,100.00,a,
59,11,3.20,75.00,d,
60,11,0.00,,a,
61,11,0.00,0.00,u,
62,11,0.00,,a,
63,11,0.00,,a,
64,11,2.00,100.00,a,3.00
65,11,0.00,0.00,u,
66,11,0.00,0.00,u,
67,11,3.70,,a,
68,11,0.00,,a,
69,11,0.00,,a,
70,11,0.00,0.00,u,
71,11,0.00,0.00,u,
72,11,3.30,,a,
73,11,0.30,100.00,a,
74,11,4.00,,a,
75,11,0.00,25.00,d,
76,11,0.00,,a,
77,11,0.00,,a,
78,11,0.00,100.00,a,
79,11,0.00,0.00,u,
80,11,0.00,100.00,a,
81,11,0.00,0.00,i,1.00
82,11,1.30,75.00,d,3.00
83,11,5.70,100.00,a,
84,11,5.00,,a,
85,11,5.30,100.00,a,
86,11,1.00,100.00,a,
87,11,1.00,100.00,a,
88,11,1.00,100.00,a,
89,11,0.00,0.00,u,
90,11,3.30,,a,
91,11,0.00,0.00,u,
92,11,0.00,0.00,u,
93,11,0.00,0.00,u,
94,11,0.00,0.00,u,
95,11,0.00,0.00,u,
96,11,0.00,0.00,u,
97,11,1.00,100.00,a,2.00
98,11,0.30,100.00,a,
99,11,0.00,0.00,u,
100,11,3.00,,a,
101,11,1.70,100.00,a,
102,11,0.00,,a,
103,11,0.00,,a,
104,11,0.00,,a,
105,11,0.00,,a,
106,11,1.70,,a,
107,11,0.30,,a,
108,11,1.70,100.00,a,
109,11,0.70,,a,
110,11,2.00,,a,
111,11,0.00,100.00,a,
112,11,0.00,0.00,u,
113,11,2.70,,a,
114,11,0.00,100.00,a,
115,11,0.00,0.00,u,
116,11,0.70,100.00,a,
117,11,0.00,0.00,u,
118,11,0.00,0.00,u,
119,11,8.00,,a,
120,11,5.30,100.00,a,
121,11,3.70,,a,
122,11,0.00,0.00,i,
123,11,0.30,,a,
124,11,1.70,,a,
125,11,2.00,100.00,a,
126,11,1.00,,a,
127,11,0.00,100.00,a,
128,11,0.30,,a,
129,11,2.30,100.00,a,
130,11,0.00,,a,
131,11,0.00,,a,
132,11,0.00,100.00,a,
133,11,0.00,,a,
134,11,0.00,0.00,u,
135,11,0.00,0.00,i,1.00
136,11,6.70,,a,2.00
137,11,0.00,,a,
138,11,0.00,,a,
139,11,4.30,,a,
140,11,0.00,,a,
141,11,0.00,0.00,u,
142,11,0.00,0.00,u,
143,11,0.00,,a,
144,11,0.00,,a,
145,11,0.30,100.00,a,
146,11,4.00,,a,
147,11,0.00,0.00,u,
148,11,3.70,,a,
149,11,0.70,100.00,a,
150,11,0.00,0.00,u,
151,11,4.70,,a,
152,11,0.00,100.00,a,
153,11,0.00,0.00,i,
154,11,0.00,0.00,u,
155,11,0.00,0.00,u,
156,11,0.00,,a,
157,11,0.00,25.00,d,
158,11,2.30,100.00,a,
159,11,0.00,0.00,i,
160,11,5.70,,a,
161,11,0.00,0.00,u,
162,11,0.00,100.00,a,
163,11,0.00,100.00,a,
164,11,0.00,0.00,u,2.00
165,11,0.00,0.00,u,
166,11,2.30,100.00,a,
167,11,1.70,,a,
168,11,0.00,100.00,a,
169,11,6.70,100.00,a,
170,11,0.00,0.00,i,
171,11,0.00,0.00,u,
172,11,0.70,100.00,a,
173,11,5.70,100.00,a,
174,11,0.00,0.00,u,
175,11,0.30,,a,
176,11,0.00,0.00,u,
177,11,0.00,0.00,u,
178,11,4.70,,a,1.00
179,11,0.00,0.00,u,
180,11,1.00,,a,
181,11,2.30,,a,
182,11,0.50,,a,
183,11,0.00,,a,
184,11,0.00,0.00,u,
185,11,0.00,,a,
186,11,0.00,0.00,i,
187,11,1.30,,a,
188,11,0.00,,a,
189,11,0.00,0.00,u,
190,11,0.30,,a,
191,11,1.70,,a,
192,11,3.00,,a,
193,11,0.00,100.00,a,
194,11,0.00,0.00,i,
195,11,0.30,,a,
196,11,0.00,0.00,u,
197,11,0.00,,a,
198,11,2.30,100.00,a,
199,11,0.00,,a,
200,11,2.00,100.00,a,
201,11,0.00,0.00,u,
202,11,1.30,100.00,a,2.00
203,11,0.00,,a,
204,11,0.00,0.00,u,
205,11,4.30,,a,
206,11,0.70,,a,
207,11,3.00,,a,
208,11,0.00,0.00,u,
209,11,1.00,,a,
210,11,1.00,,a,
211,11,0.00,0.00,u,
212,11,0.00,0.00,u,
213,11,0.00,,a,
214,11,0.00,,a,
215,11,6.30,,a,
216,11,0.00,0.00,i,
217,11,2.30,100.00,a,
218,11,0.00,,a,1.00
219,11,0.00,0.00,u,
220,11,4.30,,a,
221,11,0.00,,a,
222,11,0.00,0.00,u,
223,11,0.00,,a,
224,11,4.70,,a,
225,11,3.00,100.00,a,
226,11,4.70,100.00,a,
227,11,0.00,0.00,i,
228,11,7.00,100.00,a,
229,11,0.00,100.00,a,
230,11,4.00,100.00,a,
231,11,0.00,0.00,u,
232,11,0.70,100.00,a,
233,11,0.70,100.00,a,
234,11,0.00,0.00,u,
235,11,0.00,0.00,i,1.00
236,11,6.70,100.00,a,
237,11,2.30,100.00,a,4.00
238,11,2.00,,a,
239,11,1.00,,a,
240,11,0.00,0.00,u,2.00
241,11,4.70,100.00,a,
242,11,4.30,100.00,a,
243,11,0.30,,a,
244,11,0.00,0.00,i,
245,11,0.00,0.00,s,
246,11,0.30,100.00,a,
247,11,0.00,0.00,i,
248,11,0.00,0.00,u,
249,11,6.00,,a,
250,11,0.70,100.00,a,
251,11,0.00,0.00,u,
252,11,1.00,100.00,a,
253,11,5.70,,a,
254,11,0.00,100.00,a,
255,11,0.00,,a,
256,11,4.70,,a,
257,11,6.00,,a,
258,11,6.30,,a,
259,11,0.30,,a,
260,11,4.70,100.00,a,
261,11,5.30,100.00,a,
262,11,0.00,100.00,a,
263,11,0.00,,a,
264,11,0.00,0.00,u,
265,11,0.00,0.00,i,
266,11,6.30,,a,1.00
267,11,2.70,100.00,a,
268,11,0.00,0.00,i,
269,11,0.00,,a,
270,11,1.00,100.00,a,
271,11,3.30,100.00,a,
272,11,4.30,,a,
273,11,1.70,100.00,a,
274,11,0.00,,a,
275,11,0.00,,a,
276,11,0.30,,a,
277,11,0.00,0.00,u,
278,11,0.00,0.00,u,
279,11,0.00,0.00,u,
280,11,0.00,0.00,u,
281,11,0.00,,a,
282,11,0.00,0.00,u,
283,11,4.30,,a,2.00
284,11,0.30,100.00,a,
285,11,0.00,0.00,u,
286,11,0.00,,a,
287,11,3.30,,a,
288,11,0.00,,a,
289,11,0.00,,a,
290,11,0.00,0.00,i,
291,11,2.70,,a,
292,11,3.00,100.00,a,
293,11,1.30,,a,
294,11,0.00,,a,
295,11,6.70,100.00,a,
296,11,0.00,0.00,i,
297,11,0.00,,a,
298,11,0.00,,a,
299,11,4.70,100.00,a,1.00
300,11,0.30,,a,
301,11,0.30,,a,
302,11,5.30,,a,
303,11,2.00,,a,
304,11,2.00,,a,
305,11,0.00,0.00,u,
306,11,0.00,,a,
307,11,0.00,,a,
308,11,0.00,0.00,u,
309,11,0.00,0.00,u,
310,11,1.00,,a,
311,11,1.30,,a,2.00
312,11,0.00,0.00,u,
313,11,0.00,0.00,u,
314,11,3.70,,a,
315,11,0.00,0.00,u,
316,11,0.00,0.00,i,
317,11,3.00,100.00,a,
318,11,3.00,,a,
319,11,0.30,,a,
320,11,0.30,,a,
321,11,0.00,,a,
322,11,3.70,100.00,a,
323,11,0.00,,a,
324,11,2.00,,a,
325,11,1.00,100.00,a,
326,11,1.30,,a,
327,11,0.00,0.00,u,2.00
328,11,7.30,100.00,a,
329,11,3.70,100.00,a,
330,11,3.00,,a,
331,11,0.70,100.00,a,
332,11,0.00,0.00,s,
333,11,0.00,0.00,u,
334,11,0.00,0.00,u,
335,11,1.70,,a,
336,11,0.00,,a,
337,11,3.70,100.00,a,1.00
338,11,0.00,0.00,i,
339,11,0.00,,a,
340,11,0.00,,a,
341,11,0.00,,a,
342,11,1.30,100.00,a,
343,11,0.30,100.00,a,3.00
344,11,2.00,100.00,a,
345,11,0.00,100.00,a,
346,11,0.00,,a,
347,11,1.00,100.00,a,
348,11,5.00,100.00,a,
349,11,0.00,0.00,u,
350,11,6.70,,a,
351,11,0.00,100.00,a,
352,11,1.00,,a,
353,11,1.00,100.00,a,
354,11,2.30,100.00,a,
355,11,0.00,0.00,u,
356,11,0.00,,a,
357,11,0.00,0.00,u,
358,11,1.70,100.00,a,
359,11,0.00,0.00,u,
360,11,0.00,0.00,u,
361,11,0.00,0.00,u,
362,11,0.30,100.00,a,2.00
363,11,0.00,0.00,u,
364,11,0.00,0.00,u,
365,11,3.30,100.00,a,1.00
366,11,0.40,75.00,d,
367,11,5.80,,a,
368,11,0.50,,a,
369,11,0.50,,a,
370,11,0.00,0.00,i,
371,11,2.80,,a,
372,11,3.50,,a,
373,11,3.50,,a,
374,11,4.50,100.00,a,
375,11,0.00,0.00,i,
376,11,1.20,100.00,a,
377,11,0.00,0.00,u,
378,11,0.50,100.00,a,
379,11,0.50,,a,
380,11,0.50,,a,
381,11,6.50,,a,1.00
382,11,0.00,0.00,i,
383,11,0.00,0.00,u,
384,11,2.50,,a,2.00
385,11,1.20,100.00,a,
386,11,3.20,100.00,a,3.00
387,11,4.80,,a,
388,11,1.20,100.00,a,
389,11,0.00,100.00,a,
390,11,4.80,100.00,a,
391,11,0.00,0.00,i,
392,11,0.50,100.00,a,
393,11,0.00,0.00,i,
394,11,0.00,0.00,u,
395,11,0.00,0.00,u,
396,11,0.50,,a,
397,11,0.00,0.00,u,
398,11,0.00,0.00,i,
399,11,0.00,0.00,u,
400,11,0.50,,a,
401,11,0.50,100.00,a,
402,11,0.80,100.00,a,
403,11,3.80,100.00,a,
404,11,0.00,0.00,u,
405,11,0.50,,a,
406,11,0.50,100.00,a,
407,11,6.20,,a,4.00
408,11,4.50,,a,
409,11,1.20,100.00,a,
410,11,0.50,100.00,a,
411,11,7.20,100.00,a,
412,11,0.00,0.00,u,
413,11,1.50,100.00,a,2.00
414,11,3.20,100.00,a,
415,11,1.50,100.00,a,
416,11,3.50,,a,
417,11,4.50,100.00,a,
418,11,5.20,,a,3.00
419,11,2.00,100.00,a,
420,11,0.00,0.00,u,
421,11,0.00,0.00,i,
422,11,0.00,0.00,i,
423,11,4.50,100.00,a,
424,11,1.20,,a,
425,11,0.00,0.00,u,
426,11,-0.50,,a,
427,11,1.20,,a,
428,11,0.00,0.00,u,
429,11,0.50,,a,
430,11,6.80,100.00,a,1.00
431,11,0.00,,a,
432,11,0.00,0.00,u,
433,11,0.00,0.00,u,
434,11,0.00,,a,
435,11,0.00,,a,
436,11,3.70,,a,
437,11,0.00,75.00,d,
438,11,0.30,100.00,a,
439,11,0.00,,a,
440,11,0.70,100.00,a,
441,11,1.70,,a,
442,11,0.00,0.00,i,
443,11,3.70,,a,
444,11,0.70,,a,
445,11,0.00,0.00,u,
446,11,0.00,,a,
447,11,1.00,100.00,a,
448,11,0.00,,a,
449,11,4.70,,a,1.00
450,11,5.00,100.00,a,
451,11,0.00,0.00,u,
452,11,6.70,100.00,a,
453,11,6.70,,a,
454,11,0.00,0.00,u,
455,11,0.30,100.00,a,
456,11,1.00,100.00,a,
457,11,10.70,100.00,a,
458,11,0.20,75.00,d,
459,11,0.70,,a,
460,11,0.00,0.00,u,
461,11,0.00,,a,
462,11,0.00,,a,
463,11,0.00,,a,
464,11,0.00,0.00,u,
465,11,0.00,0.00,u,
466,11,0.30,100.00,a,
467,11,0.00,,a,
468,11,0.00,0.00,u,
469,11,2.50,,a,
470,11,2.00,100.00,a,
471,11,-0.50,,a,
472,11,0.00,0.00,u,
473,11,-0.50,100.00,a,
474,11,0.20,100.00,a,4.00
475,11,0.80,,a,
476,11,0.00,0.00,s,
477,11,-0.40,75.00,d,
478,11,0.20,100.00,a,
479,11,-0.50,,a,
480,11,-0.50,,a,
481,11,-0.50,,a,
482,11,-0.50,100.00,a,
483,11,-0.50,,a,
484,11,0.00,0.00,u,
485,11,0.40,75.00,d,3.00
486,11,0.50,,a,
487,11,3.20,,a,
488,11,5.50,,a,
489,11,5.50,,a,
490,11,1.80,100.00,a,
491,11,1.80,100.00,a,
492,11,0.00,0.00,u,
493,11,2.70,,a,
494,11,-0.20,100.00,a,
495,11,0.00,0.00,u,
496,11,0.00,0.00,u,
497,11,0.50,100.00,a,
498,11,0.00,0.00,u,
499,11,0.50,100.00,a,2.00
500,11,0.00,0.00,i,
501,11,-0.50,,a,
502,11,1.50,,a,
503,11,0.00,0.00,u,
504,11,0.00,0.00,u,
505,11,1.50,,a,
506,11,1.20,100.00,a,
507,11,0.00,0.00,i,
508,11,0.80,,a,
509,11,0.00,0.00,u,
510,11,-0.50,,a,
511,11,-0.20,,a,
512,11,0.00,0.00,u,
513,11,-0.50,,a,
514,11,-0.50,,a,
515,11,6.20,,a,2.00
516,11,0.40,75.00,d,
517,11,4.50,,a,
518,11,0.00,0.00,u,
519,11,0.20,100.00,a,
520,11,0.00,0.00,u,
521,11,1.50,,a,
522,11,1.80,,a,
523,11,0.00,0.00,u,
524,11,0.00,0.00,u,
525,11,0.00,0.00,i,1.00
526,11,1.80,,a,
527,11,0.00,0.00,i,
528,11,0.00,,a,
529,11,0.00,,a,
530,11,0.00,,a,
531,11,5.30,100.00,a,
532,11,1.30,,a,
533,11,0.00,0.00,i,
534,11,0.00,,a,
535,11,0.00,0.00,i,
536,11,0.00,0.00,i,
537,11,0.00,0.00,u,
538,11,0.00,,a,
539,11,0.00,100.00,a,4.00
540,11,0.00,,a,
541,11,1.30,100.00,a,
542,11,0.00,0.00,u,
543,11,0.30,,a,
544,11,0.00,0.00,i,
545,11,0.00,0.00,u,2.00
546,11,0.00,0.00,u,
547,11,3.00,100.00,a,
548,11,0.00,0.00,i,
549,11,0.00,,a,
550,11,0.00,,a,
551,11,0.30,,a,
552,11,3.00,100.00,a,
553,11,3.30,,a,
554,11,0.00,,a,
555,11,0.00,0.00,u,
556,11,0.00,0.00,u,
557,11,0.00,,a,
558,11,0.00,,a,
559,11,0.00,0.00,u,
560,11,3.70,,a,3.00
561,11,0.30,,a,1.00
562,11,0.00,,a,
563,11,0.00,0.00,u,
564,11,0.00,0.00,u,
565,11,2.70,,a,
566,11,-1.00,,a,
567,11,-1.00,,a,
568,11,4.00,,a,
569,11,-0.30,100.00,a,
570,11,2.00,,a,
571,11,0.00,0.00,i,
572,11,0.00,0.00,i,
573,11,2.00,,a,
574,11,0.70,100.00,a,
575,11,7.70,,a,
576,11,0.00,0.00,u,
577,11,-0.50,50.00,d,
578,11,0.00,0.00,u,
579,11,0.00,0.00,u,
580,11,0.70,,a,
581,11,0.00,0.00,i,
582,11,0.20,50.00,d,
583,11,0.00,0.00,i,
584,11,1.30,,a,4.00
585,11,2.00,,a,
586,11,-0.30,100.00,a,
587,11,0.00,0.00,i,
588,11,1.70,100.00,a,
589,11,0.00,0.00,u,
590,11,0.00,0.00,u,
591,11,0.00,0.00,i,
592,11,0.00,0.00,u,
593,11,3.00,100.00,a,
594,11,0.00,0.00,u,
595,11,-1.00,,a,
596,11,0.00,0.00,i,2.00
597,11,2.70,,a,3.00
598,11,0.00,0.00,u,
599,11,-1.00,,a,
600,11,2.30,,a,
601,11,0.00,0.00,u,
602,11,0.00,,a,
603,11,1.30,,a,
604,11,0.00,0.00,u,
605,11,1.30,,a,
606,11,0.00,50.00,d,
607,11,0.00,0.00,u,
608,11,0.00,0.00,i,
609,11,1.70,,a,
610,11,3.70,100.00,a,
611,11,0.00,0.00,u,
612,11,0.00,0.00,s,1.00
613,11,6.70,100.00,a,
614,11,0.00,,a,3.00
615,11,2.70,100.00,a,
616,11,0.00,0.00,u,
617,11,0.00,0.00,u,
618,11,0.00,,a,
619,11,0.00,100.00,a,
620,11,0.00,50.00,d,
621,11,0.70,,a,
622,11,0.00,0.00,u,
623,11,1.70,75.00,d,
624,11,3.00,,a,2.00
625,11,0.00,50.00,d,
626,11,0.00,,a,
627,11,2.00,,a,
628,11,0.00,,a,
629,11,0.00,0.00,i,
630,11,0.00,,a,
631,11,-1.00,100.00,a,
632,11,0.00,0.00,i,
633,11,1.00,100.00,a,
634,11,-1.00,,a,
635,11,0.00,0.00,i,
636,11,2.30,,a,
637,11,0.30,100.00,a,
638,11,0.70,100.00,a,
639,11,0.00,0.00,u,
640,11,0.00,0.00,u,
641,11,0.00,,a,
642,11,1.00,100.00,a,1.00
643,11,1.30,100.00,a,
644,11,1.70,100.00,a,
645,11,0.00,,a,
646,11,1.30,,a,
647,11,0.00,0.00,u,
648,11,4.00,,a,
649,11,0.00,0.00,u,
650,11,0.00,,a,
651,11,0.00,,a,
652,11,0.00,,a,
653,11,0.00,0.00,u,
654,11,3.30,100.00,a,
655,11,0.00,0.00,u,
656,11,0.00,0.00,u,
657,11,0.00,0.00,i,
658,11,0.00,,a,
659,11,3.00,,a,
660,11,1.70,,a,
661,11,2.20,100.00,a,
662,11,1.70,,a,
663,11,1.00,,a,
664,11,0.00,,a,
665,11,1.70,100.00,a,
666,11,2.00,50.00,d,2.00
667,11,0.00,100.00,a,
668,11,5.00,,a,
669,11,2.20,,a,
670,11,2.70,,a,
671,11,3.70,,a,
672,11,0.00,,a,
673,11,3.00,,a,
674,11,-0.50,,a,
675,11,0.00,0.00,i,
676,11,3.00,100.00,a,
677,11,1.00,,a,
678,11,0.00,100.00,a,
679,11,0.00,,a,
680,11,0.50,75.00,d,
681,11,0.00,0.00,i,
682,11,0.30,,a,
683,11,0.00,100.00,a,
684,11,1.50,,a,
685,11,0.30,100.00,a,
686,11,0.80,,a,
687,11,0.00,,a,
688,11,0.00,,a,
689,11,-0.50,,a,
690,11,0.00,75.00,d,
691,11,1.70,100.00,a,
692,11,0.00,0.00,i,
693,11,2.50,,a,
694,11,2.30,,a,
695,11,1.30,,a,
696,11,-0.20,,a,
697,11,0.70,,a,
698,11,2.70,100.00,a,
699,11,0.00,0.00,i,
700,11,1.00,,a,
701,11,0.00,0.00,u,
702,11,0.00,,a,
703,11,0.00,,a,
704,11,0.00,0.00,u,
705,11,0.00,,a,
706,11,0.30,,a,
707,11,0.00,,a,
708,11,4.70,,a,
709,11,2.00,,a,
710,11,0.00,,a,
711,11,1.00,,a,
712,11,1.70,100.00,a,
713,11,2.00,,a,
714,11,2.20,,a,
715,11,-0.50,,a,
716,11,2.80,,a,
717,11,1.70,,a,
718,11,0.70,,a,
719,11,0.00,100.00,a,
720,11,0.70,,a,
721,11,2.70,,a,
722,11,2.70,,a,
723,11,3.70,,a,
724,11,1.70,,a,
725,11,1.70,100.00,a,
726,11,0.70,100.00,a,
727,11,0.70,100.00,a,
728,11,0.00,0.00,i,
729,11,0.00,0.00,u,
730,11,3.30,,a,
731,11,2.00,100.00,a,
732,11,0.30,,a,
733,11,1.30,,a,
734,11,0.00,0.00,i,
735,11,3.00,,a,
736,11,3.80,,a,
737,11,0.30,,a,
738,11,0.00,25.00,d,
739,11,0.50,,a,
740,11,0.50,,a,
741,11,0.00,100.00,a,
742,11,0.50,,a,
743,11,0.00,,a,
744,11,0.30,,a,
745,11,-1.00,,a,
746,11,0.50,,a,
747,11,0.00,,a,
748,11,0.00,0.00,i,
749,11,1.20,,a,
750,11,0.30,,a,
751,11,0.20,,a,
752,11,1.30,,a,
1,12,4.00,,a,
2,12,1.00,,a,
3,12,0.00,0.00,u,
4,12,1.00,,a,
5,12,0.00,0.00,i,
6,12,4.00,100.00,a,
7,12,4.00,100.00,a,
8,12,5.00,,a,
9,12,0.00,0.00,u,
10,12,1.70,,a,
11,12,1.00,100.00,a,
12,12,0.00,0.00,i,
13,12,1.00,,a,
14,12,0.00,0.00,u,
15,12,1.00,,a,
16,12,7.30,100.00,a,1.00
17,12,1.00,100.00,a,3.00
18,12,1.30,100.00,a,
19,12,1.00,100.00,a,
20,12,7.50,75.00,d,4.00
21,12,8.00,100.00,a,
22,12,4.70,,a,
23,12,0.00,0.00,u,
24,12,1.30,100.00,a,
25,12,1.70,,a,
26,12,4.30,100.00,a,
27,12,0.70,100.00,a,
28,12,0.00,0.00,u,
29,12,0.00,0.00,u,
30,12,0.50,50.00,d,
31,12,0.50,50.00,d,
32,12,6.00,100.00,a,
33,12,0.00,,a,
34,12,0.00,0.00,u,
35,12,0.00,0.00,u,
36,12,2.70,100.00,a,
37,12,3.70,100.00,a,
38,12,3.00,100.00,a,
39,12,0.70,,a,
40,12,0.00,0.00,i,
41,12,3.70,,a,
42,12,0.00,100.00,a,
43,12,0.00,0.00,u,
44,12,0.70,100.00,a,
45,12,0.00,,a,
46,12,0.00,0.00,u,
47,12,6.00,100.00,a,
48,12,2.00,100.00,a,4.00
49,12,0.00,0.00,u,
50,12,4.00,100.00,a,
51,12,0.00,0.00,u,
52,12,0.70,100.00,a,
53,12,3.70,,a,
54,12,1.70,,a,
55,12,3.70,100.00,a,
56,12,0.00,0.00,u,
57,12,0.00,0.00,u,
58,12,2.70,100.00,a,
59,12,3.30,100.00,a,
60,12,0.00,,a,
61,12,0.00,0.00,u,
62,12,0.00,,a,
63,12,0.00,,a,
64,12,2.00,100.00,a,3.00
65,12,0.00,0.00,u,
66,12,0.00,0.00,u,
67,12,1.30,,a,
68,12,0.00,,a,
69,12,0.00,,a,
70,12,0.00,0.00,u,
71,12,0.00,0.00,u,
72,12,2.70,,a,
73,12,0.70,100.00,a,
74,12,0.70,,a,
75,12,0.00,25.00,d,
76,12,0.00,,a,
77,12,0.00,,a,
78,12,0.00,100.00,a,
79,12,0.00,0.00,u,
80,12,0.00,100.00,a,
81,12,0.30,50.00,d,1.00
82,12,0.50,75.00,d,3.00
83,12,3.70,100.00,a,
84,12,3.70,,a,
85,12,4.00,100.00,a,
86,12,1.30,100.00,a,
87,12,0.00,0.00,i,
88,12,2.00,100.00,a,
89,12,0.00,0.00,u,
90,12,2.70,,a,
91,12,0.00,0.00,u,
92,12,0.00,0.00,u,
93,12,0.00,0.00,u,
94,12,0.00,0.00,u,
95,12,0.00,0.00,u,
96,12,0.00,0.00,u,
97,12,2.70,100.00,a,2.00
98,12,2.00,100.00,a,
99,12,0.00,0.00,u,
100,12,1.70,,a,
101,12,1.70,100.00,a,
102,12,0.00,,a,
103,12,0.00,,a,
104,12,0.00,,a,
105,12,0.00,,a,
106,12,1.00,,a,
107,12,0.30,,a,
108,12,1.70,100.00,a,
109,12,0.30,,a,
110,12,2.00,,a,
111,12,0.00,100.00,a,
112,12,0.00,0.00,u,
113,12,2.70,,a,
114,12,0.00,100.00,a,
115,12,0.00,0.00,u,
116,12,1.00,100.00,a,
117,12,0.00,0.00,u,
118,12,0.00,0.00,u,
119,12,3.30,,a,
120,12,3.70,100.00,a,
121,12,2.00,,a,
122,12,0.00,0.00,i,
123,12,0.00,0.00,i,
124,12,1.70,,a,
125,12,0.70,100.00,a,
126,12,1.00,,a,
127,12,0.00,100.00,a,
128,12,0.00,,a,
129,12,2.70,100.00,a,
130,12,0.00,,a,
131,12,0.00,,a,
132,12,0.00,100.00,a,
133,12,0.00,,a,
134,12,0.00,0.00,u,
135,12,0.00,0.00,i,1.00
136,12,6.30,,a,2.00
137,12,0.00,,a,
138,12,0.00,,a,
139,12,6.30,,a,
140,12,0.00,,a,
141,12,0.00,0.00,u,
142,12,0.00,0.00,u,
143,12,0.00,,a,
144,12,0.00,,a,
145,12,0.70,100.00,a,
146,12,4.30,,a,
147,12,0.00,0.00,u,
148,12,4.70,,a,
149,12,1.20,100.00,a,
150,12,0.00,0.00,u,
151,12,4.70,,a,
152,12,0.30,100.00,a,
153,12,0.00,0.00,i,
154,12,0.00,0.00,u,
155,12,0.00,0.00,u,
156,12,0.00,,a,
157,12,0.00,25.00,d,
158,12,2.30,100.00,a,
159,12,0.00,0.00,i,
160,12,7.70,,a,
161,12,0.00,0.00,u,
162,12,0.00,100.00,a,
163,12,2.30,100.00,a,
164,12,0.00,0.00,u,2.00
165,12,0.00,0.00,u,
166,12,3.30,100.00,a,
167,12,2.00,,a,
168,12,-1.00,100.00,a,
169,12,6.70,100.00,a,
170,12,0.00,0.00,i,
171,12,0.00,0.00,u,
172,12,0.30,100.00,a,
173,12,5.70,100.00,a,
174,12,0.00,0.00,u,
175,12,0.30,,a,
176,12,0.00,0.00,u,
177,12,0.00,0.00,u,
178,12,5.30,,a,1.00
179,12,0.00,0.00,u,
180,12,0.70,,a,
181,12,0.70,,a,
182,12,0.50,,a,
183,12,0.00,,a,
184,12,0.00,0.00,u,
185,12,0.00,,a,
186,12,0.00,0.00,i,
187,12,0.30,,a,
188,12,0.00,,a,
189,12,0.00,0.00,u,
190,12,0.00,,a,
191,12,2.30,,a,
192,12,1.00,,a,
193,12,0.00,100.00,a,
194,12,0.00,0.00,i,
195,12,0.30,,a,
196,12,0.00,0.00,u,
197,12,0.00,,a,
198,12,2.30,100.00,a,
199,12,0.00,,a,
200,12,2.00,100.00,a,
201,12,0.00,0.00,u,
202,12,1.00,100.00,a,2.00
203,12,0.00,,a,
204,12,0.00,0.00,u,
205,12,4.30,,a,
206,12,0.70,,a,
207,12,1.70,,a,
208,12,0.00,0.00,u,
209,12,1.00,,a,
210,12,1.70,,a,
211,12,0.00,0.00,u,
212,12,0.00,0.00,u,
213,12,0.00,,a,
214,12,0.00,,a,
215,12,2.70,,a,
216,12,0.00,0.00,i,
217,12,0.30,100.00,a,
218,12,0.00,,a,1.00
219,12,0.00,0.00,u,
220,12,5.00,,a,
221,12,-1.00,,a,
222,12,0.00,0.00,u,
223,12,-1.00,,a,
224,12,5.30,,a,
225,12,2.00,100.00,a,
226,12,5.30,100.00,a,
227,12,0.00,0.00,i,
228,12,6.30,100.00,a,
229,12,-1.00,100.00,a,
230,12,3.00,100.00,a,
231,12,0.00,0.00,u,
232,12,2.70,100.00,a,
233,12,-1.00,100.00,a,
234,12,0.00,0.00,u,
235,12,-1.00,100.00,a,1.00
236,12,5.70,100.00,a,
237,12,4.30,100.00,a,4.00
238,12,0.70,,a,
239,12,1.70,,a,
240,12,0.00,0.00,u,2.00
241,12,3.00,100.00,a,
242,12,8.00,100.00,a,
243,12,-1.00,,a,
244,12,0.00,0.00,i,
245,12,0.00,0.00,s,
246,12,1.00,100.00,a,
247,12,-0.50,50.00,d,
248,12,0.00,0.00,u,
249,12,4.70,,a,
250,12,0.30,100.00,a,
251,12,0.00,0.00,u,
252,12,0.70,100.00,a,
253,12,7.00,,a,
254,12,0.00,100.00,a,
255,12,0.00,,a,
256,12,8.70,,a,
257,12,8.30,,a,
258,12,7.70,,a,
259,12,0.00,0.00,i,
260,12,5.00,100.00,a,
261,12,6.70,100.00,a,
262,12,0.00,100.00,a,
263,12,0.00,,a,
264,12,0.00,0.00,u,
265,12,0.00,0.00,i,
266,12,9.30,,a,1.00
267,12,3.00,100.00,a,
268,12,0.00,0.00,i,
269,12,0.00,,a,
270,12,0.80,75.00,d,
271,12,3.70,100.00,a,
272,12,4.30,,a,
273,12,3.00,100.00,a,
274,12,0.00,,a,
275,12,0.00,,a,
276,12,0.70,,a,
277,12,0.00,0.00,u,
278,12,0.00,0.00,u,
279,12,0.00,0.00,u,
280,12,0.00,0.00,u,
281,12,0.00,,a,
282,12,0.00,0.00,u,
283,12,4.00,,a,2.00
284,12,0.30,100.00,a,
285,12,0.00,0.00,u,
286,12,0.00,,a,
287,12,6.30,,a,
288,12,0.00,,a,
289,12,0.00,,a,
290,12,0.00,0.00,i,
291,12,5.00,,a,
292,12,5.70,100.00,a,
293,12,3.00,,a,
294,12,0.20,75.00,d,
295,12,9.30,100.00,a,
296,12,0.00,0.00,i,
297,12,0.00,,a,
298,12,0.00,,a,
299,12,5.00,100.00,a,1.00
300,12,0.70,,a,
301,12,0.30,,a,
302,12,0.00,0.00,s,
303,12,3.70,,a,
304,12,2.30,,a,
305,12,0.00,0.00,u,
306,12,0.00,,a,
307,12,0.00,,a,
308,12,0.00,0.00,u,
309,12,0.00,0.00,u,
310,12,1.30,,a,
311,12,1.00,,a,2.00
312,12,0.00,0.00,u,
313,12,0.00,0.00,u,
314,12,4.70,,a,
315,12,0.00,0.00,u,
316,12,0.00,0.00,i,
317,12,6.30,100.00,a,
318,12,5.70,,a,
319,12,0.30,,a,
320,12,0.00,,a,
321,12,0.00,,a,
322,12,5.00,100.00,a,
323,12,0.00,,a,
324,12,2.70,,a,
325,12,1.00,100.00,a,
326,12,0.70,,a,
327,12,0.00,0.00,u,2.00
328,12,7.00,100.00,a,
329,12,4.30,100.00,a,
330,12,3.30,,a,
331,12,0.30,100.00,a,
332,12,0.00,100.00,a,
333,12,0.00,0.00,u,
334,12,0.00,0.00,u,
335,12,2.30,,a,
336,12,0.30,,a,
337,12,4.00,100.00,a,1.00
338,12,0.00,0.00,i,
339,12,-0.50,,a,
340,12,-0.50,,a,
341,12,-0.50,,a,
342,12,0.20,100.00,a,
343,12,-0.20,100.00,a,3.00
344,12,0.20,100.00,a,
345,12,-0.40,75.00,d,
346,12,-0.50,,a,
347,12,0.50,100.00,a,
348,12,1.20,100.00,a,
349,12,0.00,0.00,u,
350,12,3.20,,a,
351,12,-0.50,100.00,a,
352,12,0.20,,a,
353,12,0.50,100.00,a,
354,12,1.80,100.00,a,
355,12,0.00,0.00,u,
356,12,-0.50,,a,
357,12,0.00,0.00,u,
358,12,0.80,100.00,a,
359,12,0.00,0.00,u,
360,12,0.00,0.00,u,
361,12,0.00,0.00,u,
362,12,0.20,100.00,a,2.00
363,12,0.00,0.00,u,
364,12,0.00,0.00,u,
365,12,5.20,100.00,a,1.00
366,12,0.90,75.00,d,
367,12,5.20,,a,
368,12,0.50,,a,
369,12,0.50,,a,
370,12,0.00,0.00,i,
371,12,1.20,,a,
372,12,3.50,,a,
373,12,3.50,,a,
374,12,3.50,100.00,a,
375,12,0.00,0.00,i,
376,12,0.80,100.00,a,
377,12,0.00,0.00,u,
378,12,0.50,100.00,a,
379,12,0.50,,a,
380,12,0.50,,a,
381,12,5.20,,a,1.00
382,12,0.80,50.00,d,
383,12,0.00,0.00,u,
384,12,2.50,,a,2.00
385,12,0.80,100.00,a,
386,12,3.50,100.00,a,3.00
387,12,2.20,,a,
388,12,1.20,100.00,a,
389,12,0.00,100.00,a,
390,12,5.20,100.00,a,
391,12,0.00,0.00,i,
392,12,0.50,100.00,a,
393,12,0.00,0.00,i,
394,12,0.00,0.00,u,
395,12,0.00,0.00,u,
396,12,0.50,,a,
397,12,0.00,0.00,u,
398,12,0.00,0.00,i,
399,12,0.00,0.00,u,
400,12,0.50,,a,
401,12,0.50,100.00,a,
402,12,0.80,100.00,a,
403,12,3.50,100.00,a,
404,12,0.00,0.00,u,
405,12,0.50,,a,
406,12,0.50,100.00,a,
407,12,5.80,,a,4.00
408,12,5.50,,a,
409,12,0.50,100.00,a,
410,12,0.50,100.00,a,
411,12,7.20,100.00,a,
412,12,0.00,0.00,u,
413,12,1.50,100.00,a,2.00
414,12,3.50,100.00,a,
415,12,1.50,100.00,a,
416,12,3.20,,a,
417,12,6.50,100.00,a,
418,12,5.50,,a,3.00
419,12,2.70,100.00,a,
420,12,0.00,0.00,u,
421,12,0.00,0.00,i,
422,12,0.00,0.00,i,
423,12,5.20,100.00,a,
424,12,0.50,,a,
425,12,0.00,0.00,u,
426,12,0.00,,a,
427,12,1.20,,a,
428,12,0.00,0.00,u,
429,12,0.50,,a,
430,12,6.80,100.00,a,1.00
431,12,0.00,,a,
432,12,0.00,0.00,u,
433,12,0.00,0.00,u,
434,12,0.00,,a,
435,12,0.00,,a,
436,12,4.00,,a,
437,12,0.00,100.00,a,
438,12,0.70,100.00,a,
439,12,0.00,,a,
440,12,0.70,100.00,a,
441,12,2.30,,a,
442,12,0.00,0.00,i,
443,12,1.30,,a,
444,12,1.00,,a,
445,12,0.00,0.00,u,
446,12,0.00,,a,
447,12,0.00,100.00,a,
448,12,0.00,,a,
449,12,4.00,,a,1.00
450,12,0.00,0.00,i,
451,12,0.00,0.00,u,
452,12,6.30,100.00,a,
453,12,3.70,,a,
454,12,0.00,0.00,u,
455,12,0.70,100.00,a,
456,12,1.00,100.00,a,
457,12,5.70,100.00,a,
458,12,0.30,100.00,a,
459,12,0.30,,a,
460,12,0.00,0.00,u,
461,12,0.00,,a,
462,12,0.00,,a,
463,12,0.00,,a,
464,12,0.00,0.00,u,
465,12,0.00,0.00,u,
466,12,0.70,100.00,a,
467,12,0.00,,a,
468,12,0.00,0.00,u,
469,12,3.00,,a,
470,12,2.00,100.00,a,
471,12,0.00,,a,
472,12,0.00,0.00,u,
473,12,0.70,100.00,a,
474,12,1.70,100.00,a,4.00
475,12,0.80,75.00,d,
476,12,0.30,100.00,a,
477,12,0.70,100.00,a,
478,12,0.00,0.00,i,
479,12,0.00,25.00,d,
480,12,0.00,,a,
481,12,0.00,,a,
482,12,0.00,100.00,a,
483,12,0.00,,a,
484,12,0.00,0.00,u,
485,12,0.30,100.00,a,3.00
486,12,1.00,,a,
487,12,8.30,,a,
488,12,6.00,,a,
489,12,4.00,,a,
490,12,2.00,100.00,a,
491,12,3.30,100.00,a,
492,12,0.00,0.00,u,
493,12,0.00,0.00,i,
494,12,0.70,100.00,a,
495,12,0.00,0.00,u,
496,12,0.00,0.00,u,
497,12,0.30,100.00,a,
498,12,0.00,0.00,u,
499,12,1.20,100.00,a,2.00
500,12,0.00,0.00,i,
501,12,0.00,,a,
502,12,3.70,,a,
503,12,0.00,0.00,u,
504,12,0.00,0.00,u,
505,12,4.30,,a,
506,12,5.20,75.00,d,
507,12,0.00,0.00,i,
508,12,5.30,,a,
509,12,0.00,0.00,u,
510,12,0.00,,a,
511,12,0.30,,a,
512,12,0.00,0.00,u,
513,12,0.00,,a,
514,12,0.00,,a,
515,12,6.50,75.00,d,2.00
516,12,1.00,100.00,a,
517,12,7.30,,a,
518,12,0.00,0.00,u,
519,12,1.30,100.00,a,
520,12,0.00,0.00,u,
521,12,3.00,,a,
522,12,2.30,,a,
523,12,0.00,0.00,u,
524,12,0.00,0.00,u,
525,12,0.00,0.00,i,1.00
526,12,2.70,,a,
527,12,0.00,0.00,i,
528,12,0.00,,a,
529,12,0.00,,a,
530,12,0.00,,a,
531,12,5.00,100.00,a,
532,12,1.00,,a,
533,12,0.00,0.00,i,
534,12,0.00,,a,
535,12,0.00,0.00,i,
536,12,0.00,0.00,i,
537,12,0.00,0.00,u,
538,12,0.00,,a,
539,12,0.00,100.00,a,4.00
540,12,0.00,,a,
541,12,1.00,100.00,a,
542,12,0.00,0.00,u,
543,12,0.70,,a,
544,12,0.00,0.00,i,
545,12,0.00,0.00,u,2.00
546,12,0.00,0.00,u,
547,12,3.30,100.00,a,
548,12,0.00,75.00,d,
549,12,0.00,,a,
550,12,0.00,,a,
551,12,0.00,,a,
552,12,3.00,100.00,a,
553,12,1.00,,a,
554,12,0.00,,a,
555,12,0.00,0.00,u,
556,12,0.00,0.00,u,
557,12,0.00,,a,
558,12,0.00,,a,
559,12,0.00,0.00,u,
560,12,2.00,,a,3.00
561,12,0.70,,a,1.00
562,12,0.00,,a,
563,12,0.00,0.00,u,
564,12,0.00,0.00,u,
565,12,2.00,,a,
566,12,0.00,,a,
567,12,0.00,,a,
568,12,1.30,,a,
569,12,0.00,0.00,s,
570,12,0.00,,a,
571,12,0.00,100.00,a,
572,12,0.00,50.00,d,
573,12,1.00,,a,
574,12,1.70,100.00,a,
575,12,1.00,,a,
576,12,0.00,0.00,u,
577,12,0.00,50.00,d,
578,12,0.00,0.00,u,
579,12,0.00,0.00,u,
580,12,1.00,,a,
581,12,0.00,0.00,i,
582,12,1.00,100.00,a,
583,12,0.00,0.00,i,
584,12,2.00,,a,4.00
585,12,0.70,,a,
586,12,0.30,100.00,a,
587,12,0.00,0.00,i,
588,12,3.30,100.00,a,
589,12,0.00,0.00,u,
590,12,0.00,0.00,u,
591,12,0.00,100.00,a,
592,12,0.00,0.00,u,
593,12,2.30,100.00,a,
594,12,0.00,0.00,u,
595,12,0.00,,a,
596,12,0.00,0.00,i,2.00
597,12,4.30,,a,3.00
598,12,0.00,0.00,u,
599,12,0.00,,a,
600,12,4.20,,a,
601,12,0.00,0.00,u,
602,12,-0.50,,a,
603,12,1.50,,a,
604,12,0.00,0.00,u,
605,12,1.50,,a,
606,12,-0.20,50.00,d,
607,12,0.00,0.00,u,
608,12,0.00,0.00,i,
609,12,2.80,,a,
610,12,3.50,100.00,a,
611,12,0.00,0.00,u,
612,12,3.80,100.00,a,1.00
613,12,5.80,100.00,a,
614,12,-0.50,,a,3.00
615,12,1.30,75.00,d,
616,12,0.00,0.00,u,
617,12,0.00,0.00,u,
618,12,-0.50,,a,
619,12,-0.20,100.00,a,
620,12,-0.50,100.00,a,
621,12,-0.50,,a,
622,12,0.00,0.00,u,
623,12,2.20,100.00,a,
624,12,2.20,,a,2.00
625,12,-0.20,100.00,a,
626,12,-0.50,,a,
627,12,1.70,,a,
628,12,0.00,,a,
629,12,0.00,0.00,i,
630,12,0.00,,a,
631,12,0.00,100.00,a,
632,12,0.00,50.00,d,
633,12,1.00,100.00,a,
634,12,-1.00,,a,
635,12,0.00,0.00,i,
636,12,1.00,,a,
637,12,1.30,100.00,a,
638,12,0.30,100.00,a,
639,12,0.00,0.00,u,
640,12,0.00,0.00,u,
641,12,0.00,,a,
642,12,1.00,100.00,a,1.00
643,12,2.00,100.00,a,
644,12,1.70,100.00,a,
645,12,0.00,,a,
646,12,2.00,,a,
647,12,0.00,0.00,u,
648,12,2.00,,a,
649,12,0.00,0.00,u,
650,12,0.00,,a,
651,12,0.00,,a,
652,12,0.00,,a,
653,12,0.00,0.00,u,
654,12,2.00,100.00,a,
655,12,0.00,0.00,u,
656,12,0.00,0.00,u,
657,12,0.00,0.00,i,
658,12,0.00,,a,
659,12,2.20,,a,
660,12,0.00,0.00,i,
661,12,1.40,75.00,d,
662,12,1.70,,a,
663,12,0.70,,a,
664,12,0.00,,a,
665,12,1.20,100.00,a,
666,12,1.60,50.00,d,2.00
667,12,0.00,100.00,a,
668,12,5.00,,a,
669,12,3.00,,a,
670,12,2.30,,a,
671,12,6.50,,a,
672,12,-1.00,,a,
673,12,5.00,,a,
674,12,0.00,,a,
675,12,0.00,0.00,i,
676,12,3.00,100.00,a,
677,12,0.70,,a,
678,12,0.00,100.00,a,
679,12,-0.50,,a,
680,12,1.00,100.00,a,
681,12,0.00,0.00,i,
682,12,0.30,,a,
683,12,0.00,100.00,a,
684,12,2.70,,a,
685,12,0.30,100.00,a,
686,12,0.80,,a,
687,12,0.00,,a,
688,12,0.00,,a,
689,12,0.00,,a,
690,12,0.00,100.00,a,
691,12,0.80,100.00,a,
692,12,0.00,0.00,i,
693,12,4.00,,a,
694,12,3.00,,a,
695,12,1.30,,a,
696,12,0.00,,a,
697,12,0.70,,a,
698,12,1.50,100.00,a,
699,12,0.00,0.00,i,
700,12,1.00,,a,
701,12,0.00,0.00,u,
702,12,0.00,,a,
703,12,0.00,,a,
704,12,0.00,0.00,u,
705,12,0.00,,a,
706,12,-0.20,,a,
707,12,0.00,,a,
708,12,3.50,,a,
709,12,1.00,,a,
710,12,0.00,,a,
711,12,1.00,,a,
712,12,4.00,100.00,a,
713,12,0.30,,a,
714,12,2.70,,a,
715,12,0.00,,a,
716,12,7.00,,a,
717,12,2.00,,a,
718,12,-0.20,,a,
719,12,0.00,100.00,a,
720,12,0.70,,a,
721,12,0.70,,a,
722,12,2.70,,a,
723,12,4.00,,a,
724,12,1.70,,a,
725,12,2.00,100.00,a,
726,12,1.30,100.00,a,
727,12,2.00,100.00,a,
728,12,0.00,0.00,i,
729,12,0.00,0.00,u,
730,12,2.30,,a,
731,12,2.70,100.00,a,
732,12,0.00,,a,
733,12,1.30,,a,
734,12,0.00,0.00,i,
735,12,2.30,,a,
736,12,3.50,,a,
737,12,0.00,,a,
738,12,-0.10,25.00,d,
739,12,0.50,,a,
740,12,0.50,,a,
741,12,-0.50,100.00,a,
742,12,0.50,,a,
743,12,-1.00,,a,
744,12,0.30,,a,
745,12,0.00,,a,
746,12,0.50,,a,
747,12,-0.50,,a,
748,12,0.00,0.00,i,
749,12,0.50,,a,
750,12,0.00,,a,
751,12,0.00,,a,
752,12,-0.50,,a,
753,12,1.30,,a,
754,12,1.20,,a,
755,12,1.20,,a,
1,13,3.00,,a,
2,13,1.00,,a,
3,13,0.00,0.00,u,
4,13,1.00,,a,
5,13,0.00,0.00,i,
6,13,1.50,75.00,d,
7,13,2.00,100.00,a,
8,13,3.70,,a,
9,13,0.00,0.00,u,
10,13,1.30,,a,
11,13,1.00,100.00,a,
12,13,0.00,0.00,i,
13,13,1.00,,a,
14,13,0.00,0.00,u,
15,13,1.00,,a,
16,13,8.00,100.00,a,1.00
17,13,1.30,100.00,a,3.00
18,13,1.70,100.00,a,
19,13,1.30,100.00,a,
20,13,6.00,75.00,d,4.00
21,13,5.00,100.00,a,
22,13,7.30,,a,
23,13,0.00,0.00,u,
24,13,1.00,100.00,a,
25,13,1.30,,a,
26,13,3.30,100.00,a,
27,13,0.00,0.00,n,
28,13,0.00,0.00,u,
29,13,0.00,0.00,u,
30,13,0.50,50.00,d,
31,13,1.00,100.00,a,
32,13,8.00,100.00,a,
33,13,0.00,,a,
34,13,0.00,0.00,u,
35,13,0.00,0.00,u,
36,13,4.70,100.00,a,
37,13,5.70,100.00,a,
38,13,5.30,100.00,a,
39,13,0.30,,a,
40,13,0.00,0.00,i,
41,13,5.30,,a,
42,13,0.00,100.00,a,
43,13,0.00,0.00,u,
44,13,1.00,100.00,a,
45,13,0.00,,a,
46,13,0.00,0.00,u,
47,13,6.70,100.00,a,
48,13,3.00,100.00,a,4.00
49,13,0.00,0.00,u,
50,13,4.30,100.00,a,
51,13,0.00,0.00,u,
52,13,0.80,100.00,a,
53,13,4.30,,a,
54,13,4.30,,a,
55,13,2.80,75.00,d,
56,13,0.00,0.00,u,
57,13,0.00,0.00,u,
58,13,5.70,100.00,a,
59,13,3.30,100.00,a,
60,13,0.00,,a,
61,13,0.00,0.00,u,
62,13,0.00,,a,
63,13,0.00,,a,
64,13,1.70,100.00,a,3.00
65,13,0.00,0.00,u,
66,13,0.00,0.00,u,
67,13,1.50,,a,
68,13,0.00,,a,
69,13,0.00,,a,
70,13,0.00,0.00,u,
71,13,0.00,0.00,u,
72,13,0.00,0.00,s,
73,13,0.80,100.00,a,
74,13,0.80,,a,
75,13,0.00,25.00,d,
76,13,0.00,,a,
77,13,0.00,,a,
78,13,0.00,100.00,a,
79,13,0.00,0.00,u,
80,13,0.00,100.00,a,
81,13,0.80,100.00,a,1.00
82,13,0.80,100.00,a,3.00
83,13,6.00,100.00,a,
84,13,3.00,,a,
85,13,5.20,100.00,a,
86,13,0.00,0.00,s,
87,13,0.00,0.00,i,
88,13,0.00,0.00,s,
89,13,0.00,0.00,u,
90,13,2.00,,a,
91,13,0.00,0.00,u,
92,13,0.00,0.00,u,
93,13,0.00,0.00,u,
94,13,0.00,0.00,u,
95,13,0.00,0.00,u,
96,13,0.00,0.00,u,
97,13,3.20,100.00,a,2.00
98,13,1.80,100.00,a,
99,13,0.00,0.00,u,
100,13,1.50,,a,
101,13,1.00,100.00,a,
102,13,-1.00,,a,
103,13,-1.00,,a,
104,13,-1.00,,a,
105,13,-1.00,,a,
106,13,1.30,,a,
107,13,-0.70,,a,
108,13,0.30,100.00,a,
109,13,-0.30,,a,
110,13,1.30,,a,
111,13,-1.00,100.00,a,
112,13,0.00,0.00,u,
113,13,1.30,,a,
114,13,-1.00,100.00,a,
115,13,0.00,0.00,u,
116,13,2.70,100.00,a,
117,13,0.00,0.00,u,
118,13,0.00,0.00,u,
119,13,3.00,,a,
120,13,3.30,100.00,a,
121,13,1.70,,a,
122,13,0.00,0.00,i,
123,13,0.00,0.00,i,
124,13,3.00,,a,
125,13,-0.70,100.00,a,
126,13,0.30,,a,
127,13,-1.00,100.00,a,
128,13,-1.00,,a,
129,13,1.30,100.00,a,
130,13,-1.00,,a,
131,13,-1.00,,a,
132,13,-1.00,100.00,a,
133,13,-1.00,,a,
134,13,0.00,0.00,u,
135,13,0.00,25.00,d,1.00
136,13,9.00,,a,2.00
137,13,-1.00,,a,
138,13,0.00,,a,
139,13,6.70,,a,
140,13,0.00,,a,
141,13,0.00,0.00,u,
142,13,0.00,0.00,u,
143,13,0.00,,a,
144,13,0.00,,a,
145,13,5.70,100.00,a,
146,13,4.30,,a,
147,13,0.00,0.00,u,
148,13,5.00,,a,
149,13,1.20,100.00,a,
150,13,0.00,0.00,u,
151,13,4.30,,a,
152,13,0.70,100.00,a,
153,13,0.00,0.00,i,
154,13,0.00,0.00,u,
155,13,0.00,0.00,u,
156,13,0.00,,a,
157,13,0.00,25.00,d,
158,13,2.00,75.00,d,
159,13,0.00,0.00,i,
160,13,5.70,,a,
161,13,0.00,0.00,u,
162,13,0.30,100.00,a,
163,13,2.70,100.00,a,
164,13,0.00,0.00,u,2.00
165,13,0.00,0.00,u,
166,13,3.30,100.00,a,
167,13,1.30,,a,
168,13,0.00,100.00,a,
169,13,2.30,100.00,a,
170,13,0.00,0.00,i,
171,13,0.00,0.00,u,
172,13,0.00,100.00,a,
173,13,3.70,100.00,a,
174,13,0.00,0.00,u,
175,13,0.00,,a,
176,13,0.00,0.00,u,
177,13,0.00,0.00,u,
178,13,4.00,,a,1.00
179,13,0.00,0.00,u,
180,13,2.00,,a,
181,13,0.30,,a,
182,13,0.50,,a,
183,13,0.00,,a,
184,13,0.00,0.00,u,
185,13,0.00,,a,
186,13,0.00,0.00,i,
187,13,1.00,,a,
188,13,0.00,,a,
189,13,0.00,0.00,u,
190,13,0.00,,a,
191,13,3.00,,a,
192,13,1.70,,a,
193,13,0.00,100.00,a,
194,13,0.00,0.00,i,
195,13,0.30,,a,
196,13,0.00,0.00,u,
197,13,0.00,,a,
198,13,1.30,100.00,a,
199,13,0.00,,a,
200,13,2.70,100.00,a,
201,13,0.00,0.00,u,
202,13,1.00,100.00,a,2.00
203,13,0.00,,a,
204,13,0.00,0.00,u,
205,13,4.70,,a,
206,13,0.30,,a,
207,13,1.30,,a,
208,13,0.00,0.00,u,
209,13,0.70,,a,
210,13,2.30,,a,
211,13,0.00,0.00,u,
212,13,0.00,0.00,u,
213,13,0.00,,a,
214,13,0.00,,a,
215,13,4.30,,a,
216,13,0.00,0.00,i,
217,13,1.00,100.00,a,
218,13,0.00,,a,1.00
219,13,0.00,0.00,u,
220,13,5.00,,a,
221,13,0.00,,a,
222,13,0.00,0.00,u,
223,13,0.00,,a,
224,13,4.30,,a,
225,13,3.30,100.00,a,
226,13,7.00,100.00,a,
227,13,0.00,0.00,i,
228,13,6.00,100.00,a,
229,13,0.00,100.00,a,
230,13,3.30,100.00,a,
231,13,0.00,0.00,u,
232,13,3.30,100.00,a,
233,13,0.00,100.00,a,
234,13,0.00,0.00,u,
235,13,0.00,100.00,a,1.00
236,13,6.30,100.00,a,
237,13,5.30,100.00,a,4.00
238,13,1.70,,a,
239,13,2.30,,a,
240,13,0.00,0.00,u,2.00
241,13,0.00,0.00,s,
242,13,7.80,100.00,a,
243,13,0.00,,a,
244,13,0.00,0.00,i,
245,13,0.00,0.00,s,
246,13,2.00,100.00,a,
247,13,0.00,50.00,d,
248,13,0.00,0.00,u,
249,13,3.00,,a,
250,13,1.70,100.00,a,
251,13,0.00,0.00,u,
252,13,1.70,100.00,a,
253,13,5.70,,a,
254,13,0.00,100.00,a,
255,13,0.00,,a,
256,13,7.00,,a,
257,13,6.70,,a,
258,13,6.00,,a,
259,13,0.00,50.00,d,
260,13,1.70,100.00,a,
261,13,5.00,100.00,a,
262,13,0.00,100.00,a,
263,13,0.00,,a,
264,13,0.00,0.00,u,
265,13,0.00,0.00,i,
266,13,9.00,,a,1.00
267,13,0.60,25.00,d,
268,13,0.00,0.00,i,
269,13,0.00,,a,
270,13,1.00,100.00,a,
271,13,3.30,100.00,a,
272,13,1.00,,a,
273,13,4.30,100.00,a,
274,13,0.00,,a,
275,13,0.00,,a,
276,13,0.70,,a,
277,13,0.00,0.00,u,
278,13,0.00,0.00,u,
279,13,0.00,0.00,u,
280,13,0.00,0.00,u,
281,13,0.00,,a,
282,13,0.00,0.00,u,
283,13,3.00,,a,2.00
284,13,0.30,100.00,a,
285,13,0.00,0.00,u,
286,13,0.00,,a,
287,13,5.00,,a,
288,13,0.00,,a,
289,13,0.00,,a,
290,13,0.00,0.00,i,
291,13,4.50,,a,
292,13,4.80,100.00,a,
293,13,2.20,,a,
294,13,0.00,0.00,i,
295,13,7.50,100.00,a,
296,13,0.00,0.00,i,
297,13,0.00,,a,
298,13,0.00,,a,
299,13,4.20,100.00,a,1.00
300,13,0.80,,a,
301,13,0.50,,a,
302,13,0.00,0.00,s,
303,13,3.20,,a,
304,13,2.00,,a,
305,13,0.00,0.00,u,
306,13,0.00,,a,
307,13,0.00,,a,
308,13,0.00,0.00,u,
309,13,0.00,0.00,u,
310,13,1.50,,a,
311,13,1.00,,a,2.00
312,13,0.00,0.00,u,
313,13,0.00,0.00,u,
314,13,2.20,,a,
315,13,0.00,0.00,u,
316,13,0.00,0.00,i,
317,13,5.20,100.00,a,
318,13,4.50,,a,
319,13,0.20,,a,
320,13,-0.50,,a,
321,13,-0.50,,a,
322,13,6.50,100.00,a,
323,13,-0.50,,a,
324,13,1.80,,a,
325,13,0.50,100.00,a,
326,13,-0.20,,a,
327,13,0.00,0.00,u,2.00
328,13,3.20,100.00,a,
329,13,2.80,75.00,d,
330,13,1.80,,a,
331,13,-0.50,100.00,a,
332,13,-0.20,100.00,a,
333,13,0.00,0.00,u,
334,13,0.00,0.00,u,
335,13,2.50,,a,
336,13,-0.20,,a,
337,13,2.20,100.00,a,1.00
338,13,0.00,0.00,i,
339,13,0.00,,a,
340,13,0.00,,a,
341,13,0.00,,a,
342,13,0.70,100.00,a,
343,13,1.30,100.00,a,3.00
344,13,0.70,100.00,a,
345,13,0.00,75.00,d,
346,13,0.00,,a,
347,13,1.00,100.00,a,
348,13,1.30,100.00,a,
349,13,0.00,0.00,u,
350,13,3.30,,a,
351,13,0.30,100.00,a,
352,13,0.30,,a,
353,13,1.00,100.00,a,
354,13,2.70,100.00,a,
355,13,0.00,0.00,u,
356,13,0.70,,a,
357,13,0.00,0.00,u,
358,13,2.00,100.00,a,
359,13,0.00,0.00,u,
360,13,0.00,0.00,u,
361,13,0.00,0.00,u,
362,13,0.70,100.00,a,2.00
363,13,0.00,0.00,u,
364,13,0.00,0.00,u,
365,13,6.70,100.00,a,1.00
366,13,3.20,100.00,a,
367,13,2.80,,a,
368,13,0.50,,a,
369,13,0.50,,a,
370,13,0.00,0.00,i,
371,13,3.20,,a,
372,13,1.20,,a,
373,13,3.80,,a,
374,13,3.50,100.00,a,
375,13,0.00,0.00,i,
376,13,4.50,100.00,a,
377,13,0.00,0.00,u,
378,13,0.50,100.00,a,
379,13,0.50,,a,
380,13,0.50,,a,
381,13,1.80,,a,1.00
382,13,2.20,100.00,a,
383,13,0.00,0.00,u,
384,13,6.20,,a,2.00
385,13,0.80,100.00,a,
386,13,2.50,100.00,a,3.00
387,13,2.50,,a,
388,13,1.50,100.00,a,
389,13,0.00,100.00,a,
390,13,2.50,100.00,a,
391,13,0.00,0.00,i,
392,13,0.50,100.00,a,
393,13,0.00,0.00,i,
394,13,0.00,0.00,u,
395,13,0.00,0.00,u,
396,13,0.50,,a,
397,13,0.00,0.00,u,
398,13,0.00,0.00,i,
399,13,0.00,0.00,u,
400,13,0.50,,a,
401,13,0.50,100.00,a,
402,13,0.70,100.00,a,
403,13,4.30,100.00,a,
404,13,0.00,0.00,u,
405,13,0.50,,a,
406,13,0.50,100.00,a,
407,13,5.30,,a,4.00
408,13,4.50,,a,
409,13,0.70,100.00,a,
410,13,0.50,100.00,a,
411,13,6.50,100.00,a,
412,13,0.00,0.00,u,
413,13,1.50,100.00,a,2.00
414,13,6.50,100.00,a,
415,13,1.30,100.00,a,
416,13,2.70,,a,
417,13,6.00,100.00,a,
418,13,4.70,,a,3.00
419,13,2.50,100.00,a,
420,13,0.00,0.00,u,
421,13,0.00,0.00,i,
422,13,0.00,0.00,i,
423,13,5.00,100.00,a,
424,13,0.50,,a,
425,13,0.00,0.00,u,
426,13,0.30,,a,
427,13,1.70,,a,
428,13,0.00,0.00,u,
429,13,0.50,,a,
430,13,5.70,100.00,a,1.00
431,13,0.00,,a,
432,13,0.00,0.00,u,
433,13,0.00,0.00,u,
434,13,0.00,,a,
435,13,0.00,,a,
436,13,4.30,,a,
437,13,0.30,100.00,a,
438,13,1.00,100.00,a,
439,13,0.00,,a,
440,13,1.00,100.00,a,
441,13,2.30,,a,
442,13,0.00,0.00,i,
443,13,1.30,,a,
444,13,1.00,,a,
445,13,0.00,0.00,u,
446,13,0.00,,a,
447,13,0.00,100.00,a,
448,13,0.00,,a,
449,13,6.00,,a,1.00
450,13,0.80,75.00,d,
451,13,0.00,0.00,u,
452,13,4.00,100.00,a,
453,13,4.00,,a,
454,13,0.00,0.00,u,
455,13,3.30,100.00,a,
456,13,1.00,100.00,a,
457,13,3.00,100.00,a,
458,13,0.70,100.00,a,
459,13,0.30,,a,
460,13,0.00,0.00,u,
461,13,0.00,,a,
462,13,0.00,,a,
463,13,0.00,,a,
464,13,0.00,0.00,u,
465,13,0.00,0.00,u,
466,13,3.70,100.00,a,
467,13,0.00,,a,
468,13,0.00,0.00,u,
469,13,0.60,25.00,d,
470,13,1.70,100.00,a,
471,13,0.00,,a,
472,13,0.00,0.00,u,
473,13,1.80,100.00,a,
474,13,1.50,100.00,a,4.00
475,13,0.20,25.00,d,
476,13,1.50,100.00,a,
477,13,1.00,100.00,a,
478,13,0.00,0.00,i,
479,13,0.00,25.00,d,
480,13,0.00,,a,
481,13,0.00,,a,
482,13,0.00,100.00,a,
483,13,0.00,,a,
484,13,0.00,0.00,u,
485,13,0.50,100.00,a,3.00
486,13,2.00,,a,
487,13,6.80,,a,
488,13,5.50,,a,
489,13,3.00,,a,
490,13,2.00,100.00,a,
491,13,2.80,100.00,a,
492,13,0.00,0.00,u,
493,13,0.00,0.00,i,
494,13,0.80,100.00,a,
495,13,0.00,0.00,u,
496,13,0.00,0.00,u,
497,13,4.00,100.00,a,
498,13,0.00,0.00,u,
499,13,3.50,100.00,a,2.00
500,13,0.00,0.00,i,
501,13,0.00,,a,
502,13,3.70,,a,
503,13,0.00,0.00,u,
504,13,0.00,0.00,u,
505,13,4.30,,a,
506,13,4.50,75.00,d,
507,13,0.00,0.00,i,
508,13,5.30,,a,
509,13,0.00,0.00,u,
510,13,0.00,,a,
511,13,1.30,,a,
512,13,0.00,0.00,u,
513,13,0.00,,a,
514,13,0.00,,a,
515,13,5.00,75.00,d,2.00
516,13,0.70,100.00,a,
517,13,8.00,,a,
518,13,0.00,0.00,u,
519,13,1.70,100.00,a,
520,13,0.00,0.00,u,
521,13,4.00,,a,
522,13,1.00,,a,
523,13,0.00,0.00,u,
524,13,0.00,0.00,u,
525,13,0.00,0.00,i,1.00
526,13,1.70,,a,
527,13,0.00,0.00,i,
528,13,-0.50,,a,
529,13,-0.50,,a,
530,13,-0.50,,a,
531,13,4.00,100.00,a,
532,13,0.30,,a,
533,13,0.00,0.00,i,
534,13,-0.50,,a,
535,13,-0.10,25.00,d,
536,13,-0.10,25.00,d,
537,13,0.00,0.00,u,
538,13,-0.50,,a,
539,13,-0.50,100.00,a,4.00
540,13,-0.50,,a,
541,13,1.30,100.00,a,
542,13,0.00,0.00,u,
543,13,0.00,,a,
544,13,0.00,0.00,i,
545,13,0.00,0.00,u,2.00
546,13,0.00,0.00,u,
547,13,5.30,100.00,a,
548,13,-0.50,100.00,a,
549,13,-0.50,,a,
550,13,-0.50,,a,
551,13,-0.50,,a,
552,13,2.30,100.00,a,
553,13,0.70,,a,
554,13,-0.50,,a,
555,13,0.00,0.00,u,
556,13,0.00,0.00,u,
557,13,-0.50,,a,
558,13,-0.50,,a,
559,13,0.00,0.00,u,
560,13,1.50,,a,3.00
561,13,0.00,,a,1.00
562,13,-0.50,,a,
563,13,0.00,0.00,u,
564,13,0.00,0.00,u,
565,13,1.00,,a,
566,13,0.00,,a,
567,13,0.00,,a,
568,13,1.00,,a,
569,13,0.70,100.00,a,
570,13,1.00,,a,
571,13,0.00,100.00,a,
572,13,0.00,50.00,d,
573,13,0.30,,a,
574,13,1.30,100.00,a,
575,13,0.30,,a,
576,13,0.00,0.00,u,
577,13,0.00,50.00,d,
578,13,0.00,0.00,u,
579,13,0.00,0.00,u,
580,13,0.70,,a,
581,13,0.00,0.00,i,
582,13,3.30,100.00,a,
583,13,0.00,0.00,i,
584,13,2.30,,a,4.00
585,13,1.00,,a,
586,13,1.70,100.00,a,
587,13,0.00,0.00,i,
588,13,3.30,100.00,a,
589,13,0.00,0.00,u,
590,13,0.00,0.00,u,
591,13,0.30,100.00,a,
592,13,0.00,0.00,u,
593,13,1.30,100.00,a,
594,13,0.00,0.00,u,
595,13,0.00,,a,
596,13,0.00,0.00,i,2.00
597,13,4.30,,a,3.00
598,13,0.00,0.00,u,
599,13,0.00,,a,
600,13,4.00,,a,
601,13,0.00,0.00,u,
602,13,0.00,,a,
603,13,1.80,,a,
604,13,0.00,0.00,u,
605,13,1.50,,a,
606,13,0.80,100.00,a,
607,13,0.00,0.00,u,
608,13,0.00,0.00,i,
609,13,2.80,,a,
610,13,3.20,100.00,a,
611,13,0.00,0.00,u,
612,13,0.00,0.00,s,1.00
613,13,5.00,100.00,a,
614,13,0.00,,a,3.00
615,13,1.40,75.00,d,
616,13,0.00,0.00,u,
617,13,0.00,0.00,u,
618,13,0.00,,a,
619,13,0.50,100.00,a,
620,13,0.00,100.00,a,
621,13,0.00,,a,
622,13,0.00,0.00,u,
623,13,2.50,100.00,a,
624,13,2.50,,a,2.00
625,13,0.50,100.00,a,
626,13,0.00,,a,
627,13,2.00,,a,
628,13,0.00,,a,
629,13,0.00,0.00,i,
630,13,0.00,,a,
631,13,1.70,100.00,a,
632,13,0.00,50.00,d,
633,13,1.00,100.00,a,
634,13,0.30,,a,
635,13,0.00,0.00,i,
636,13,0.30,,a,
637,13,2.70,100.00,a,
638,13,0.00,100.00,a,
639,13,0.00,0.00,u,
640,13,0.00,0.00,u,
641,13,0.00,,a,
642,13,1.00,100.00,a,1.00
643,13,2.70,100.00,a,
644,13,1.70,100.00,a,
645,13,0.00,,a,
646,13,3.00,,a,
647,13,0.00,0.00,u,
648,13,0.70,,a,
649,13,0.00,0.00,u,
650,13,0.30,,a,
651,13,0.00,,a,
652,13,0.00,,a,
653,13,0.00,0.00,u,
654,13,2.00,100.00,a,
655,13,0.00,0.00,u,
656,13,0.00,0.00,u,
657,13,0.00,0.00,i,
658,13,0.00,,a,
659,13,2.00,,a,
660,13,0.00,0.00,i,
661,13,1.50,100.00,a,
662,13,2.00,,a,
663,13,0.70,,a,
664,13,-0.50,,a,
665,13,2.00,100.00,a,
666,13,1.00,100.00,a,2.00
667,13,0.00,100.00,a,
668,13,4.50,,a,
669,13,3.00,,a,
670,13,1.50,,a,
671,13,5.80,,a,
672,13,0.00,,a,
673,13,4.00,,a,
674,13,0.50,,a,
675,13,0.00,0.00,i,
676,13,2.70,100.00,a,
677,13,0.30,,a,
678,13,-0.50,100.00,a,
679,13,0.00,,a,
680,13,1.00,100.00,a,
681,13,0.00,0.00,i,
682,13,0.70,,a,
683,13,-0.50,100.00,a,
684,13,6.00,,a,
685,13,0.50,100.00,a,
686,13,0.80,,a,
687,13,0.00,,a,
688,13,0.00,,a,
689,13,0.00,,a,
690,13,0.00,100.00,a,
691,13,3.00,100.00,a,
692,13,0.00,0.00,i,
693,13,4.30,,a,
694,13,1.70,,a,
695,13,2.00,,a,
696,13,0.30,,a,
697,13,2.20,,a,
698,13,1.70,100.00,a,
699,13,0.00,0.00,i,
700,13,1.00,,a,
701,13,0.00,0.00,u,
702,13,0.00,,a,
703,13,0.00,,a,
704,13,0.00,0.00,u,
705,13,0.00,,a,
706,13,0.30,,a,
707,13,0.20,,a,
708,13,3.50,,a,
709,13,0.50,75.00,d,
710,13,0.00,,a,
711,13,1.00,,a,
712,13,3.70,100.00,a,
713,13,0.20,,a,
714,13,3.80,,a,
715,13,0.00,,a,
716,13,5.00,,a,
717,13,1.30,,a,
718,13,0.50,,a,
719,13,0.00,100.00,a,
720,13,0.70,,a,
721,13,0.50,,a,
722,13,3.70,,a,
723,13,3.70,,a,
724,13,1.00,,a,
725,13,2.00,100.00,a,
726,13,1.00,100.00,a,
727,13,2.80,100.00,a,
728,13,0.00,0.00,i,
729,13,0.00,0.00,u,
730,13,2.70,,a,
731,13,1.50,100.00,a,
732,13,0.30,,a,
733,13,1.70,,a,
734,13,0.00,0.00,i,
735,13,3.30,,a,
736,13,4.00,,a,
737,13,-0.50,,a,
738,13,0.00,25.00,d,
739,13,0.50,,a,
740,13,0.50,,a,
741,13,0.00,100.00,a,
742,13,0.50,,a,
743,13,0.00,,a,
744,13,0.00,,a,
745,13,0.00,,a,
746,13,0.50,,a,
747,13,0.00,,a,
748,13,0.00,0.00,i,
749,13,0.70,,a,
750,13,0.00,,a,
751,13,0.00,,a,
752,13,0.00,,a,
753,13,0.00,,a,
754,13,0.00,,a,
755,13,0.00,,a,
1,14,4.00,,a,
2,14,1.00,,a,
3,14,0.00,0.00,u,
4,14,1.00,,a,
5,14,0.00,0.00,i,
6,14,1.40,75.00,d,
7,14,3.50,100.00,a,
8,14,3.20,,a,
9,14,0.00,0.00,u,
10,14,1.20,,a,
11,14,4.50,100.00,a,
12,14,0.00,25.00,d,
13,14,1.00,,a,
14,14,0.00,0.00,u,
15,14,1.00,,a,
16,14,7.80,100.00,a,1.00
17,14,2.00,100.00,a,3.00
18,14,2.20,100.00,a,
19,14,2.00,100.00,a,
20,14,4.70,75.00,d,4.00
21,14,3.60,75.00,d,
22,14,9.00,,a,
23,14,0.00,0.00,u,
24,14,1.00,100.00,a,
25,14,1.20,,a,
26,14,3.50,100.00,a,
27,14,0.50,100.00,a,
28,14,0.00,0.00,u,
29,14,0.00,0.00,u,
30,14,0.00,0.00,i,
31,14,1.00,100.00,a,
32,14,3.80,75.00,d,
33,14,-0.80,,a,
34,14,0.00,0.00,u,
35,14,0.00,0.00,u,
36,14,3.50,100.00,a,
37,14,3.50,100.00,a,
38,14,3.20,100.00,a,
39,14,-0.50,,a,
40,14,0.00,0.00,i,
41,14,2.80,,a,
42,14,-1.00,100.00,a,
43,14,0.00,0.00,u,
44,14,0.00,100.00,a,
45,14,-1.00,,a,
46,14,0.00,0.00,u,
47,14,5.50,100.00,a,
48,14,1.50,100.00,a,
49,14,0.00,0.00,u,
50,14,2.50,100.00,a,2.00
51,14,0.00,0.00,u,
52,14,0.80,100.00,a,
53,14,3.80,,a,1.00
54,14,2.50,,a,
55,14,0.00,0.00,i,
56,14,0.00,0.00,u,
57,14,0.00,0.00,u,
58,14,3.80,100.00,a,
59,14,4.20,100.00,a,
60,14,-1.00,,a,
61,14,0.00,0.00,u,
62,14,-1.00,,a,
63,14,-1.00,,a,
64,14,3.50,100.00,a,3.00
65,14,0.00,0.00,u,
66,14,0.00,0.00,u,
67,14,1.50,,a,
68,14,0.00,,a,
69,14,0.00,,a,
70,14,0.00,0.00,u,
71,14,0.00,0.00,u,
72,14,1.80,100.00,a,
73,14,0.80,100.00,a,
74,14,1.20,,a,
75,14,0.00,25.00,d,
76,14,0.00,,a,
77,14,0.00,,a,
78,14,0.00,100.00,a,
79,14,0.00,0.00,u,
80,14,0.20,100.00,a,
81,14,1.20,100.00,a,1.00
82,14,1.20,100.00,a,3.00
83,14,5.80,100.00,a,
84,14,2.80,,a,4.00
85,14,0.00,0.00,s,
86,14,0.50,100.00,a,
87,14,0.00,0.00,i,
88,14,0.00,0.00,s,
89,14,0.00,0.00,u,
90,14,1.80,,a,
91,14,0.00,0.00,u,
92,14,0.00,0.00,u,
93,14,0.00,0.00,u,
94,14,0.00,0.00,u,
95,14,0.00,0.00,u,
96,14,0.00,0.00,u,
97,14,3.20,100.00,a,
98,14,1.80,100.00,a,
99,14,0.00,0.00,u,
100,14,1.50,,a,
101,14,2.00,100.00,a,
102,14,0.00,,a,
103,14,0.00,,a,
104,14,0.00,,a,
105,14,0.00,,a,
106,14,2.00,,a,
107,14,0.50,,a,
108,14,1.20,100.00,a,
109,14,1.00,,a,
110,14,2.00,,a,
111,14,1.00,100.00,a,
112,14,0.00,0.00,u,
113,14,2.00,,a,
114,14,0.00,100.00,a,
115,14,0.00,0.00,u,
116,14,2.80,100.00,a,
117,14,0.00,0.00,u,
118,14,0.00,0.00,u,
119,14,2.80,,a,
120,14,3.50,100.00,a,3.00
121,14,2.20,,a,
122,14,0.00,0.00,i,
123,14,0.00,0.00,i,4.00
124,14,3.20,,a,
125,14,0.80,100.00,a,
126,14,1.50,,a,
127,14,0.00,100.00,a,
128,14,0.00,,a,
129,14,2.00,100.00,a,
130,14,0.00,,a,
131,14,0.00,,a,
132,14,0.00,100.00,a,
133,14,0.00,,a,
134,14,0.00,0.00,u,
135,14,0.00,75.00,d,
136,14,7.80,,a,2.00
137,14,0.00,,a,
138,14,0.00,,a,
139,14,5.20,,a,
140,14,0.00,,a,
141,14,0.00,0.00,u,
142,14,0.00,0.00,u,
143,14,0.00,,a,
144,14,0.00,,a,
145,14,4.20,100.00,a,
146,14,3.20,,a,
147,14,0.00,0.00,u,
148,14,4.00,,a,
149,14,0.00,0.00,n,
150,14,0.00,0.00,u,
151,14,6.20,,a,
152,14,0.80,100.00,a,
153,14,0.00,0.00,i,
154,14,0.00,0.00,u,
155,14,0.00,0.00,u,
156,14,0.00,,a,
157,14,0.00,50.00,d,
158,14,1.50,75.00,d,
159,14,0.00,0.00,i,
160,14,4.80,,a,
161,14,0.00,0.00,u,
162,14,0.80,100.00,a,
163,14,4.00,100.00,a,
164,14,0.00,0.00,u,
165,14,0.00,0.00,u,
166,14,1.90,75.00,d,
167,14,2.00,,a,
168,14,0.00,100.00,a,
169,14,2.00,100.00,a,
170,14,0.00,0.00,i,1.00
171,14,0.00,0.00,u,
172,14,0.00,100.00,a,
173,14,4.80,100.00,a,
174,14,0.00,0.00,u,
175,14,0.00,,a,
176,14,0.00,0.00,u,
177,14,0.00,0.00,u,
178,14,3.20,,a,2.00
179,14,0.00,0.00,u,
180,14,0.00,0.00,i,
181,14,0.50,,a,
182,14,0.50,,a,
183,14,0.00,,a,
184,14,0.00,0.00,u,
185,14,0.00,,a,
186,14,0.00,0.00,i,
187,14,1.20,,a,
188,14,0.00,,a,
189,14,0.00,0.00,u,
190,14,1.00,,a,
191,14,3.20,,a,
192,14,1.80,,a,
193,14,0.00,0.00,i,
194,14,0.00,0.00,i,
195,14,0.20,,a,
196,14,0.00,0.00,u,
197,14,0.00,,a,
198,14,0.00,0.00,i,
199,14,0.00,,a,
200,14,2.20,100.00,a,
201,14,0.00,0.00,u,
202,14,1.00,100.00,a,3.00
203,14,0.00,,a,
204,14,0.00,0.00,u,
205,14,4.50,,a,
206,14,0.50,,a,
207,14,0.00,0.00,s,
208,14,0.00,0.00,u,
209,14,0.50,,a,
210,14,2.00,,a,
211,14,0.00,0.00,u,
212,14,0.00,0.00,u,
213,14,0.00,,a,
214,14,0.00,,a,
215,14,3.50,,a,1.00
216,14,0.00,0.00,i,
217,14,1.20,100.00,a,
218,14,0.00,,a,2.00
219,14,0.00,0.00,u,
220,14,4.00,,a,
221,14,0.00,,a,
222,14,0.00,0.00,u,
223,14,0.00,,a,
224,14,3.50,,a,
225,14,2.50,100.00,a,
226,14,5.50,100.00,a,
227,14,0.00,0.00,i,
228,14,4.80,100.00,a,
229,14,0.00,100.00,a,
230,14,2.50,100.00,a,
231,14,0.00,0.00,u,
232,14,3.20,100.00,a,
233,14,0.00,100.00,a,
234,14,0.00,0.00,u,
235,14,0.20,100.00,a,1.00
236,14,6.20,100.00,a,
237,14,4.50,100.00,a,2.00
238,14,1.20,,a,3.00
239,14,3.00,,a,
240,14,0.00,0.00,u,
241,14,0.00,0.00,s,
242,14,8.00,100.00,a,
243,14,0.00,,a,
244,14,0.00,0.00,i,
245,14,0.00,0.00,s,
246,14,2.00,100.00,a,
247,14,0.00,0.00,i,
248,14,0.00,0.00,u,
249,14,2.80,,a,
250,14,1.80,100.00,a,
251,14,0.00,0.00,u,
252,14,1.50,100.00,a,
253,14,6.00,,a,
254,14,0.00,100.00,a,
255,14,0.00,,a,
256,14,8.80,,a,
257,14,7.00,,a,
258,14,6.00,,a,
259,14,0.00,75.00,d,
260,14,4.80,100.00,a,
261,14,6.00,100.00,a,
262,14,0.00,100.00,a,
263,14,0.00,,a,
264,14,0.00,0.00,u,
265,14,0.00,0.00,i,
266,14,7.20,,a,
267,14,0.00,0.00,i,
268,14,0.00,0.00,i,
269,14,0.00,,a,
270,14,1.00,100.00,a,
271,14,3.20,100.00,a,
272,14,2.00,,a,
273,14,4.00,100.00,a,
274,14,0.00,,a,
275,14,0.00,,a,
276,14,0.80,,a,
277,14,0.00,0.00,u,
278,14,0.00,0.00,u,
279,14,0.00,0.00,u,
280,14,0.00,0.00,u,
281,14,0.00,,a,
282,14,0.00,0.00,u,
283,14,2.80,,a,2.00
284,14,0.50,100.00,a,
285,14,0.00,0.00,u,
286,14,0.00,,a,
287,14,6.20,,a,
288,14,0.00,,a,
289,14,0.00,,a,
290,14,0.00,0.00,i,
291,14,6.50,,a,
292,14,5.50,100.00,a,
293,14,3.20,,a,
294,14,0.00,0.00,i,
295,14,3.20,50.00,d,
296,14,0.00,100.00,a,
297,14,0.00,,a,
298,14,0.00,,a,
299,14,2.80,100.00,a,1.00
300,14,0.80,,a,
301,14,1.80,,a,
302,14,0.00,0.00,s,
303,14,3.50,,a,
304,14,0.00,0.00,s,
305,14,0.00,0.00,u,
306,14,0.00,,a,
307,14,0.00,,a,
308,14,0.00,0.00,u,
309,14,0.00,0.00,u,
310,14,2.00,,a,
311,14,1.00,,a,2.00
312,14,0.00,0.00,u,
313,14,0.00,0.00,u,
314,14,2.00,,a,
315,14,0.00,0.00,u,
316,14,0.00,0.00,i,
317,14,4.20,100.00,a,
318,14,4.20,,a,
319,14,1.20,,a,
320,14,0.00,,a,
321,14,0.00,,a,
322,14,5.20,100.00,a,
323,14,0.00,,a,
324,14,3.50,,a,
325,14,2.50,100.00,a,
326,14,0.20,,a,
327,14,0.00,0.00,u,
328,14,3.20,100.00,a,
329,14,5.20,100.00,a,3.00
330,14,1.80,,a,
331,14,0.00,100.00,a,
332,14,0.50,100.00,a,
333,14,0.00,0.00,u,
334,14,0.00,0.00,u,
335,14,2.50,,a,
336,14,0.20,,a,
337,14,2.50,100.00,a,1.00
338,14,0.00,0.00,i,
339,14,-0.50,,a,
340,14,-0.50,,a,
341,14,-0.50,,a,
342,14,1.30,100.00,a,
343,14,1.00,100.00,a,3.00
344,14,3.00,100.00,a,
345,14,-0.30,100.00,a,
346,14,-0.50,,a,
347,14,1.30,100.00,a,
348,14,1.00,100.00,a,
349,14,0.00,0.00,u,
350,14,2.00,,a,
351,14,-0.30,100.00,a,
352,14,-0.30,100.00,a,
353,14,0.00,0.00,i,
354,14,2.50,100.00,a,
355,14,0.00,0.00,u,
356,14,0.30,,a,
357,14,0.00,0.00,u,
358,14,3.30,100.00,a,
359,14,0.00,0.00,u,
360,14,0.00,0.00,u,
361,14,0.00,0.00,u,
362,14,0.30,100.00,a,2.00
363,14,0.00,0.00,u,
364,14,0.00,0.00,u,
365,14,2.50,50.00,d,1.00
366,14,3.30,100.00,a,
367,14,2.30,,a,
368,14,0.50,,a,
369,14,0.50,,a,
370,14,0.00,0.00,i,
371,14,2.70,,a,
372,14,1.50,,a,
373,14,4.00,,a,
374,14,3.70,100.00,a,
375,14,0.50,100.00,a,
376,14,4.70,100.00,a,
377,14,0.00,0.00,u,
378,14,0.50,100.00,a,
379,14,0.50,,a,
380,14,0.50,,a,
381,14,1.70,,a,1.00
382,14,3.50,100.00,a,
383,14,0.00,0.00,u,
384,14,5.00,,a,2.00
385,14,1.00,100.00,a,
386,14,2.50,100.00,a,3.00
387,14,2.50,,a,
388,14,1.50,100.00,a,
389,14,-1.00,100.00,a,
390,14,3.30,100.00,a,
391,14,0.00,0.00,i,
392,14,0.50,100.00,a,
393,14,0.00,0.00,i,
394,14,0.00,0.00,u,
395,14,0.00,0.00,u,
396,14,0.50,,a,
397,14,0.00,0.00,u,
398,14,0.00,0.00,i,
399,14,0.00,0.00,u,
400,14,0.50,,a,
401,14,0.50,100.00,a,
402,14,0.50,100.00,a,
403,14,3.70,100.00,a,
404,14,0.00,0.00,u,
405,14,0.70,,a,
406,14,0.50,100.00,a,
407,14,5.30,,a,4.00
408,14,4.00,,a,
409,14,0.70,100.00,a,
410,14,0.50,100.00,a,
411,14,4.50,100.00,a,
412,14,0.00,0.00,u,
413,14,1.30,100.00,a,2.00
414,14,9.70,100.00,a,
415,14,1.30,100.00,a,
416,14,2.70,,a,
417,14,3.50,100.00,a,
418,14,6.30,,a,3.00
419,14,4.80,100.00,a,
420,14,0.00,0.00,u,
421,14,0.00,0.00,i,
422,14,0.00,0.00,i,
423,14,4.50,100.00,a,
424,14,0.50,,a,
425,14,0.00,0.00,u,
426,14,0.20,,a,
427,14,3.30,,a,
428,14,0.00,0.00,u,
429,14,0.50,,a,
430,14,6.00,100.00,a,1.00
431,14,0.00,,a,
432,14,0.00,0.00,u,
433,14,0.00,0.00,u,
434,14,0.00,,a,
435,14,0.00,,a,
436,14,2.40,75.00,d,
437,14,0.50,100.00,a,
438,14,1.50,100.00,a,
439,14,0.00,,a,
440,14,3.40,75.00,d,
441,14,2.00,,a,
442,14,0.00,0.00,i,
443,14,1.20,,a,
444,14,1.00,,a,
445,14,0.00,0.00,u,
446,14,0.00,,a,
447,14,0.00,100.00,a,
448,14,0.00,,a,
449,14,5.50,,a,1.00
450,14,1.50,100.00,a,
451,14,0.00,0.00,u,
452,14,3.50,100.00,a,
453,14,3.20,,a,
454,14,0.00,0.00,u,
455,14,2.80,100.00,a,
456,14,-0.20,100.00,a,
457,14,4.20,100.00,a,
458,14,0.50,100.00,a,
459,14,0.50,,a,
460,14,0.00,0.00,u,
461,14,0.00,,a,
462,14,0.00,,a,
463,14,0.00,,a,
464,14,0.00,0.00,u,
465,14,0.00,0.00,u,
466,14,3.20,100.00,a,
467,14,0.00,,a,
468,14,0.00,0.00,u,
469,14,0.00,0.00,i,
470,14,1.80,100.00,a,
471,14,0.00,,a,
472,14,0.00,0.00,u,
473,14,2.50,100.00,a,
474,14,1.50,100.00,a,4.00
475,14,0.00,0.00,i,
476,14,2.80,100.00,a,
477,14,1.80,100.00,a,
478,14,0.00,0.00,i,
479,14,0.00,0.00,i,
480,14,0.00,,a,
481,14,0.00,,a,
482,14,0.00,100.00,a,
483,14,0.00,,a,
484,14,0.00,0.00,u,
485,14,1.80,100.00,a,2.00
486,14,2.00,,a,
487,14,7.20,,a,
488,14,6.20,,a,
489,14,1.80,,a,
490,14,2.50,100.00,a,
491,14,1.90,75.00,d,
492,14,0.00,0.00,u,
493,14,0.00,0.00,i,
494,14,0.80,100.00,a,
495,14,0.00,0.00,u,
496,14,0.00,0.00,u,
497,14,4.50,100.00,a,
498,14,0.00,0.00,u,
499,14,3.30,100.00,a,
500,14,0.00,0.00,i,
501,14,0.00,,a,
502,14,4.20,,a,
503,14,0.00,0.00,u,
504,14,0.00,0.00,u,
505,14,4.80,,a,
506,14,3.40,75.00,d,
507,14,0.00,0.00,i,
508,14,6.00,,a,
509,14,0.00,0.00,u,
510,14,0.00,,a,
511,14,2.80,,a,
512,14,0.00,0.00,u,
513,14,0.00,,a,
514,14,0.00,,a,
515,14,5.80,100.00,a,2.00
516,14,0.80,100.00,a,
517,14,6.50,,a,4.00
518,14,0.00,0.00,u,
519,14,1.50,100.00,a,
520,14,0.00,0.00,u,
521,14,3.80,,a,
522,14,1.00,,a,
523,14,0.00,0.00,u,
524,14,0.00,0.00,u,
525,14,0.00,0.00,i,1.00
526,14,3.50,,a,3.00
527,14,0.10,25.00,d,
528,14,-0.50,,a,
529,14,-0.50,,a,
530,14,-0.50,,a,
531,14,4.00,100.00,a,
532,14,0.50,,a,
533,14,0.00,0.00,i,
534,14,-0.50,,a,
535,14,-0.10,25.00,d,
536,14,-0.10,25.00,d,
537,14,0.00,0.00,u,
538,14,-0.50,,a,
539,14,-0.30,100.00,a,
540,14,-0.50,,a,
541,14,1.70,100.00,a,
542,14,0.00,0.00,u,
543,14,0.00,,a,
544,14,0.00,0.00,i,1.00
545,14,0.00,0.00,u,
546,14,0.00,0.00,u,
547,14,5.00,100.00,a,2.00
548,14,-0.50,100.00,a,
549,14,-0.50,,a,
550,14,-0.50,,a,
551,14,-0.50,,a,
552,14,2.00,100.00,a,
553,14,3.00,,a,
554,14,-0.50,,a,
555,14,0.00,0.00,u,
556,14,0.00,0.00,u,
557,14,-0.50,,a,
558,14,-0.50,,a,
559,14,0.00,0.00,u,
560,14,1.30,,a,
561,14,0.00,,a,3.00
562,14,-0.50,,a,
563,14,0.00,0.00,u,
564,14,0.00,0.00,u,
565,14,1.20,,a,
566,14,0.00,,a,
567,14,0.00,,a,
568,14,1.00,,a,
569,14,4.80,100.00,a,
570,14,1.50,,a,
571,14,0.00,100.00,a,
572,14,0.00,75.00,d,
573,14,0.20,,a,
574,14,1.20,100.00,a,
575,14,0.20,,a,
576,14,0.00,0.00,u,
577,14,0.00,75.00,d,
578,14,0.00,0.00,u,
579,14,0.00,0.00,u,
580,14,1.00,,a,
581,14,0.00,0.00,i,
582,14,4.20,100.00,a,
583,14,0.00,0.00,i,
584,14,2.80,,a,4.00
585,14,1.50,,a,
586,14,1.80,100.00,a,
587,14,0.00,0.00,i,
588,14,2.80,100.00,a,
589,14,0.00,0.00,u,
590,14,0.00,0.00,u,
591,14,0.50,100.00,a,
592,14,0.00,0.00,u,
593,14,1.50,100.00,a,
594,14,0.00,0.00,u,
595,14,0.00,,a,
596,14,0.00,0.00,i,2.00
597,14,3.20,,a,3.00
598,14,0.00,0.00,u,
599,14,0.00,,a,
600,14,4.00,,a,
601,14,0.00,0.00,u,
602,14,0.00,,a,
603,14,2.00,,a,
604,14,0.00,0.00,u,
605,14,1.20,,a,
606,14,1.80,100.00,a,
607,14,0.00,0.00,u,
608,14,0.00,0.00,i,
609,14,2.80,,a,
610,14,2.20,100.00,a,
611,14,0.00,0.00,u,
612,14,0.80,100.00,a,1.00
613,14,4.00,100.00,a,
614,14,0.00,,a,3.00
615,14,0.60,50.00,d,
616,14,0.00,0.00,u,
617,14,0.00,0.00,u,
618,14,0.00,,a,
619,14,0.50,100.00,a,
620,14,0.00,100.00,a,
621,14,0.20,,a,
622,14,0.00,0.00,u,
623,14,2.50,100.00,a,
624,14,3.20,,a,2.00
625,14,0.50,100.00,a,
626,14,0.00,,a,
627,14,2.00,,a,
628,14,0.00,,a,
629,14,0.00,0.00,i,
630,14,0.00,,a,
631,14,1.80,100.00,a,
632,14,0.00,100.00,a,
633,14,0.80,100.00,a,
634,14,0.50,,a,
635,14,0.00,0.00,i,
636,14,0.20,,a,
637,14,2.50,100.00,a,
638,14,0.20,100.00,a,
639,14,0.00,0.00,u,
640,14,0.00,0.00,u,
641,14,0.00,,a,
642,14,1.00,100.00,a,3.00
643,14,2.50,100.00,a,
644,14,2.00,100.00,a,
645,14,0.00,75.00,d,
646,14,0.00,0.00,s,
647,14,0.00,0.00,u,
648,14,0.20,25.00,d,
649,14,0.00,0.00,u,
650,14,0.20,,a,
651,14,0.00,,a,
652,14,0.00,,a,
653,14,0.00,0.00,u,
654,14,2.00,100.00,a,2.00
655,14,0.00,0.00,u,
656,14,0.00,0.00,u,
657,14,0.00,0.00,i,
658,14,0.00,,a,
659,14,1.80,,a,
660,14,3.00,100.00,a,
661,14,1.50,100.00,a,
662,14,1.00,50.00,d,
663,14,1.00,,a,
664,14,0.00,,a,
665,14,1.50,100.00,a,
666,14,1.20,100.00,a,2.00
667,14,0.00,100.00,a,
668,14,3.00,,a,
669,14,3.00,,a,
670,14,1.70,,a,
671,14,5.80,,a,
672,14,0.00,,a,
673,14,3.00,,a,
674,14,0.80,,a,
675,14,0.00,0.00,i,
676,14,2.20,100.00,a,
677,14,1.20,,a,
678,14,-0.50,100.00,a,
679,14,0.00,,a,
680,14,1.00,100.00,a,
681,14,0.00,0.00,i,
682,14,1.00,,a,
683,14,0.50,100.00,a,
684,14,6.00,,a,
685,14,1.20,100.00,a,
686,14,0.70,,a,
687,14,0.00,,a,
688,14,-1.00,,a,
689,14,0.00,,a,
690,14,0.00,100.00,a,
691,14,2.00,50.00,d,
692,14,0.00,0.00,i,
693,14,4.80,,a,
694,14,1.50,,a,
695,14,2.00,,a,
696,14,0.20,,a,
697,14,2.50,,a,
698,14,1.70,100.00,a,
699,14,0.00,0.00,i,
700,14,1.00,,a,
701,14,0.00,0.00,u,
702,14,-1.00,,a,
703,14,-1.00,,a,
704,14,0.00,0.00,u,
705,14,0.00,,a,
706,14,0.00,,a,
707,14,0.20,,a,
708,14,2.80,,a,
709,14,0.40,75.00,d,
710,14,-1.00,,a,
711,14,1.00,,a,
712,14,3.50,100.00,a,
713,14,1.00,,a,
714,14,4.80,,a,3.00
715,14,0.00,,a,
716,14,5.20,,a,
717,14,1.20,,a,
718,14,3.20,,a,
719,14,-1.00,100.00,a,
720,14,0.80,,a,
721,14,0.80,50.00,d,
722,14,3.20,,a,
723,14,3.00,,a,
724,14,0.70,,a,
725,14,3.80,100.00,a,
726,14,1.20,100.00,a,
727,14,5.50,100.00,a,
728,14,0.00,0.00,i,
729,14,0.00,0.00,u,
730,14,3.00,,a,
731,14,1.80,100.00,a,
732,14,0.20,,a,
733,14,1.80,,a,
734,14,0.00,25.00,d,
735,14,2.70,,a,
736,14,3.50,,a,
737,14,0.20,,a,
738,14,0.00,25.00,d,
739,14,0.50,,a,
740,14,0.50,,a,
741,14,-0.50,100.00,a,
742,14,0.50,,a,
743,14,0.00,,a,
744,14,0.00,,a,
745,14,0.00,,a,
746,14,0.50,,a,
747,14,0.00,,a,
748,14,0.00,0.00,i,
749,14,0.80,,a,
750,14,0.00,,a,
751,14,0.00,,a,
752,14,0.00,,a,
753,14,0.00,,a,
754,14,-1.00,,a,
755,14,0.00,,a,
756,14,1.20,,a,
757,14,0.30,,a,
758,14,1.20,,a,
1,15,4.20,,a,
2,15,1.00,,a,
3,15,0.00,0.00,u,
4,15,1.00,,a,
5,15,0.00,0.00,i,
6,15,1.10,75.00,d,
7,15,0.00,0.00,s,
8,15,2.80,75.00,d,
9,15,0.00,0.00,u,
10,15,1.50,,a,
11,15,4.80,100.00,a,
12,15,0.00,100.00,a,
13,15,1.00,,a,
14,15,0.00,0.00,u,
15,15,1.00,,a,
16,15,5.80,100.00,a,1.00
17,15,2.50,100.00,a,3.00
18,15,2.50,100.00,a,
19,15,2.20,100.00,a,
20,15,4.10,75.00,d,4.00
21,15,4.30,75.00,d,
22,15,8.00,,a,
23,15,0.00,0.00,u,
24,15,1.00,100.00,a,
25,15,1.20,,a,
26,15,2.80,100.00,a,
27,15,0.20,75.00,d,
28,15,0.00,0.00,u,
29,15,0.00,0.00,u,
30,15,0.00,0.00,i,
31,15,1.00,100.00,a,
32,15,2.60,75.00,d,
33,15,0.20,,a,
34,15,0.00,0.00,u,
35,15,0.00,0.00,u,
36,15,5.20,100.00,a,
37,15,2.20,100.00,a,
38,15,3.20,100.00,a,
39,15,1.00,,a,
40,15,0.00,0.00,i,
41,15,2.60,75.00,d,
42,15,0.00,100.00,a,
43,15,0.00,0.00,u,
44,15,1.00,100.00,a,
45,15,0.00,,a,
46,15,0.00,0.00,u,
47,15,6.50,100.00,a,
48,15,2.00,100.00,a,
49,15,0.00,0.00,u,
50,15,2.20,100.00,a,2.00
51,15,0.00,0.00,u,
52,15,0.50,100.00,a,
53,15,3.50,,a,1.00
54,15,3.20,,a,
55,15,0.00,0.00,i,
56,15,0.00,0.00,u,
57,15,0.00,0.00,u,
58,15,6.80,100.00,a,
59,15,3.50,100.00,a,
60,15,0.00,,a,
61,15,0.00,0.00,u,
62,15,0.00,,a,
63,15,0.00,,a,
64,15,4.50,100.00,a,3.00
65,15,0.00,0.00,u,
66,15,0.00,0.00,u,
67,15,3.00,,a,
68,15,0.00,,a,
69,15,0.00,,a,
70,15,0.00,0.00,u,
71,15,0.00,0.00,u,
72,15,2.40,75.00,d,
73,15,2.00,100.00,a,
74,15,2.80,,a,
75,15,0.00,25.00,d,
76,15,0.00,,a,
77,15,0.20,,a,
78,15,0.00,100.00,a,
79,15,0.00,0.00,u,
80,15,0.20,100.00,a,
81,15,1.50,100.00,a,1.00
82,15,2.00,100.00,a,3.00
83,15,5.80,100.00,a,
84,15,3.50,,a,4.00
85,15,3.00,100.00,a,
86,15,0.50,100.00,a,
87,15,0.00,0.00,i,
88,15,0.00,0.00,s,
89,15,0.00,0.00,u,
90,15,2.50,,a,
91,15,0.00,0.00,u,
92,15,0.00,0.00,u,
93,15,0.00,0.00,u,
94,15,0.00,0.00,u,
95,15,0.00,0.00,u,
96,15,0.00,0.00,u,
97,15,3.20,100.00,a,
98,15,2.00,100.00,a,
99,15,0.00,0.00,u,
100,15,1.20,,a,
101,15,2.00,100.00,a,
102,15,0.00,,a,
103,15,0.00,,a,
104,15,0.00,,a,
105,15,0.00,,a,
106,15,2.20,,a,
107,15,0.80,,a,
108,15,1.00,100.00,a,
109,15,1.00,,a,
110,15,1.00,,a,
111,15,1.00,100.00,a,
112,15,0.00,0.00,u,
113,15,1.80,,a,
114,15,0.00,100.00,a,
115,15,0.00,0.00,u,
116,15,2.50,100.00,a,
117,15,0.00,0.00,u,
118,15,0.00,0.00,u,
119,15,3.00,,a,
120,15,0.00,0.00,s,3.00
121,15,2.20,,a,
122,15,0.00,0.00,i,
123,15,0.00,0.00,i,4.00
124,15,3.80,,a,
125,15,0.80,100.00,a,
126,15,1.50,,a,
127,15,0.00,100.00,a,
128,15,0.00,,a,
129,15,1.20,100.00,a,
130,15,0.00,,a,
131,15,0.00,,a,
132,15,0.00,100.00,a,
133,15,0.00,,a,
134,15,0.00,0.00,u,
135,15,0.20,100.00,a,
136,15,5.00,,a,2.00
137,15,0.00,,a,
138,15,-0.50,,a,
139,15,4.00,,a,
140,15,-0.50,,a,
141,15,0.00,0.00,u,
142,15,0.00,0.00,u,
143,15,-0.30,,a,
144,15,-0.50,,a,
145,15,5.50,100.00,a,
146,15,1.50,,a,
147,15,0.00,0.00,u,
148,15,2.30,,a,
149,15,0.80,100.00,a,
150,15,0.00,0.00,u,
151,15,5.70,,a,
152,15,0.30,100.00,a,
153,15,0.00,0.00,i,
154,15,0.00,0.00,u,
155,15,0.00,0.00,u,
156,15,-0.50,,a,
157,15,-0.50,100.00,a,
158,15,3.00,100.00,a,
159,15,0.00,0.00,i,
160,15,4.30,,a,
161,15,0.00,0.00,u,
162,15,0.50,100.00,a,
163,15,3.70,100.00,a,
164,15,0.00,0.00,u,
165,15,0.00,0.00,u,
166,15,1.30,100.00,a,
167,15,1.30,,a,
168,15,0.00,100.00,a,
169,15,1.30,100.00,a,
170,15,-0.50,100.00,a,1.00
171,15,0.00,0.00,u,
172,15,-0.50,100.00,a,
173,15,4.00,100.00,a,
174,15,0.00,0.00,u,
175,15,-0.50,,a,
176,15,0.00,0.00,u,
177,15,0.00,0.00,u,
178,15,2.70,,a,2.00
179,15,0.00,0.00,u,
180,15,0.00,0.00,i,
181,15,0.00,,a,
182,15,0.50,,a,
183,15,0.00,,a,
184,15,0.00,0.00,u,
185,15,0.00,,a,
186,15,0.00,0.00,i,
187,15,0.00,0.00,s,
188,15,0.00,,a,
189,15,0.00,0.00,u,
190,15,1.20,,a,
191,15,3.20,,a,
192,15,1.50,,a,
193,15,0.00,0.00,i,
194,15,0.00,0.00,i,
195,15,0.00,0.00,s,
196,15,0.00,0.00,u,
197,15,0.00,,a,
198,15,0.10,50.00,d,
199,15,0.20,,a,
200,15,2.00,100.00,a,
201,15,0.00,0.00,u,
202,15,1.20,100.00,a,3.00
203,15,0.00,,a,
204,15,0.00,0.00,u,
205,15,2.50,,a,
206,15,0.50,,a,
207,15,0.00,0.00,s,
208,15,0.00,0.00,u,
209,15,0.50,,a,
210,15,1.50,,a,
211,15,0.00,0.00,u,
212,15,0.00,0.00,u,
213,15,0.00,,a,
214,15,0.00,,a,
215,15,3.50,,a,1.00
216,15,0.00,0.00,i,
217,15,1.50,100.00,a,
218,15,0.00,,a,2.00
219,15,0.00,0.00,u,
220,15,5.00,,a,
221,15,0.00,,a,
222,15,0.00,0.00,u,
223,15,0.00,,a,
224,15,3.50,,a,
225,15,3.80,100.00,a,
226,15,6.80,100.00,a,
227,15,0.00,0.00,i,
228,15,2.80,100.00,a,
229,15,0.00,100.00,a,
230,15,3.20,100.00,a,
231,15,0.00,0.00,u,
232,15,3.20,100.00,a,
233,15,0.00,100.00,a,
234,15,0.00,0.00,u,
235,15,0.50,100.00,a,1.00
236,15,4.50,100.00,a,
237,15,4.50,100.00,a,2.00
238,15,0.50,,a,3.00
239,15,2.80,,a,
240,15,0.00,0.00,u,
241,15,0.00,0.00,s,
242,15,9.80,100.00,a,
243,15,0.00,,a,
244,15,0.00,0.00,i,
245,15,0.00,0.00,s,
246,15,1.80,100.00,a,
247,15,0.00,0.00,i,
248,15,0.00,0.00,u,
249,15,1.20,,a,
250,15,0.00,0.00,i,
251,15,0.00,0.00,u,
252,15,1.20,100.00,a,
253,15,4.00,,a,
254,15,-0.50,100.00,a,
255,15,-0.50,,a,
256,15,0.00,0.00,i,
257,15,5.50,,a,
258,15,3.30,,a,
259,15,-0.50,100.00,a,
260,15,6.30,100.00,a,
261,15,4.50,100.00,a,
262,15,-0.10,25.00,d,
263,15,0.00,,a,
264,15,0.00,0.00,u,
265,15,0.00,0.00,i,
266,15,7.00,,a,
267,15,0.40,75.00,d,
268,15,0.00,0.00,i,
269,15,-0.50,,a,
270,15,0.30,100.00,a,
271,15,2.50,100.00,a,
272,15,1.30,,a,
273,15,5.00,100.00,a,
274,15,-0.50,,a,
275,15,-0.50,,a,
276,15,0.50,100.00,a,
277,15,0.00,0.00,u,
278,15,0.00,0.00,u,
279,15,0.00,0.00,u,
280,15,0.00,0.00,u,
281,15,-0.50,,a,
282,15,0.00,0.00,u,
283,15,1.70,75.00,d,2.00
284,15,2.30,100.00,a,
285,15,0.00,0.00,u,
286,15,-0.50,,a,
287,15,6.00,,a,
288,15,0.00,,a,
289,15,0.00,,a,
290,15,0.00,0.00,i,
291,15,7.50,,a,
292,15,5.20,100.00,a,
293,15,5.00,,a,
294,15,0.00,0.00,i,
295,15,5.00,100.00,a,
296,15,0.00,100.00,a,
297,15,0.00,,a,
298,15,0.00,,a,
299,15,4.00,100.00,a,1.00
300,15,1.00,,a,
301,15,2.50,,a,
302,15,-0.50,100.00,a,
303,15,3.50,,a,
304,15,1.50,100.00,a,
305,15,0.00,0.00,u,
306,15,0.00,,a,
307,15,0.00,,a,
308,15,0.00,0.00,u,
309,15,0.00,0.00,u,
310,15,2.80,,a,
311,15,1.00,,a,2.00
312,15,0.00,0.00,u,
313,15,0.00,0.00,u,
314,15,2.00,,a,
315,15,0.00,0.00,u,
316,15,0.00,75.00,d,
317,15,3.80,100.00,a,
318,15,4.50,,a,
319,15,1.50,,a,
320,15,0.00,,a,
321,15,0.00,,a,
322,15,5.20,100.00,a,
323,15,0.00,,a,
324,15,3.50,,a,
325,15,2.80,100.00,a,
326,15,0.20,,a,
327,15,0.00,0.00,u,
328,15,0.00,0.00,i,
329,15,7.00,100.00,a,3.00
330,15,1.80,,a,
331,15,0.20,100.00,a,
332,15,0.80,100.00,a,
333,15,0.00,0.00,u,
334,15,0.00,0.00,u,
335,15,2.50,,a,
336,15,0.20,,a,
337,15,3.50,100.00,a,1.00
338,15,0.00,0.00,i,
339,15,0.00,,a,
340,15,0.00,,a,
341,15,0.00,,a,
342,15,1.50,100.00,a,
343,15,1.20,100.00,a,3.00
344,15,3.50,100.00,a,
345,15,0.50,100.00,a,
346,15,0.00,,a,
347,15,1.50,100.00,a,
348,15,1.50,100.00,a,
349,15,0.00,0.00,u,
350,15,1.80,,a,
351,15,1.20,100.00,a,
352,15,0.00,100.00,a,
353,15,0.00,0.00,i,
354,15,3.00,100.00,a,
355,15,0.00,0.00,u,
356,15,1.20,,a,
357,15,0.00,0.00,u,
358,15,5.20,100.00,a,
359,15,0.00,0.00,u,
360,15,0.00,0.00,u,
361,15,0.00,0.00,u,
362,15,0.80,100.00,a,2.00
363,15,0.00,0.00,u,
364,15,0.00,0.00,u,
365,15,0.00,0.00,i,1.00
366,15,3.50,100.00,a,
367,15,0.50,,a,
368,15,0.50,,a,
369,15,0.50,,a,
370,15,0.00,0.00,i,
371,15,2.70,,a,
372,15,1.50,,a,
373,15,4.30,,a,
374,15,3.70,100.00,a,
375,15,0.00,0.00,s,
376,15,4.30,100.00,a,
377,15,0.00,0.00,u,
378,15,0.50,100.00,a,
379,15,0.50,,a,
380,15,0.50,,a,
381,15,1.30,,a,1.00
382,15,3.70,100.00,a,
383,15,0.00,0.00,u,
384,15,0.00,0.00,i,2.00
385,15,0.70,100.00,a,
386,15,2.50,100.00,a,3.00
387,15,4.30,,a,
388,15,2.00,100.00,a,
389,15,0.00,100.00,a,
390,15,4.00,100.00,a,
391,15,0.00,0.00,i,
392,15,0.00,0.00,i,
393,15,0.00,0.00,i,
394,15,0.00,0.00,u,
395,15,0.00,0.00,u,
396,15,0.50,,a,
397,15,0.00,0.00,u,
398,15,0.00,0.00,i,
399,15,0.00,0.00,u,
400,15,0.50,,a,
401,15,0.50,100.00,a,
402,15,0.50,100.00,a,
403,15,5.30,100.00,a,
404,15,0.00,0.00,u,
405,15,1.00,,a,
406,15,0.50,100.00,a,
407,15,3.50,,a,4.00
408,15,6.00,,a,
409,15,0.20,25.00,d,
410,15,0.70,100.00,a,
411,15,3.30,100.00,a,
412,15,0.00,0.00,u,
413,15,1.30,100.00,a,2.00
414,15,12.00,100.00,a,
415,15,1.30,100.00,a,
416,15,2.30,,a,
417,15,6.30,100.00,a,
418,15,4.30,,a,3.00
419,15,4.80,100.00,a,
420,15,0.00,0.00,u,
421,15,0.00,0.00,i,
422,15,0.00,0.00,i,
423,15,3.30,100.00,a,
424,15,0.50,,a,
425,15,0.00,0.00,u,
426,15,0.20,,a,
427,15,3.50,,a,
428,15,0.00,0.00,u,
429,15,0.50,,a,
430,15,5.50,100.00,a,1.00
431,15,0.00,,a,
432,15,0.00,0.00,u,
433,15,0.00,0.00,u,
434,15,0.00,,a,
435,15,0.00,,a,
436,15,0.00,0.00,i,
437,15,0.80,100.00,a,
438,15,1.80,100.00,a,
439,15,0.00,,a,
440,15,5.80,100.00,a,
441,15,1.00,,a,
442,15,0.00,0.00,i,
443,15,1.50,,a,
444,15,1.20,,a,
445,15,0.00,0.00,u,
446,15,0.00,,a,
447,15,0.50,100.00,a,
448,15,0.00,,a,
449,15,8.80,,a,1.00
450,15,2.00,100.00,a,
451,15,0.00,0.00,u,
452,15,3.00,100.00,a,
453,15,1.20,,a,
454,15,0.00,0.00,u,
455,15,4.20,100.00,a,
456,15,0.80,100.00,a,
457,15,3.50,100.00,a,
458,15,0.80,100.00,a,
459,15,0.20,,a,
460,15,0.00,0.00,u,
461,15,0.00,,a,
462,15,0.00,,a,
463,15,0.00,,a,
464,15,0.00,0.00,u,
465,15,0.00,0.00,u,
466,15,3.20,100.00,a,
467,15,0.00,,a,
468,15,0.00,0.00,u,
469,15,0.20,25.00,d,
470,15,2.00,100.00,a,
471,15,0.00,,a,
472,15,0.00,0.00,u,
473,15,2.80,100.00,a,
474,15,2.00,100.00,a,4.00
475,15,0.10,25.00,d,
476,15,4.50,100.00,a,
477,15,2.00,100.00,a,
478,15,0.00,25.00,d,
479,15,0.00,25.00,d,
480,15,0.00,,a,
481,15,0.00,,a,
482,15,0.00,100.00,a,
483,15,0.00,,a,
484,15,0.00,0.00,u,
485,15,4.20,100.00,a,2.00
486,15,2.20,,a,
487,15,5.00,,a,
488,15,7.80,,a,
489,15,1.20,,a,
490,15,1.90,75.00,d,
491,15,1.80,100.00,a,
492,15,0.00,0.00,u,
493,15,0.00,0.00,i,
494,15,1.20,100.00,a,
495,15,0.00,0.00,u,
496,15,0.00,0.00,u,
497,15,4.50,100.00,a,
498,15,0.00,0.00,u,
499,15,2.60,75.00,d,
500,15,0.00,25.00,d,
501,15,0.00,,a,
502,15,3.20,75.00,d,
503,15,0.00,0.00,u,
504,15,0.00,0.00,u,
505,15,3.80,,a,
506,15,4.20,100.00,a,
507,15,0.00,0.00,i,
508,15,5.80,,a,
509,15,0.00,0.00,u,
510,15,0.00,,a,
511,15,3.00,,a,
512,15,0.00,0.00,u,
513,15,0.20,,a,
514,15,0.00,,a,
515,15,3.80,100.00,a,2.00
516,15,1.00,100.00,a,
517,15,5.20,,a,4.00
518,15,0.00,0.00,u,
519,15,1.50,100.00,a,
520,15,0.00,0.00,u,
521,15,2.80,,a,
522,15,0.00,0.00,i,
523,15,0.00,0.00,u,
524,15,0.00,0.00,u,
525,15,0.00,0.00,i,1.00
526,15,3.80,,a,3.00
527,15,0.00,25.00,d,
528,15,0.00,,a,
529,15,0.00,,a,
530,15,0.00,,a,
531,15,2.20,100.00,a,
532,15,1.00,,a,
533,15,0.00,0.00,i,
534,15,0.00,,a,
535,15,0.00,100.00,a,
536,15,0.00,25.00,d,
537,15,0.00,0.00,u,
538,15,0.00,,a,
539,15,0.00,0.00,s,
540,15,0.00,,a,
541,15,2.20,100.00,a,
542,15,0.00,0.00,u,
543,15,0.50,,a,
544,15,0.00,0.00,i,1.00
545,15,0.00,0.00,u,
546,15,0.00,0.00,u,
547,15,5.50,100.00,a,2.00
548,15,0.20,100.00,a,
549,15,0.00,,a,
550,15,0.00,,a,
551,15,0.00,,a,
552,15,2.00,100.00,a,
553,15,3.50,,a,
554,15,0.00,,a,
555,15,0.00,0.00,u,
556,15,0.00,0.00,u,
557,15,0.00,,a,
558,15,0.00,,a,
559,15,0.00,0.00,u,
560,15,1.50,,a,
561,15,0.20,,a,3.00
562,15,0.00,,a,
563,15,0.00,0.00,u,
564,15,0.00,0.00,u,
565,15,2.50,,a,
566,15,0.00,,a,
567,15,0.00,,a,
568,15,1.80,,a,
569,15,6.00,100.00,a,
570,15,1.80,,a,
571,15,0.00,100.00,a,
572,15,0.00,75.00,d,
573,15,1.50,,a,
574,15,0.00,0.00,i,
575,15,1.50,,a,
576,15,0.00,0.00,u,
577,15,0.00,75.00,d,
578,15,0.00,0.00,u,
579,15,0.00,0.00,u,
580,15,0.80,,a,
581,15,0.00,0.00,i,
582,15,5.00,100.00,a,
583,15,0.00,0.00,i,
584,15,1.20,,a,4.00
585,15,2.50,,a,
586,15,1.80,100.00,a,
587,15,0.00,0.00,i,
588,15,1.20,100.00,a,
589,15,0.00,0.00,u,
590,15,0.00,0.00,u,
591,15,1.00,100.00,a,
592,15,0.00,0.00,u,
593,15,1.20,100.00,a,
594,15,0.00,0.00,u,
595,15,0.00,,a,
596,15,0.00,0.00,i,2.00
597,15,3.80,,a,3.00
598,15,0.00,0.00,u,
599,15,0.00,,a,
600,15,4.20,,a,
601,15,0.00,0.00,u,
602,15,0.00,,a,
603,15,3.20,,a,
604,15,0.00,0.00,u,
605,15,2.00,,a,
606,15,2.80,100.00,a,
607,15,0.00,0.00,u,
608,15,0.00,100.00,a,
609,15,3.00,,a,
610,15,2.50,100.00,a,
611,15,0.00,0.00,u,
612,15,0.50,100.00,a,1.00
613,15,1.20,100.00,a,
614,15,0.00,,a,3.00
615,15,0.80,100.00,a,
616,15,0.00,0.00,u,
617,15,0.00,0.00,u,
618,15,0.50,,a,
619,15,0.50,100.00,a,
620,15,0.00,100.00,a,
621,15,0.20,,a,
622,15,0.00,0.00,u,
623,15,1.50,100.00,a,
624,15,5.00,,a,2.00
625,15,0.50,100.00,a,
626,15,0.00,,a,
627,15,0.80,,a,
628,15,-1.00,,a,
629,15,0.00,0.00,i,
630,15,0.00,,a,
631,15,1.20,100.00,a,
632,15,-1.00,100.00,a,
633,15,-0.20,100.00,a,
634,15,-0.80,,a,
635,15,0.00,0.00,i,
636,15,-1.00,,a,
637,15,1.50,100.00,a,
638,15,-0.80,100.00,a,
639,15,0.00,0.00,u,
640,15,0.00,0.00,u,
641,15,-1.00,,a,
642,15,-0.50,100.00,a,3.00
643,15,1.80,100.00,a,
644,15,0.00,0.00,i,
645,15,-0.80,100.00,a,
646,15,1.00,100.00,a,
647,15,0.00,0.00,u,
648,15,0.00,0.00,i,
649,15,0.00,0.00,u,
650,15,-0.80,,a,
651,15,-1.00,,a,
652,15,-1.00,,a,
653,15,0.00,0.00,u,
654,15,0.80,100.00,a,2.00
655,15,0.00,0.00,u,
656,15,0.00,0.00,u,
657,15,0.00,0.00,i,
658,15,-1.00,,a,
659,15,0.00,,a,
660,15,5.50,100.00,a,
661,15,4.50,100.00,a,
662,15,0.00,0.00,i,
663,15,0.50,,a,
664,15,0.00,,a,
665,15,2.00,100.00,a,
666,15,1.50,100.00,a,2.00
667,15,0.00,100.00,a,
668,15,3.20,,a,
669,15,2.00,,a,
670,15,2.00,,a,
671,15,5.00,,a,
672,15,0.00,,a,
673,15,2.50,,a,
674,15,1.20,,a,
675,15,0.00,0.00,i,
676,15,1.50,100.00,a,
677,15,2.00,100.00,a,
678,15,0.00,100.00,a,
679,15,0.00,,a,
680,15,1.20,100.00,a,
681,15,0.00,75.00,d,
682,15,0.80,,a,
683,15,1.20,100.00,a,
684,15,5.80,,a,
685,15,2.80,100.00,a,
686,15,0.70,,a,
687,15,0.00,,a,
688,15,0.00,,a,
689,15,0.00,,a,
690,15,-0.50,100.00,a,
691,15,5.80,100.00,a,
692,15,0.00,0.00,i,
693,15,3.20,,a,
694,15,1.20,,a,
695,15,0.50,,a,
696,15,0.20,,a,
697,15,2.50,,a,
698,15,2.20,100.00,a,
699,15,0.00,100.00,a,
700,15,0.00,0.00,i,
701,15,0.00,0.00,u,
702,15,0.00,,a,
703,15,0.00,,a,
704,15,0.00,0.00,u,
705,15,0.00,,a,
706,15,0.50,,a,
707,15,0.50,,a,
708,15,3.80,,a,
709,15,-0.50,100.00,a,
710,15,0.00,,a,
711,15,1.00,,a,
712,15,4.00,100.00,a,
713,15,2.80,,a,
714,15,4.00,,a,3.00
715,15,0.00,,a,
716,15,4.50,,a,
717,15,4.20,,a,
718,15,3.20,,a,
719,15,0.20,100.00,a,
720,15,0.00,,a,
721,15,0.00,0.00,i,
722,15,2.80,,a,
723,15,0.20,75.00,d,
724,15,1.20,,a,
725,15,4.50,100.00,a,
726,15,1.50,100.00,a,
727,15,5.80,100.00,a,
728,15,0.00,0.00,i,
729,15,0.00,0.00,u,
730,15,2.50,,a,
731,15,1.50,100.00,a,
732,15,0.00,,a,
733,15,2.00,,a,
734,15,0.00,100.00,a,
735,15,3.00,,a,
736,15,3.50,,a,
737,15,0.20,,a,
738,15,0.00,25.00,d,
739,15,0.50,,a,
740,15,0.50,,a,
741,15,0.00,100.00,a,
742,15,0.50,,a,
743,15,0.00,,a,
744,15,-0.50,,a,
745,15,0.00,,a,
746,15,0.50,,a,
747,15,0.20,,a,
748,15,0.00,0.00,i,
749,15,-0.20,,a,
750,15,0.00,,a,
751,15,0.00,,a,
752,15,0.00,,a,
753,15,0.00,,a,
754,15,0.00,,a,
755,15,0.00,,a,
756,15,0.00,,a,
757,15,0.00,,a,
758,15,0.50,,a,
759,15,2.30,,a,
1,16,4.00,,a,
2,16,1.00,,a,
3,16,0.00,0.00,u,
4,16,1.00,,a,
5,16,0.20,25.00,d,
6,16,1.80,100.00,a,
7,16,3.00,100.00,a,
8,16,3.60,100.00,a,
9,16,0.00,0.00,u,
10,16,1.60,,a,
11,16,0.00,0.00,i,
12,16,0.00,100.00,a,
13,16,1.00,,a,
14,16,0.00,0.00,u,
15,16,1.00,,a,
16,16,7.00,100.00,a,1.00
17,16,2.40,100.00,a,3.00
18,16,2.20,100.00,a,
19,16,2.20,100.00,a,
20,16,4.80,100.00,a,4.00
21,16,5.20,100.00,a,
22,16,6.80,,a,
23,16,0.00,0.00,u,
24,16,1.00,100.00,a,
25,16,1.20,,a,
26,16,2.60,100.00,a,
27,16,0.20,75.00,d,
28,16,0.00,0.00,u,
29,16,0.00,0.00,u,
30,16,0.00,0.00,i,
31,16,1.20,100.00,a,
32,16,2.10,75.00,d,
33,16,0.40,,a,
34,16,0.00,0.00,u,
35,16,0.00,0.00,u,
36,16,4.20,100.00,a,
37,16,2.00,100.00,a,
38,16,2.80,100.00,a,
39,16,1.00,,a,
40,16,0.00,0.00,i,
41,16,0.00,0.00,i,
42,16,0.00,100.00,a,
43,16,0.00,0.00,u,
44,16,0.80,100.00,a,
45,16,0.00,,a,
46,16,0.00,0.00,u,
47,16,8.20,100.00,a,
48,16,2.80,100.00,a,
49,16,0.00,0.00,u,
50,16,2.00,100.00,a,2.00
51,16,0.00,0.00,u,
52,16,0.40,100.00,a,
53,16,3.00,,a,1.00
54,16,3.00,,a,
55,16,0.00,0.00,i,
56,16,0.00,0.00,u,
57,16,0.00,0.00,u,
58,16,5.60,100.00,a,
59,16,3.20,100.00,a,
60,16,0.00,,a,
61,16,0.00,0.00,u,
62,16,0.00,,a,
63,16,0.00,,a,
64,16,4.60,100.00,a,3.00
65,16,0.00,0.00,u,
66,16,0.00,0.00,u,
67,16,2.60,,a,
68,16,0.00,,a,
69,16,0.00,,a,
70,16,0.00,0.00,u,
71,16,0.00,0.00,u,
72,16,2.80,100.00,a,
73,16,2.00,100.00,a,
74,16,2.20,,a,
75,16,0.00,25.00,d,
76,16,0.00,,a,
77,16,0.40,,a,
78,16,0.00,100.00,a,
79,16,0.00,0.00,u,
80,16,0.20,100.00,a,
81,16,1.60,100.00,a,1.00
82,16,2.80,100.00,a,3.00
83,16,0.00,0.00,n,
84,16,5.20,,a,4.00
85,16,0.00,0.00,i,
86,16,0.60,100.00,a,
87,16,0.10,50.00,d,
88,16,0.40,100.00,a,
89,16,0.00,0.00,u,
90,16,2.40,,a,
91,16,0.00,0.00,u,
92,16,0.00,0.00,u,
93,16,0.00,0.00,u,
94,16,0.00,0.00,u,
95,16,0.00,0.00,u,
96,16,0.00,0.00,u,
97,16,3.80,100.00,a,
98,16,1.60,100.00,a,
99,16,0.00,0.00,u,
100,16,2.00,,a,
101,16,2.20,100.00,a,
102,16,0.00,,a,
103,16,0.00,,a,
104,16,0.00,,a,
105,16,0.00,,a,
106,16,2.60,,a,
107,16,1.80,,a,
108,16,1.00,100.00,a,
109,16,1.60,,a,
110,16,1.80,,a,
111,16,0.80,100.00,a,
112,16,0.00,0.00,u,
113,16,2.20,,a,
114,16,0.00,100.00,a,
115,16,0.00,0.00,u,
116,16,3.20,100.00,a,
117,16,0.00,0.00,u,
118,16,0.00,0.00,u,
119,16,0.00,0.00,n,
120,16,1.40,100.00,a,3.00
121,16,2.00,,a,
122,16,0.00,0.00,i,
123,16,0.00,0.00,i,4.00
124,16,3.60,75.00,d,
125,16,1.20,100.00,a,
126,16,1.80,,a,
127,16,0.00,100.00,a,
128,16,0.00,0.00,n,
129,16,1.20,100.00,a,
130,16,0.00,,a,
131,16,0.00,,a,
132,16,0.00,100.00,a,
133,16,0.00,,a,
134,16,0.00,0.00,u,
135,16,0.40,100.00,a,
136,16,3.30,75.00,d,2.00
137,16,0.00,,a,
138,16,0.00,,a,
139,16,3.80,,a,
140,16,0.00,,a,
141,16,0.00,0.00,u,
142,16,0.00,0.00,u,
143,16,0.20,,a,
144,16,0.00,,a,
145,16,4.80,100.00,a,
146,16,0.00,0.00,s,
147,16,0.00,0.00,u,
148,16,2.40,,a,
149,16,0.10,100.00,a,
150,16,0.00,0.00,u,
151,16,5.20,,a,
152,16,0.60,100.00,a,
153,16,0.00,0.00,i,
154,16,0.00,0.00,u,
155,16,0.00,0.00,u,
156,16,0.00,,a,
157,16,0.20,100.00,a,
158,16,3.20,100.00,a,
159,16,0.00,0.00,i,
160,16,4.20,,a,
161,16,0.00,0.00,u,
162,16,1.20,100.00,a,
163,16,3.80,100.00,a,
164,16,0.00,0.00,u,
165,16,0.00,0.00,u,
166,16,1.60,100.00,a,
167,16,0.00,0.00,n,
168,16,0.00,100.00,a,
169,16,0.00,0.00,s,
170,16,0.20,100.00,a,1.00
171,16,0.00,0.00,u,
172,16,0.00,100.00,a,
173,16,4.00,100.00,a,
174,16,0.00,0.00,u,
175,16,0.00,,a,
176,16,0.00,0.00,u,
177,16,0.00,0.00,u,
178,16,2.10,75.00,d,2.00
179,16,0.00,0.00,u,
180,16,0.00,0.00,i,
181,16,0.60,,a,
182,16,0.50,,a,
183,16,0.00,,a,
184,16,0.00,0.00,u,
185,16,0.00,,a,
186,16,0.00,0.00,i,
187,16,1.00,100.00,a,
188,16,0.00,,a,
189,16,0.00,0.00,u,
190,16,1.20,,a,
191,16,2.80,,a,
192,16,2.00,,a,
193,16,0.00,0.00,i,
194,16,0.00,0.00,i,
195,16,-0.60,100.00,a,
196,16,0.00,0.00,u,
197,16,1.40,,a,
198,16,0.00,0.00,n,
199,16,0.20,,a,
200,16,1.80,100.00,a,
201,16,0.00,0.00,u,
202,16,1.40,100.00,a,3.00
203,16,0.00,,a,
204,16,0.00,0.00,u,
205,16,2.80,,a,
206,16,0.60,,a,
207,16,0.00,0.00,n,
208,16,0.00,0.00,u,
209,16,0.40,,a,
210,16,1.20,,a,
211,16,0.00,0.00,u,
212,16,0.00,0.00,u,
213,16,0.00,,a,
214,16,0.20,,a,
215,16,3.00,,a,1.00
216,16,0.00,0.00,i,
217,16,0.00,0.00,n,
218,16,0.00,,a,2.00
219,16,0.00,0.00,u,
220,16,5.20,,a,
221,16,0.00,,a,
222,16,0.00,0.00,u,
223,16,0.00,,a,
224,16,4.00,,a,
225,16,4.20,100.00,a,
226,16,7.20,100.00,a,
227,16,0.00,0.00,i,
228,16,5.80,100.00,a,
229,16,0.00,100.00,a,
230,16,4.40,100.00,a,
231,16,0.00,0.00,u,
232,16,2.60,100.00,a,
233,16,0.00,100.00,a,
234,16,0.00,0.00,u,
235,16,1.60,100.00,a,1.00
236,16,4.80,100.00,a,
237,16,4.20,100.00,a,2.00
238,16,0.00,0.00,i,3.00
239,16,2.40,,a,
240,16,0.00,0.00,u,
241,16,-0.40,100.00,a,
242,16,0.00,0.00,i,
243,16,0.00,,a,
244,16,0.00,0.00,i,
245,16,0.00,0.00,s,
246,16,1.60,100.00,a,
247,16,0.00,0.00,i,
248,16,0.00,0.00,u,
249,16,1.40,,a,
250,16,0.00,0.00,i,
251,16,0.00,0.00,u,
252,16,1.00,100.00,a,
253,16,3.80,,a,
254,16,0.00,100.00,a,
255,16,0.00,,a,
256,16,0.00,0.00,i,
257,16,5.00,,a,
258,16,3.20,,a,
259,16,0.00,100.00,a,
260,16,5.60,100.00,a,
261,16,4.20,100.00,a,
262,16,0.00,25.00,d,
263,16,0.60,,a,
264,16,0.00,0.00,u,
265,16,0.00,0.00,i,
266,16,6.00,,a,
267,16,0.00,0.00,n,
268,16,0.00,0.00,i,
269,16,0.00,,a,
270,16,0.80,100.00,a,
271,16,0.00,0.00,i,
272,16,1.40,,a,
273,16,5.20,100.00,a,
274,16,0.00,,a,
275,16,0.00,,a,
276,16,0.80,100.00,a,
277,16,0.00,0.00,u,
278,16,0.00,0.00,u,
279,16,0.00,0.00,u,
280,16,0.00,0.00,u,
281,16,0.00,,a,
282,16,0.00,0.00,u,
283,16,2.60,100.00,a,2.00
284,16,2.40,100.00,a,
285,16,0.00,0.00,u,
286,16,0.00,,a,
287,16,4.20,,a,
288,16,-1.00,,a,
289,16,-1.00,,a,
290,16,0.00,0.00,i,
291,16,5.20,,a,
292,16,3.40,100.00,a,
293,16,3.20,,a,
294,16,0.00,0.00,i,
295,16,3.20,100.00,a,
296,16,-1.00,100.00,a,
297,16,-1.00,,a,
298,16,-1.00,,a,
299,16,0.00,0.00,n,1.00
300,16,-0.20,,a,
301,16,1.40,,a,
302,16,0.00,0.00,n,
303,16,2.60,,a,
304,16,0.40,100.00,a,
305,16,0.00,0.00,u,
306,16,-1.00,,a,
307,16,-1.00,,a,
308,16,0.00,0.00,u,
309,16,0.00,0.00,u,
310,16,1.60,,a,
311,16,0.00,,a,2.00
312,16,0.00,0.00,u,
313,16,0.00,0.00,u,
314,16,2.20,,a,
315,16,0.00,0.00,u,
316,16,0.60,100.00,a,
317,16,3.40,100.00,a,
318,16,0.00,0.00,n,
319,16,1.40,,a,
320,16,0.00,,a,
321,16,0.00,,a,
322,16,4.60,100.00,a,
323,16,0.00,,a,
324,16,0.00,0.00,n,
325,16,3.80,100.00,a,
326,16,0.40,,a,
327,16,0.00,0.00,u,
328,16,0.00,0.00,i,
329,16,8.80,100.00,a,3.00
330,16,1.80,,a,
331,16,0.20,100.00,a,
332,16,0.60,75.00,d,
333,16,0.00,0.00,u,
334,16,0.00,0.00,u,
335,16,2.20,,a,
336,16,0.20,,a,
337,16,3.20,100.00,a,1.00
338,16,0.00,0.00,i,
339,16,0.00,,a,
340,16,0.00,,a,
341,16,0.00,,a,
342,16,1.60,100.00,a,
343,16,1.80,100.00,a,3.00
344,16,3.20,100.00,a,
345,16,0.40,100.00,a,
346,16,0.00,,a,
347,16,1.60,100.00,a,
348,16,1.60,100.00,a,
349,16,0.00,0.00,u,
350,16,1.60,,a,
351,16,1.80,100.00,a,
352,16,0.20,100.00,a,
353,16,0.00,0.00,i,
354,16,2.80,100.00,a,
355,16,0.00,0.00,u,
356,16,1.00,,a,
357,16,0.00,0.00,u,
358,16,4.60,100.00,a,
359,16,0.00,0.00,u,
360,16,0.00,0.00,u,
361,16,0.00,0.00,u,
362,16,0.60,100.00,a,2.00
363,16,0.00,0.00,u,
364,16,0.00,0.00,u,
365,16,0.00,0.00,i,1.00
366,16,4.30,100.00,a,
367,16,0.50,,a,
368,16,0.50,,a,
369,16,0.50,,a,
370,16,0.50,100.00,a,
371,16,3.70,,a,
372,16,1.50,,a,
373,16,4.70,,a,
374,16,4.90,100.00,a,
375,16,1.50,100.00,a,
376,16,0.00,0.00,i,
377,16,0.00,0.00,u,
378,16,0.50,100.00,a,
379,16,0.50,,a,
380,16,0.50,,a,
381,16,0.00,0.00,n,1.00
382,16,4.10,100.00,a,
383,16,0.00,0.00,u,
384,16,0.00,0.00,i,2.00
385,16,0.90,100.00,a,
386,16,2.70,100.00,a,3.00
387,16,3.10,75.00,d,
388,16,2.30,100.00,a,
389,16,0.00,75.00,d,
390,16,4.30,100.00,a,
391,16,0.00,0.00,i,
392,16,0.00,0.00,i,
393,16,0.00,0.00,i,
394,16,0.00,0.00,u,
395,16,0.00,0.00,u,
396,16,0.50,,a,
397,16,0.00,0.00,u,
398,16,0.00,0.00,i,
399,16,0.00,0.00,u,
400,16,0.50,,a,
401,16,0.50,100.00,a,
402,16,0.00,0.00,n,
403,16,5.90,100.00,a,
404,16,0.00,0.00,u,
405,16,0.90,,a,
406,16,0.50,100.00,a,
407,16,5.10,,a,4.00
408,16,6.50,,a,
409,16,0.00,0.00,i,
410,16,0.90,100.00,a,
411,16,3.90,100.00,a,
412,16,0.00,0.00,u,
413,16,0.00,0.00,n,2.00
414,16,11.90,100.00,a,
415,16,1.90,100.00,a,
416,16,2.50,,a,
417,16,6.30,100.00,a,
418,16,0.00,0.00,i,3.00
419,16,3.20,100.00,a,
420,16,0.00,0.00,u,
421,16,0.00,0.00,i,
422,16,0.00,0.00,i,
423,16,3.70,100.00,a,
424,16,0.00,0.00,i,
425,16,0.00,0.00,u,
426,16,0.20,,a,
427,16,3.50,,a,
428,16,0.00,0.00,u,
429,16,0.50,,a,
430,16,7.10,100.00,a,1.00
431,16,0.00,,a,
432,16,0.00,0.00,u,
433,16,0.00,0.00,u,
434,16,0.00,,a,
435,16,0.00,,a,
436,16,0.00,0.00,i,
437,16,0.80,100.00,a,
438,16,0.00,0.00,n,
439,16,0.00,,a,
440,16,5.00,100.00,a,
441,16,1.00,,a,
442,16,0.00,0.00,i,
443,16,1.20,,a,
444,16,1.20,,a,
445,16,0.00,0.00,u,
446,16,0.00,,a,
447,16,0.80,100.00,a,
448,16,0.00,,a,
449,16,9.60,,a,1.00
450,16,3.20,100.00,a,
451,16,0.00,0.00,u,
452,16,0.00,0.00,n,
453,16,1.60,,a,
454,16,0.00,0.00,u,
455,16,3.80,100.00,a,
456,16,0.00,0.00,n,
457,16,0.00,0.00,s,
458,16,0.80,100.00,a,
459,16,0.20,,a,
460,16,0.00,0.00,u,
461,16,0.00,,a,
462,16,0.00,,a,
463,16,0.00,,a,
464,16,0.00,0.00,u,
465,16,0.00,0.00,u,
466,16,2.80,100.00,a,
467,16,0.00,,a,
468,16,0.00,0.00,u,
469,16,0.40,75.00,d,
470,16,1.80,100.00,a,
471,16,0.00,,a,
472,16,0.00,0.00,u,
473,16,2.20,75.00,d,
474,16,1.80,100.00,a,4.00
475,16,0.00,0.00,i,
476,16,0.00,0.00,i,
477,16,0.00,0.00,i,
478,16,0.00,0.00,i,
479,16,0.00,0.00,i,
480,16,0.00,0.00,i,
481,16,0.00,,a,
482,16,0.00,100.00,a,
483,16,0.00,,a,
484,16,0.00,0.00,u,
485,16,3.60,100.00,a,2.00
486,16,2.00,,a,
487,16,4.20,,a,
488,16,6.40,,a,
489,16,1.20,,a,
490,16,2.00,100.00,a,
491,16,1.40,100.00,a,
492,16,0.00,0.00,u,
493,16,0.00,0.00,i,
494,16,1.00,100.00,a,
495,16,0.00,0.00,u,
496,16,0.00,0.00,u,
497,16,4.00,100.00,a,
498,16,0.00,0.00,u,
499,16,3.10,100.00,a,
500,16,0.00,25.00,d,
501,16,0.00,,a,
502,16,2.50,75.00,d,
503,16,0.00,0.00,u,
504,16,0.00,0.00,u,
505,16,4.60,,a,
506,16,4.60,100.00,a,
507,16,0.00,0.00,i,
508,16,6.00,,a,
509,16,0.00,0.00,u,
510,16,0.00,,a,
511,16,2.40,,a,
512,16,0.00,0.00,u,
513,16,0.20,,a,
514,16,0.00,0.00,n,
515,16,3.60,100.00,a,2.00
516,16,4.60,100.00,a,
517,16,4.80,,a,4.00
518,16,0.00,0.00,u,
519,16,0.90,75.00,d,
520,16,0.00,0.00,u,
521,16,0.00,0.00,n,
522,16,0.00,0.00,i,
523,16,0.00,0.00,u,
524,16,0.00,0.00,u,
525,16,0.00,0.00,i,1.00
526,16,3.40,,a,3.00
527,16,0.00,50.00,d,
528,16,0.00,,a,
529,16,0.00,,a,
530,16,0.00,,a,
531,16,3.40,100.00,a,
532,16,1.00,,a,
533,16,0.00,0.00,i,
534,16,0.00,,a,
535,16,0.00,100.00,a,
536,16,0.00,100.00,a,
537,16,0.00,0.00,u,
538,16,0.00,,a,
539,16,0.00,0.00,s,
540,16,0.00,,a,
541,16,0.00,0.00,n,
542,16,0.00,0.00,u,
543,16,0.40,,a,
544,16,0.00,100.00,a,1.00
545,16,0.00,0.00,u,
546,16,0.00,0.00,u,
547,16,4.80,100.00,a,2.00
548,16,0.40,100.00,a,
549,16,0.00,,a,
550,16,0.00,,a,
551,16,0.00,,a,
552,16,0.00,0.00,n,
553,16,0.00,0.00,n,
554,16,0.00,,a,
555,16,0.00,0.00,u,
556,16,0.00,0.00,u,
557,16,0.00,,a,
558,16,0.00,,a,
559,16,0.00,0.00,u,
560,16,1.20,,a,
561,16,0.20,,a,3.00
562,16,0.00,,a,
563,16,0.00,0.00,u,
564,16,0.00,0.00,u,
565,16,1.90,,a,
566,16,-0.50,,a,
567,16,-0.50,,a,
568,16,0.90,,a,
569,16,4.50,100.00,a,
570,16,0.90,,a,
571,16,-0.30,100.00,a,
572,16,-0.40,75.00,d,
573,16,0.70,,a,
574,16,0.00,0.00,i,
575,16,0.90,,a,
576,16,0.00,0.00,u,
577,16,-0.40,75.00,d,
578,16,0.00,0.00,u,
579,16,0.00,0.00,u,
580,16,0.30,,a,
581,16,0.00,0.00,i,
582,16,3.90,100.00,a,
583,16,0.00,0.00,i,
584,16,0.70,,a,4.00
585,16,1.70,,a,
586,16,0.90,100.00,a,
587,16,0.00,0.00,n,
588,16,0.50,100.00,a,
589,16,0.00,0.00,u,
590,16,0.00,0.00,u,
591,16,0.30,100.00,a,
592,16,0.00,0.00,u,
593,16,0.00,0.00,n,
594,16,0.00,0.00,u,
595,16,-0.50,,a,
596,16,0.00,0.00,i,2.00
597,16,2.90,,a,3.00
598,16,0.00,0.00,u,
599,16,-0.50,,a,
600,16,3.10,,a,
601,16,0.00,0.00,u,
602,16,-0.50,,a,
603,16,0.00,0.00,n,
604,16,0.00,0.00,u,
605,16,1.10,,a,
606,16,1.90,100.00,a,
607,16,0.00,0.00,u,
608,16,-0.50,100.00,a,
609,16,2.10,,a,
610,16,0.00,0.00,n,
611,16,0.00,0.00,u,
612,16,0.30,100.00,a,1.00
613,16,0.70,100.00,a,
614,16,-0.50,,a,3.00
615,16,0.50,100.00,a,
616,16,0.00,0.00,u,
617,16,0.00,0.00,u,
618,16,0.10,,a,
619,16,-0.10,100.00,a,
620,16,-0.50,100.00,a,
621,16,-0.30,,a,
622,16,0.00,0.00,u,
623,16,1.70,100.00,a,
624,16,5.10,,a,2.00
625,16,-0.10,100.00,a,
626,16,-0.50,,a,
627,16,1.20,,a,
628,16,0.00,,a,
629,16,0.00,0.00,i,
630,16,-1.00,,a,
631,16,0.00,0.00,n,
632,16,1.00,100.00,a,
633,16,0.00,0.00,i,
634,16,0.00,0.00,s,
635,16,0.00,0.00,i,
636,16,0.00,,a,
637,16,2.80,100.00,a,
638,16,0.20,100.00,a,
639,16,0.00,0.00,u,
640,16,0.00,0.00,u,
641,16,0.00,,a,
642,16,0.60,100.00,a,3.00
643,16,3.00,100.00,a,
644,16,0.00,0.00,i,
645,16,0.40,100.00,a,
646,16,2.60,100.00,a,
647,16,0.00,0.00,u,
648,16,0.00,0.00,i,
649,16,0.00,0.00,u,
650,16,0.00,0.00,n,
651,16,0.00,,a,
652,16,0.00,,a,
653,16,0.00,0.00,u,
654,16,1.80,100.00,a,2.00
655,16,0.00,0.00,u,
656,16,0.00,0.00,u,
657,16,0.00,0.00,i,
658,16,0.00,,a,
659,16,-0.50,,a,
660,16,4.80,100.00,a,
661,16,6.30,100.00,a,
662,16,0.00,0.00,i,
663,16,1.40,,a,
664,16,0.00,,a,
665,16,2.00,100.00,a,
666,16,1.80,100.00,a,2.00
667,16,-1.00,100.00,a,
668,16,3.20,,a,
669,16,1.80,,a,
670,16,3.40,,a,
671,16,3.70,,a,
672,16,0.00,,a,
673,16,1.70,,a,
674,16,1.40,,a,
675,16,0.00,100.00,a,
676,16,3.00,100.00,a,
677,16,1.60,100.00,a,
678,16,0.00,0.00,n,
679,16,-0.50,,a,
680,16,1.40,100.00,a,
681,16,0.80,100.00,a,
682,16,1.60,,a,
683,16,2.40,100.00,a,
684,16,5.20,,a,
685,16,2.20,100.00,a,
686,16,0.70,,a,
687,16,0.00,,a,
688,16,0.00,,a,
689,16,0.00,,a,
690,16,0.00,0.00,i,
691,16,6.40,100.00,a,
692,16,0.00,0.00,i,
693,16,3.60,,a,
694,16,2.60,,a,
695,16,1.20,,a,
696,16,0.20,,a,
697,16,2.00,,a,
698,16,2.20,100.00,a,
699,16,0.20,100.00,a,
700,16,0.00,0.00,i,
701,16,0.00,0.00,u,
702,16,0.00,,a,
703,16,0.00,,a,
704,16,0.00,0.00,u,
705,16,-1.00,,a,
706,16,0.60,,a,
707,16,-0.40,,a,
708,16,4.30,,a,
709,16,0.80,100.00,a,
710,16,0.00,,a,
711,16,1.00,,a,
712,16,4.00,100.00,a,
713,16,2.80,,a,
714,16,3.20,,a,3.00
715,16,1.20,,a,
716,16,4.60,,a,
717,16,3.70,,a,
718,16,2.90,,a,
719,16,1.00,100.00,a,
720,16,2.20,,a,
721,16,0.00,0.00,i,
722,16,2.60,,a,
723,16,0.60,100.00,a,
724,16,1.00,,a,
725,16,4.60,100.00,a,
726,16,1.10,100.00,a,
727,16,0.00,0.00,n,
728,16,-1.00,100.00,a,
729,16,0.00,0.00,u,
730,16,2.20,,a,
731,16,1.20,100.00,a,
732,16,0.60,,a,
733,16,1.80,,a,
734,16,0.00,100.00,a,
735,16,0.00,0.00,n,
736,16,4.30,,a,
737,16,0.20,,a,
738,16,-0.50,100.00,a,
739,16,0.50,,a,
740,16,0.50,,a,
741,16,0.00,100.00,a,
742,16,0.50,,a,
743,16,0.00,,a,
744,16,0.00,,a,
745,16,-0.50,,a,
746,16,0.50,,a,
747,16,-0.30,,a,
748,16,0.00,0.00,i,
749,16,1.40,,a,
750,16,-0.50,,a,
751,16,-0.50,,a,
752,16,-0.50,,a,
753,16,0.00,,a,
754,16,0.00,,a,
755,16,0.00,,a,
756,16,0.00,,a,
757,16,0.00,,a,
758,16,0.20,,a,
759,16,1.00,,a,
760,16,1.80,,a,
1,17,5.00,,a,
2,17,1.00,,a,
3,17,0.00,0.00,u,
4,17,1.00,,a,
5,17,0.20,25.00,d,
6,17,2.60,100.00,a,
7,17,3.80,100.00,a,
8,17,3.80,100.00,a,
9,17,0.00,0.00,u,
10,17,1.40,,a,
11,17,0.00,0.00,i,
12,17,-0.30,100.00,a,
13,17,1.00,,a,
14,17,0.00,0.00,u,
15,17,1.00,,a,
16,17,6.80,100.00,a,1.00
17,17,3.00,100.00,a,3.00
18,17,2.00,100.00,a,
19,17,1.70,75.00,d,
20,17,3.00,100.00,a,4.00
21,17,6.20,100.00,a,
22,17,6.00,,a,
23,17,0.00,0.00,u,
24,17,1.00,100.00,a,
25,17,1.00,,a,
26,17,2.80,100.00,a,
27,17,0.20,100.00,a,
28,17,0.00,0.00,u,
29,17,0.00,0.00,u,
30,17,0.00,0.00,i,
31,17,1.40,100.00,a,
32,17,2.80,100.00,a,
33,17,0.40,,a,
34,17,0.00,0.00,u,
35,17,0.00,0.00,u,
36,17,4.20,100.00,a,
37,17,2.00,100.00,a,
38,17,2.80,100.00,a,
39,17,1.20,,a,
40,17,0.00,0.00,i,
41,17,0.00,0.00,i,
42,17,0.00,100.00,a,
43,17,0.00,0.00,u,
44,17,0.60,100.00,a,
45,17,0.00,,a,
46,17,0.00,0.00,u,
47,17,8.20,100.00,a,
48,17,2.80,100.00,a,
49,17,0.00,0.00,u,
50,17,2.00,100.00,a,2.00
51,17,0.00,0.00,u,
52,17,0.80,100.00,a,
53,17,2.40,,a,1.00
54,17,3.80,,a,
55,17,0.00,0.00,i,
56,17,0.00,0.00,u,
57,17,0.00,0.00,u,
58,17,5.20,100.00,a,
59,17,4.00,100.00,a,
60,17,0.00,,a,
61,17,0.00,0.00,u,
62,17,0.00,,a,
63,17,0.00,,a,
64,17,5.20,100.00,a,3.00
65,17,0.00,0.00,u,
66,17,0.00,0.00,u,
67,17,2.80,,a,
68,17,0.00,,a,
69,17,0.00,,a,
70,17,0.00,0.00,u,
71,17,0.00,0.00,u,
72,17,3.00,100.00,a,
73,17,1.80,100.00,a,
74,17,3.20,,a,
75,17,0.00,25.00,d,
76,17,0.00,,a,
77,17,0.40,,a,
78,17,0.00,100.00,a,
79,17,0.00,0.00,u,
80,17,0.20,100.00,a,
81,17,2.20,100.00,a,1.00
82,17,4.80,100.00,a,3.00
83,17,0.00,0.00,n,
84,17,4.20,,a,4.00
85,17,0.00,0.00,i,
86,17,0.80,100.00,a,
87,17,0.20,100.00,a,
88,17,0.40,100.00,a,
89,17,0.00,0.00,u,
90,17,2.40,,a,
91,17,0.00,0.00,u,
92,17,0.00,0.00,u,
93,17,0.00,0.00,u,
94,17,0.00,0.00,u,
95,17,0.00,0.00,u,
96,17,0.00,0.00,u,
97,17,3.20,100.00,a,
98,17,0.60,100.00,a,
99,17,0.00,0.00,u,
100,17,1.80,,a,
101,17,4.40,100.00,a,
102,17,0.00,,a,
103,17,0.00,,a,
104,17,0.00,,a,
105,17,0.00,,a,
106,17,4.00,,a,
107,17,6.00,,a,
108,17,0.20,100.00,a,
109,17,2.60,,a,
110,17,2.60,,a,
111,17,0.80,100.00,a,
112,17,0.00,0.00,u,
113,17,3.00,,a,
114,17,0.00,100.00,a,
115,17,0.00,0.00,u,
116,17,3.00,100.00,a,
117,17,0.00,0.00,u,
118,17,0.00,0.00,u,
119,17,0.00,0.00,n,
120,17,1.60,100.00,a,3.00
121,17,2.40,,a,
122,17,0.00,0.00,i,
123,17,0.00,0.00,i,4.00
124,17,4.40,100.00,a,
125,17,3.00,100.00,a,
126,17,2.20,,a,
127,17,0.00,100.00,a,
128,17,0.00,0.00,n,
129,17,1.80,100.00,a,
130,17,0.00,,a,
131,17,0.00,,a,
132,17,0.00,100.00,a,
133,17,0.00,,a,
134,17,0.00,0.00,u,
135,17,0.40,100.00,a,
136,17,4.00,100.00,a,2.00
137,17,0.00,,a,
138,17,-1.00,,a,
139,17,3.60,,a,
140,17,-1.00,,a,
141,17,0.00,0.00,u,
142,17,0.00,0.00,u,
143,17,0.80,,a,
144,17,0.40,,a,
145,17,4.80,100.00,a,
146,17,0.40,100.00,a,
147,17,0.00,0.00,u,
148,17,2.20,,a,
149,17,0.00,100.00,a,
150,17,0.00,0.00,u,
151,17,2.80,75.00,d,
152,17,-0.40,100.00,a,
153,17,0.00,0.00,i,
154,17,0.00,0.00,u,
155,17,0.00,0.00,u,
156,17,-1.00,,a,
157,17,-0.60,100.00,a,
158,17,2.40,100.00,a,
159,17,0.00,0.00,i,
160,17,1.60,,a,
161,17,0.00,0.00,u,
162,17,0.60,100.00,a,
163,17,2.00,100.00,a,
164,17,0.00,0.00,u,
165,17,0.00,0.00,u,
166,17,0.40,100.00,a,
167,17,0.00,0.00,n,
168,17,0.00,100.00,a,
169,17,0.40,100.00,a,
170,17,-0.60,100.00,a,1.00
171,17,0.00,0.00,u,
172,17,-0.80,100.00,a,
173,17,1.80,75.00,d,
174,17,0.00,0.00,u,
175,17,-1.00,,a,
176,17,0.00,0.00,u,
177,17,0.00,0.00,u,
178,17,0.10,75.00,d,2.00
179,17,0.00,0.00,u,
180,17,0.00,0.00,i,
181,17,-0.20,,a,
182,17,0.50,,a,
183,17,0.00,,a,
184,17,0.00,0.00,u,
185,17,0.00,,a,
186,17,0.00,0.00,i,
187,17,1.40,100.00,a,
188,17,0.00,,a,
189,17,0.00,0.00,u,
190,17,2.00,,a,
191,17,1.70,75.00,d,
192,17,1.80,,a,
193,17,0.00,100.00,a,
194,17,0.00,0.00,i,
195,17,-0.20,100.00,a,
196,17,0.00,0.00,u,
197,17,1.60,,a,
198,17,0.00,0.00,n,
199,17,0.60,,a,
200,17,1.80,100.00,a,
201,17,0.00,0.00,u,
202,17,1.80,100.00,a,3.00
203,17,0.00,,a,
204,17,0.00,0.00,u,
205,17,2.80,,a,
206,17,1.40,,a,
207,17,0.00,0.00,n,
208,17,0.00,0.00,u,
209,17,1.00,,a,
210,17,1.00,,a,
211,17,0.00,0.00,u,
212,17,0.00,0.00,u,
213,17,0.00,,a,
214,17,0.40,,a,
215,17,2.80,,a,1.00
216,17,0.00,0.00,i,
217,17,0.00,0.00,n,
218,17,0.00,,a,2.00
219,17,0.00,0.00,u,
220,17,4.80,,a,
221,17,0.00,,a,
222,17,0.00,0.00,u,
223,17,0.00,,a,
224,17,3.00,,a,
225,17,5.40,100.00,a,
226,17,6.60,100.00,a,
227,17,0.00,0.00,i,
228,17,5.40,100.00,a,
229,17,0.00,100.00,a,
230,17,4.60,100.00,a,
231,17,0.00,0.00,u,
232,17,0.60,100.00,a,
233,17,0.00,100.00,a,
234,17,0.00,0.00,u,
235,17,2.60,100.00,a,1.00
236,17,3.60,100.00,a,
237,17,2.20,100.00,a,2.00
238,17,0.60,100.00,a,3.00
239,17,1.20,,a,
240,17,0.00,0.00,u,
241,17,0.20,100.00,a,
242,17,1.40,25.00,d,
243,17,0.00,,a,
244,17,0.00,0.00,i,
245,17,0.00,0.00,s,
246,17,0.60,100.00,a,
247,17,0.00,0.00,i,
248,17,0.00,0.00,u,
249,17,2.40,,a,
250,17,0.80,100.00,a,
251,17,0.00,0.00,u,
252,17,0.20,100.00,a,
253,17,2.60,,a,
254,17,0.00,100.00,a,
255,17,0.00,,a,
256,17,0.00,0.00,i,
257,17,3.00,,a,
258,17,2.00,,a,
259,17,0.20,100.00,a,
260,17,4.80,100.00,a,
261,17,1.70,50.00,d,
262,17,0.00,25.00,d,
263,17,0.80,,a,
264,17,0.00,0.00,u,
265,17,0.00,0.00,i,
266,17,2.00,,a,
267,17,0.00,0.00,n,
268,17,0.00,0.00,i,
269,17,0.00,,a,
270,17,0.80,100.00,a,
271,17,0.00,0.00,i,
272,17,1.40,,a,
273,17,4.60,100.00,a,
274,17,0.00,,a,
275,17,0.00,,a,
276,17,1.80,100.00,a,
277,17,0.00,0.00,u,
278,17,0.00,0.00,u,
279,17,0.00,0.00,u,
280,17,0.00,0.00,u,
281,17,0.00,,a,
282,17,0.00,0.00,u,
283,17,2.80,100.00,a,2.00
284,17,2.00,75.00,d,
285,17,0.00,0.00,u,
286,17,0.00,,a,
287,17,3.60,,a,
288,17,0.00,,a,
289,17,0.00,,a,
290,17,0.00,0.00,i,
291,17,5.20,,a,
292,17,2.80,100.00,a,
293,17,3.40,,a,
294,17,0.00,0.00,i,
295,17,3.20,100.00,a,
296,17,0.00,100.00,a,
297,17,0.00,,a,
298,17,0.00,,a,
299,17,0.00,0.00,n,1.00
300,17,1.00,,a,
301,17,2.60,,a,
302,17,0.00,0.00,n,
303,17,3.20,,a,
304,17,2.00,100.00,a,
305,17,0.00,0.00,u,
306,17,0.00,,a,
307,17,0.00,,a,
308,17,0.00,0.00,u,
309,17,0.00,0.00,u,
310,17,2.60,,a,
311,17,1.00,,a,2.00
312,17,0.00,0.00,u,
313,17,0.00,0.00,u,
314,17,2.60,,a,
315,17,0.00,0.00,u,
316,17,2.60,100.00,a,
317,17,2.80,100.00,a,
318,17,0.00,0.00,n,
319,17,1.20,,a,
320,17,0.20,,a,
321,17,1.00,,a,
322,17,5.20,100.00,a,
323,17,0.00,,a,
324,17,0.00,0.00,n,
325,17,4.20,100.00,a,
326,17,0.60,,a,
327,17,0.00,0.00,u,
328,17,0.00,0.00,i,
329,17,6.60,75.00,d,3.00
330,17,1.60,,a,
331,17,0.40,100.00,a,
332,17,1.80,100.00,a,
333,17,0.00,0.00,u,
334,17,0.00,0.00,u,
335,17,1.80,,a,
336,17,0.00,,a,
337,17,3.00,100.00,a,1.00
338,17,0.00,0.00,i,
339,17,0.00,,a,
340,17,0.00,,a,
341,17,0.00,,a,
342,17,2.80,100.00,a,
343,17,2.60,100.00,a,3.00
344,17,4.20,100.00,a,
345,17,0.40,100.00,a,
346,17,0.00,,a,
347,17,1.80,100.00,a,
348,17,1.40,100.00,a,
349,17,0.00,0.00,u,
350,17,2.40,,a,
351,17,2.00,100.00,a,
352,17,0.20,100.00,a,
353,17,0.00,0.00,i,
354,17,4.40,100.00,a,
355,17,0.00,0.00,u,
356,17,1.80,,a,
357,17,0.00,0.00,u,
358,17,4.40,100.00,a,
359,17,0.00,0.00,u,
360,17,0.00,0.00,u,
361,17,0.00,0.00,u,
362,17,0.60,100.00,a,2.00
363,17,0.00,0.00,u,
364,17,0.00,0.00,u,
365,17,0.30,25.00,d,1.00
366,17,4.50,100.00,a,
367,17,0.50,,a,
368,17,0.50,,a,
369,17,0.50,,a,
370,17,1.30,100.00,a,
371,17,3.90,,a,
372,17,1.50,,a,
373,17,4.50,,a,
374,17,5.10,100.00,a,
375,17,0.80,50.00,d,
376,17,0.00,0.00,i,
377,17,0.00,0.00,u,
378,17,0.50,100.00,a,
379,17,0.50,,a,
380,17,0.50,,a,
381,17,0.00,0.00,n,1.00
382,17,5.70,100.00,a,
383,17,0.00,0.00,u,
384,17,1.90,50.00,d,2.00
385,17,1.10,100.00,a,
386,17,2.50,100.00,a,3.00
387,17,0.00,0.00,s,
388,17,2.30,100.00,a,
389,17,0.00,75.00,d,
390,17,4.50,100.00,a,
391,17,0.00,0.00,i,
392,17,0.00,0.00,i,
393,17,0.00,0.00,i,
394,17,0.00,0.00,u,
395,17,0.00,0.00,u,
396,17,0.70,,a,
397,17,0.00,0.00,u,
398,17,0.00,0.00,i,
399,17,0.00,0.00,u,
400,17,0.50,,a,
401,17,0.50,100.00,a,
402,17,0.00,0.00,n,
403,17,6.90,100.00,a,
404,17,0.00,0.00,u,
405,17,0.90,,a,
406,17,0.70,100.00,a,
407,17,6.50,,a,4.00
408,17,6.30,,a,
409,17,0.00,0.00,i,
410,17,1.10,100.00,a,
411,17,4.90,100.00,a,
412,17,0.00,0.00,u,
413,17,0.00,0.00,n,2.00
414,17,12.10,100.00,a,
415,17,1.90,100.00,a,
416,17,2.90,,a,
417,17,5.70,100.00,a,
418,17,0.00,0.00,i,3.00
419,17,4.00,100.00,a,
420,17,0.00,0.00,u,
421,17,0.00,0.00,i,
422,17,0.00,0.00,i,
423,17,3.70,100.00,a,
424,17,0.00,0.00,i,
425,17,0.00,0.00,u,
426,17,-0.10,,a,
427,17,4.90,,a,
428,17,0.00,0.00,u,
429,17,0.50,,a,
430,17,9.90,100.00,a,1.00
431,17,0.00,,a,
432,17,0.00,0.00,u,
433,17,0.00,0.00,u,
434,17,0.00,,a,
435,17,0.00,,a,
436,17,0.00,0.00,i,
437,17,1.00,100.00,a,
438,17,0.00,0.00,n,
439,17,0.00,,a,
440,17,4.80,100.00,a,
441,17,1.80,,a,
442,17,0.00,0.00,i,
443,17,1.40,,a,
444,17,1.00,,a,
445,17,0.00,0.00,u,
446,17,0.00,,a,
447,17,1.40,100.00,a,
448,17,0.00,,a,
449,17,0.00,0.00,i,1.00
450,17,5.00,100.00,a,
451,17,0.00,0.00,u,
452,17,0.00,0.00,n,
453,17,1.80,,a,
454,17,0.00,0.00,u,
455,17,4.00,100.00,a,
456,17,0.40,100.00,a,
457,17,4.00,100.00,a,
458,17,0.00,0.00,i,
459,17,0.40,,a,
460,17,0.00,0.00,u,
461,17,0.00,,a,
462,17,0.20,,a,
463,17,0.00,,a,
464,17,0.00,0.00,u,
465,17,0.00,0.00,u,
466,17,2.60,100.00,a,
467,17,0.00,,a,
468,17,0.00,0.00,u,
469,17,0.00,75.00,d,
470,17,1.80,100.00,a,
471,17,0.00,,a,
472,17,0.00,0.00,u,
473,17,3.00,100.00,a,
474,17,1.00,100.00,a,4.00
475,17,0.00,25.00,d,
476,17,0.00,0.00,i,
477,17,0.00,0.00,i,
478,17,0.00,0.00,i,
479,17,0.00,0.00,i,
480,17,0.00,25.00,d,
481,17,0.00,,a,
482,17,0.00,100.00,a,
483,17,0.00,,a,
484,17,0.00,0.00,u,
485,17,5.60,100.00,a,2.00
486,17,2.00,,a,
487,17,1.40,,a,
488,17,4.80,,a,
489,17,1.20,,a,
490,17,1.40,100.00,a,
491,17,1.40,100.00,a,
492,17,0.00,0.00,u,
493,17,0.00,0.00,i,
494,17,1.00,100.00,a,
495,17,0.00,0.00,u,
496,17,0.00,0.00,u,
497,17,4.80,100.00,a,
498,17,0.00,0.00,u,
499,17,0.00,0.00,i,
500,17,0.00,25.00,d,
501,17,0.00,,a,
502,17,1.50,100.00,a,
503,17,0.00,0.00,u,
504,17,0.00,0.00,u,
505,17,2.70,,a,
506,17,0.90,100.00,a,
507,17,-0.10,25.00,d,
508,17,3.30,,a,
509,17,0.00,0.00,u,
510,17,-0.50,,a,
511,17,1.90,,a,
512,17,0.00,0.00,u,
513,17,-0.30,,a,
514,17,0.00,0.00,n,
515,17,1.90,100.00,a,2.00
516,17,4.30,100.00,a,
517,17,3.30,,a,4.00
518,17,0.00,0.00,u,
519,17,0.10,100.00,a,
520,17,0.00,0.00,u,
521,17,0.00,0.00,n,
522,17,0.00,0.00,i,
523,17,0.00,0.00,u,
524,17,0.00,0.00,u,
525,17,0.00,0.00,i,1.00
526,17,2.90,,a,3.00
527,17,-0.30,100.00,a,
528,17,0.00,,a,
529,17,0.00,,a,
530,17,0.00,,a,
531,17,5.00,100.00,a,
532,17,2.80,,a,
533,17,0.00,0.00,i,
534,17,0.00,,a,
535,17,0.00,100.00,a,
536,17,0.00,100.00,a,
537,17,0.00,0.00,u,
538,17,0.00,,a,
539,17,0.00,0.00,s,
540,17,0.00,,a,
541,17,0.00,0.00,n,
542,17,0.00,0.00,u,
543,17,0.80,,a,
544,17,0.00,0.00,i,1.00
545,17,0.00,0.00,u,
546,17,0.00,0.00,u,
547,17,4.80,100.00,a,2.00
548,17,0.60,100.00,a,
549,17,0.00,,a,
550,17,0.00,,a,
551,17,0.60,,a,
552,17,0.00,0.00,n,
553,17,0.00,0.00,n,
554,17,0.00,,a,
555,17,0.00,0.00,u,
556,17,0.00,0.00,u,
557,17,0.00,,a,
558,17,0.00,,a,
559,17,0.00,0.00,u,
560,17,1.00,,a,
561,17,0.00,,a,3.00
562,17,0.00,,a,
563,17,0.00,0.00,u,
564,17,0.00,0.00,u,
565,17,2.40,,a,
566,17,0.00,,a,
567,17,0.00,,a,
568,17,1.60,,a,
569,17,0.00,0.00,s,
570,17,1.40,,a,
571,17,0.20,100.00,a,
572,17,0.00,100.00,a,
573,17,1.40,,a,
574,17,0.00,0.00,i,
575,17,1.40,,a,
576,17,0.00,0.00,u,
577,17,0.00,75.00,d,
578,17,0.00,0.00,u,
579,17,0.00,0.00,u,
580,17,0.80,,a,
581,17,0.00,0.00,i,
582,17,4.20,100.00,a,
583,17,0.00,0.00,i,
584,17,1.20,,a,4.00
585,17,2.60,,a,
586,17,1.80,100.00,a,
587,17,0.00,0.00,n,
588,17,0.80,100.00,a,
589,17,0.00,0.00,u,
590,17,0.00,0.00,u,
591,17,1.20,100.00,a,
592,17,0.00,0.00,u,
593,17,0.00,0.00,n,
594,17,0.00,0.00,u,
595,17,0.00,,a,
596,17,0.00,0.00,i,2.00
597,17,3.00,,a,3.00
598,17,0.00,0.00,u,
599,17,0.00,,a,
600,17,2.20,,a,
601,17,0.00,0.00,u,
602,17,0.00,,a,
603,17,0.00,0.00,n,
604,17,0.00,0.00,u,
605,17,1.20,,a,
606,17,2.60,100.00,a,
607,17,0.00,0.00,u,
608,17,0.20,75.00,d,
609,17,1.80,,a,
610,17,0.00,0.00,n,
611,17,0.00,0.00,u,
612,17,1.20,100.00,a,1.00
613,17,1.20,100.00,a,
614,17,0.00,,a,3.00
615,17,1.40,100.00,a,
616,17,0.00,0.00,u,
617,17,0.00,0.00,u,
618,17,0.80,,a,
619,17,0.20,100.00,a,
620,17,0.00,100.00,a,
621,17,0.20,,a,
622,17,0.00,0.00,u,
623,17,2.20,100.00,a,
624,17,5.00,,a,2.00
625,17,0.20,100.00,a,
626,17,0.00,,a,
627,17,0.50,,a,
628,17,-0.10,,a,
629,17,0.00,0.00,i,
630,17,0.00,,a,
631,17,0.00,0.00,n,
632,17,0.70,100.00,a,
633,17,-0.10,75.00,d,
634,17,-0.30,100.00,a,
635,17,0.00,0.00,i,
636,17,0.10,,a,
637,17,0.00,0.00,i,
638,17,0.50,100.00,a,
639,17,0.00,0.00,u,
640,17,0.00,0.00,u,
641,17,-0.50,,a,
642,17,0.10,100.00,a,3.00
643,17,2.10,100.00,a,
644,17,0.00,0.00,i,
645,17,0.30,100.00,a,
646,17,1.70,100.00,a,
647,17,0.00,0.00,u,
648,17,0.00,0.00,i,
649,17,0.00,0.00,u,
650,17,0.00,0.00,n,
651,17,-0.50,,a,
652,17,-0.50,,a,
653,17,0.00,0.00,u,
654,17,0.90,100.00,a,2.00
655,17,0.00,0.00,u,
656,17,0.00,0.00,u,
657,17,0.00,0.00,i,
658,17,-0.50,,a,
659,17,0.60,,a,
660,17,5.60,100.00,a,
661,17,7.90,100.00,a,
662,17,0.00,0.00,i,
663,17,0.90,,a,
664,17,0.00,,a,
665,17,2.00,100.00,a,
666,17,2.80,100.00,a,2.00
667,17,0.00,100.00,a,
668,17,3.40,,a,
669,17,0.00,0.00,i,
670,17,4.20,,a,
671,17,2.00,,a,
672,17,0.00,,a,
673,17,1.40,,a,
674,17,1.60,,a,
675,17,-0.50,100.00,a,
676,17,3.00,100.00,a,
677,17,0.00,0.00,n,
678,17,0.00,0.00,n,
679,17,0.00,,a,
680,17,2.60,100.00,a,
681,17,1.20,100.00,a,
682,17,1.10,,a,
683,17,3.60,100.00,a,
684,17,4.60,,a,
685,17,2.60,100.00,a,
686,17,0.50,,a,
687,17,0.00,,a,
688,17,0.00,,a,
689,17,0.00,,a,
690,17,0.00,0.00,i,
691,17,8.80,100.00,a,
692,17,0.00,0.00,i,
693,17,2.70,,a,
694,17,3.00,,a,
695,17,0.70,,a,
696,17,-0.10,,a,
697,17,2.00,,a,
698,17,2.40,100.00,a,
699,17,0.10,100.00,a,
700,17,0.00,0.00,i,
701,17,0.00,0.00,u,
702,17,0.00,,a,
703,17,0.00,,a,
704,17,0.00,0.00,u,
705,17,0.00,,a,
706,17,0.80,,a,
707,17,0.80,,a,
708,17,4.40,,a,
709,17,0.30,100.00,a,
710,17,0.00,,a,
711,17,1.00,,a,
712,17,2.80,100.00,a,
713,17,3.00,,a,
714,17,5.40,,a,3.00
715,17,0.90,,a,
716,17,2.10,,a,
717,17,0.00,0.00,s,
718,17,3.80,,a,
719,17,1.40,100.00,a,
720,17,1.70,,a,
721,17,0.00,0.00,i,
722,17,2.20,,a,
723,17,0.40,100.00,a,
724,17,1.80,,a,
725,17,4.70,75.00,d,
726,17,1.80,100.00,a,
727,17,0.00,0.00,n,
728,17,0.20,100.00,a,
729,17,0.00,0.00,u,
730,17,2.40,,a,
731,17,1.80,100.00,a,
732,17,1.40,,a,
733,17,1.60,,a,
734,17,-0.50,100.00,a,
735,17,0.00,0.00,n,
736,17,5.50,,a,
737,17,0.40,,a,
738,17,0.00,100.00,a,
739,17,0.70,,a,
740,17,0.50,,a,
741,17,0.00,100.00,a,
742,17,0.50,,a,
743,17,0.00,,a,
744,17,-1.00,,a,
745,17,0.00,,a,
746,17,0.50,,a,
747,17,0.40,,a,
748,17,0.00,0.00,i,
749,17,1.10,,a,
750,17,0.00,,a,
751,17,0.00,,a,
752,17,0.00,,a,
753,17,0.00,,a,
754,17,0.00,,a,
755,17,0.20,,a,
756,17,0.00,,a,
757,17,0.00,,a,
758,17,0.50,,a,
759,17,1.00,,a,
760,17,0.50,,a,
761,17,0.30,,a,
762,17,1.20,,a,
763,17,1.70,,a,
764,17,1.70,,a,
765,17,1.30,,a,
766,17,0.80,,a,
767,17,0.70,,a,
768,17,1.30,,a,
769,17,1.20,,a,
770,17,1.20,,a,
1,18,4.70,,a,
2,18,1.00,,a,
3,18,0.00,0.00,u,
4,18,1.00,,a,
5,18,1.20,100.00,a,
6,18,2.70,100.00,a,
7,18,2.50,75.00,d,
8,18,2.50,75.00,d,
9,18,0.00,0.00,u,
10,18,1.50,,a,
11,18,0.00,0.00,i,
12,18,0.20,100.00,a,
13,18,1.00,,a,
14,18,0.00,0.00,u,
15,18,1.00,,a,
16,18,7.00,100.00,a,1.00
17,18,4.30,100.00,a,3.00
18,18,1.80,100.00,a,
19,18,2.20,100.00,a,
20,18,3.00,100.00,a,4.00
21,18,6.20,100.00,a,
22,18,5.50,,a,
23,18,0.00,0.00,u,
24,18,1.00,100.00,a,
25,18,1.00,,a,
26,18,2.80,100.00,a,
27,18,0.20,100.00,a,
28,18,0.00,0.00,u,
29,18,0.00,0.00,u,
30,18,0.50,50.00,d,
31,18,1.50,100.00,a,
32,18,1.70,100.00,a,
33,18,-0.70,,a,
34,18,0.00,0.00,u,
35,18,0.00,0.00,u,
36,18,0.00,0.00,s,
37,18,0.80,100.00,a,
38,18,2.00,100.00,a,
39,18,0.30,,a,
40,18,-0.20,25.00,d,
41,18,0.20,25.00,d,
42,18,-1.00,100.00,a,
43,18,0.00,0.00,u,
44,18,-0.30,100.00,a,
45,18,-1.00,,a,
46,18,0.00,0.00,u,
47,18,6.00,100.00,a,
48,18,2.50,100.00,a,
49,18,0.00,0.00,u,
50,18,1.20,100.00,a,2.00
51,18,0.00,0.00,u,
52,18,1.00,100.00,a,
53,18,1.20,,a,1.00
54,18,2.30,,a,
55,18,0.00,0.00,i,
56,18,0.00,0.00,u,
57,18,0.00,0.00,u,
58,18,0.00,0.00,s,
59,18,2.50,100.00,a,
60,18,-1.00,,a,
61,18,0.00,0.00,u,
62,18,-1.00,,a,
63,18,-1.00,,a,
64,18,5.30,100.00,a,3.00
65,18,0.00,0.00,u,
66,18,0.00,0.00,u,
67,18,2.20,,a,
68,18,0.00,,a,
69,18,0.00,,a,
70,18,0.00,0.00,u,
71,18,0.00,0.00,u,
72,18,3.00,100.00,a,
73,18,1.60,100.00,a,
74,18,3.20,,a,
75,18,0.00,25.00,d,
76,18,0.00,,a,
77,18,0.40,,a,
78,18,0.00,100.00,a,
79,18,0.00,0.00,u,
80,18,0.40,100.00,a,
81,18,2.00,100.00,a,1.00
82,18,6.40,100.00,a,3.00
83,18,0.00,0.00,n,
84,18,4.20,,a,4.00
85,18,0.00,0.00,i,
86,18,1.00,100.00,a,
87,18,0.20,100.00,a,
88,18,1.60,100.00,a,
89,18,0.00,0.00,u,
90,18,2.50,75.00,d,
91,18,0.00,0.00,u,
92,18,0.00,0.00,u,
93,18,0.00,0.00,u,
94,18,0.00,0.00,u,
95,18,0.00,0.00,u,
96,18,0.00,0.00,u,
97,18,2.40,100.00,a,
98,18,0.40,100.00,a,
99,18,0.00,0.00,u,
100,18,1.80,,a,
101,18,4.80,100.00,a,
102,18,0.00,,a,
103,18,0.00,,a,
104,18,0.00,,a,
105,18,0.00,,a,
106,18,4.00,,a,
107,18,6.20,,a,
108,18,1.00,100.00,a,
109,18,2.80,,a,
110,18,2.80,,a,
111,18,0.80,100.00,a,
112,18,0.00,0.00,u,
113,18,2.00,75.00,d,
114,18,0.00,100.00,a,
115,18,0.00,0.00,u,
116,18,1.60,100.00,a,
117,18,0.00,0.00,u,
118,18,0.00,0.00,u,
119,18,0.00,0.00,n,
120,18,5.00,100.00,a,3.00
121,18,2.40,,a,
122,18,0.00,0.00,i,
123,18,0.00,0.00,i,4.00
124,18,3.00,100.00,a,
125,18,3.80,100.00,a,
126,18,2.00,,a,
127,18,0.00,100.00,a,
128,18,0.00,0.00,n,
129,18,2.60,100.00,a,
130,18,0.00,,a,
131,18,0.00,,a,
132,18,0.00,100.00,a,
133,18,0.00,,a,
134,18,0.00,0.00,u,
135,18,0.60,100.00,a,
136,18,2.40,100.00,a,2.00
137,18,0.00,,a,
138,18,0.00,,a,
139,18,4.00,,a,
140,18,0.00,,a,
141,18,0.00,0.00,u,
142,18,0.00,0.00,u,
143,18,1.50,,a,
144,18,1.20,,a,
145,18,5.00,100.00,a,
146,18,1.20,100.00,a,
147,18,0.00,0.00,u,
148,18,2.80,,a,
149,18,0.00,0.00,n,
150,18,0.00,0.00,u,
151,18,4.50,100.00,a,
152,18,0.50,100.00,a,
153,18,0.00,0.00,i,
154,18,0.00,0.00,u,
155,18,0.00,0.00,u,
156,18,0.00,,a,
157,18,0.30,100.00,a,
158,18,2.80,100.00,a,
159,18,0.00,0.00,i,
160,18,2.30,,a,
161,18,0.00,0.00,u,
162,18,1.50,100.00,a,
163,18,2.80,100.00,a,
164,18,0.00,0.00,u,
165,18,0.00,0.00,u,
166,18,2.00,100.00,a,
167,18,0.00,0.00,n,
168,18,0.00,100.00,a,
169,18,2.70,100.00,a,
170,18,0.30,100.00,a,1.00
171,18,0.00,0.00,u,
172,18,0.30,100.00,a,
173,18,3.00,100.00,a,
174,18,0.00,0.00,u,
175,18,0.00,,a,
176,18,0.00,0.00,u,
177,18,0.00,0.00,u,
178,18,1.20,100.00,a,2.00
179,18,0.00,0.00,u,
180,18,0.00,0.00,i,
181,18,0.80,,a,
182,18,0.50,,a,
183,18,0.00,,a,
184,18,0.00,0.00,u,
185,18,0.00,,a,
186,18,0.00,0.00,i,
187,18,2.00,100.00,a,
188,18,0.00,,a,
189,18,0.00,0.00,u,
190,18,3.80,,a,
191,18,1.20,75.00,d,
192,18,1.20,,a,
193,18,1.60,100.00,a,
194,18,0.00,0.00,i,
195,18,1.00,100.00,a,
196,18,0.00,0.00,u,
197,18,1.60,,a,
198,18,0.00,0.00,n,
199,18,0.40,75.00,d,
200,18,1.20,100.00,a,
201,18,0.00,0.00,u,
202,18,2.20,100.00,a,3.00
203,18,0.00,,a,
204,18,0.00,0.00,u,
205,18,1.30,50.00,d,
206,18,2.00,,a,
207,18,0.00,0.00,n,
208,18,0.00,0.00,u,
209,18,1.80,,a,
210,18,0.40,,a,
211,18,0.00,0.00,u,
212,18,0.00,0.00,u,
213,18,0.00,,a,
214,18,0.60,,a,
215,18,1.80,,a,1.00
216,18,0.00,0.00,i,
217,18,0.00,0.00,n,
218,18,0.00,,a,2.00
219,18,0.00,0.00,u,
220,18,4.50,,a,
221,18,0.00,,a,
222,18,0.00,0.00,u,
223,18,0.00,,a,
224,18,2.10,75.00,d,
225,18,5.50,100.00,a,
226,18,5.50,100.00,a,
227,18,0.00,0.00,i,
228,18,4.70,100.00,a,
229,18,0.20,100.00,a,
230,18,3.80,100.00,a,
231,18,0.00,0.00,u,
232,18,0.50,100.00,a,
233,18,0.00,100.00,a,
234,18,0.00,0.00,u,
235,18,2.50,100.00,a,1.00
236,18,3.30,100.00,a,
237,18,2.00,100.00,a,2.00
238,18,0.70,100.00,a,3.00
239,18,1.20,,a,
240,18,0.00,0.00,u,
241,18,0.70,100.00,a,
242,18,1.00,25.00,d,
243,18,0.00,,a,
244,18,0.00,0.00,i,
245,18,0.00,0.00,s,
246,18,0.50,100.00,a,
247,18,0.00,0.00,i,
248,18,0.00,0.00,u,
249,18,3.30,,a,
250,18,0.70,100.00,a,
251,18,0.00,0.00,u,
252,18,0.20,100.00,a,
253,18,2.70,,a,
254,18,0.00,100.00,a,
255,18,0.00,,a,
256,18,0.00,0.00,i,
257,18,3.00,,a,
258,18,2.00,,a,
259,18,0.20,100.00,a,
260,18,4.30,100.00,a,
261,18,1.40,50.00,d,
262,18,0.00,25.00,d,
263,18,0.80,,a,
264,18,0.00,0.00,u,
265,18,0.00,0.00,i,
266,18,1.80,,a,
267,18,0.00,0.00,n,
268,18,0.00,0.00,i,
269,18,0.20,,a,
270,18,0.80,100.00,a,
271,18,0.00,0.00,i,
272,18,1.30,,a,
273,18,4.20,100.00,a,
274,18,0.00,,a,
275,18,0.00,,a,
276,18,1.80,100.00,a,
277,18,0.00,0.00,u,
278,18,0.00,0.00,u,
279,18,0.00,0.00,u,
280,18,0.00,0.00,u,
281,18,0.00,,a,
282,18,0.00,0.00,u,
283,18,2.70,100.00,a,2.00
284,18,2.30,100.00,a,
285,18,0.00,0.00,u,
286,18,0.00,,a,
287,18,4.60,,a,
288,18,0.00,,a,
289,18,0.00,,a,
290,18,0.00,25.00,d,
291,18,6.20,,a,
292,18,3.60,100.00,a,
293,18,4.60,,a,
294,18,0.00,25.00,d,
295,18,4.80,100.00,a,
296,18,0.20,100.00,a,
297,18,0.00,,a,
298,18,0.00,,a,
299,18,0.00,0.00,n,1.00
300,18,1.80,,a,
301,18,3.00,,a,
302,18,0.00,0.00,n,
303,18,3.80,,a,
304,18,2.60,100.00,a,
305,18,0.00,0.00,u,
306,18,0.00,,a,
307,18,0.00,,a,
308,18,0.00,0.00,u,
309,18,0.00,0.00,u,
310,18,2.40,,a,
311,18,1.20,,a,2.00
312,18,0.00,0.00,u,
313,18,0.00,0.00,u,
314,18,3.60,,a,
315,18,0.00,0.00,u,
316,18,4.20,100.00,a,
317,18,3.00,100.00,a,
318,18,0.00,0.00,n,
319,18,1.20,,a,
320,18,0.40,,a,
321,18,2.80,,a,
322,18,4.00,100.00,a,
323,18,0.00,,a,
324,18,0.00,0.00,n,
325,18,4.60,100.00,a,
326,18,0.60,,a,
327,18,0.00,0.00,u,
328,18,0.00,0.00,i,
329,18,7.80,100.00,a,3.00
330,18,1.80,,a,
331,18,0.60,100.00,a,
332,18,2.20,100.00,a,
333,18,0.00,0.00,u,
334,18,0.00,0.00,u,
335,18,0.80,,a,
336,18,0.00,,a,
337,18,4.60,100.00,a,1.00
338,18,0.00,0.00,i,
339,18,-0.50,,a,
340,18,-0.50,,a,
341,18,-0.50,,a,
342,18,2.50,100.00,a,
343,18,1.90,100.00,a,3.00
344,18,3.90,100.00,a,
345,18,-0.10,100.00,a,
346,18,-0.50,,a,
347,18,1.50,100.00,a,
348,18,0.30,25.00,d,
349,18,0.00,0.00,u,
350,18,2.70,,a,
351,18,1.50,100.00,a,
352,18,-0.30,100.00,a,
353,18,0.00,0.00,i,
354,18,4.30,100.00,a,
355,18,0.00,0.00,u,
356,18,0.90,,a,
357,18,0.00,0.00,u,
358,18,3.30,100.00,a,
359,18,0.00,0.00,u,
360,18,0.00,0.00,u,
361,18,0.00,0.00,u,
362,18,0.10,100.00,a,2.00
363,18,0.00,0.00,u,
364,18,0.00,0.00,u,
365,18,0.10,100.00,a,1.00
366,18,4.30,100.00,a,
367,18,0.50,,a,
368,18,0.50,,a,
369,18,0.50,,a,
370,18,2.00,100.00,a,
371,18,3.70,,a,
372,18,1.30,,a,
373,18,4.20,,a,
374,18,4.70,100.00,a,
375,18,1.70,100.00,a,
376,18,0.00,0.00,i,
377,18,0.00,0.00,u,
378,18,0.50,100.00,a,
379,18,0.50,,a,
380,18,0.50,,a,
381,18,0.00,0.00,n,1.00
382,18,6.50,100.00,a,
383,18,0.00,0.00,u,
384,18,3.50,100.00,a,2.00
385,18,1.30,100.00,a,
386,18,2.50,100.00,a,3.00
387,18,3.30,100.00,a,
388,18,2.80,100.00,a,
389,18,-0.80,75.00,d,
390,18,5.70,100.00,a,
391,18,0.00,0.00,i,
392,18,0.00,0.00,i,
393,18,0.00,0.00,i,
394,18,0.00,0.00,u,
395,18,0.00,0.00,u,
396,18,0.80,,a,
397,18,0.00,0.00,u,
398,18,0.00,0.00,i,
399,18,0.00,0.00,u,
400,18,0.50,,a,
401,18,0.50,100.00,a,
402,18,0.00,0.00,n,
403,18,7.30,100.00,a,
404,18,0.00,0.00,u,
405,18,1.10,,a,
406,18,0.70,100.00,a,
407,18,6.70,,a,4.00
408,18,6.70,,a,
409,18,0.00,0.00,i,
410,18,1.10,100.00,a,
411,18,4.30,100.00,a,
412,18,0.00,0.00,u,
413,18,0.00,0.00,n,2.00
414,18,9.50,100.00,a,
415,18,2.10,100.00,a,
416,18,3.10,,a,
417,18,7.50,100.00,a,
418,18,0.00,0.00,i,3.00
419,18,2.70,75.00,d,
420,18,0.00,0.00,u,
421,18,0.50,100.00,a,
422,18,0.00,0.00,i,
423,18,3.70,100.00,a,
424,18,0.00,0.00,i,
425,18,0.00,0.00,u,
426,18,0.30,,a,
427,18,5.90,,a,
428,18,0.00,0.00,u,
429,18,0.50,,a,
430,18,9.90,100.00,a,1.00
431,18,0.00,,a,
432,18,0.00,0.00,u,
433,18,0.00,0.00,u,
434,18,0.00,,a,
435,18,0.00,,a,
436,18,0.00,0.00,i,
437,18,2.50,100.00,a,
438,18,0.00,0.00,n,
439,18,0.00,,a,
440,18,6.20,100.00,a,
441,18,4.30,,a,
442,18,0.00,0.00,i,
443,18,2.00,,a,
444,18,1.00,,a,
445,18,0.00,0.00,u,
446,18,0.20,,a,
447,18,2.50,100.00,a,
448,18,0.20,,a,
449,18,0.00,0.00,i,1.00
450,18,4.50,100.00,a,
451,18,0.00,0.00,u,
452,18,0.00,0.00,n,
453,18,1.80,,a,
454,18,0.00,0.00,u,
455,18,1.80,50.00,d,
456,18,-0.50,100.00,a,
457,18,3.80,100.00,a,
458,18,0.00,0.00,i,
459,18,1.20,,a,
460,18,0.00,0.00,u,
461,18,0.00,,a,
462,18,0.30,,a,
463,18,0.00,,a,
464,18,0.00,0.00,u,
465,18,0.00,0.00,u,
466,18,2.30,100.00,a,
467,18,0.00,,a,
468,18,0.00,0.00,u,
469,18,0.00,100.00,a,
470,18,3.80,100.00,a,
471,18,0.00,,a,
472,18,0.00,0.00,u,
473,18,2.40,100.00,a,
474,18,1.20,100.00,a,4.00
475,18,0.00,25.00,d,
476,18,0.00,0.00,i,
477,18,0.30,25.00,d,
478,18,0.00,25.00,d,
479,18,0.00,25.00,d,
480,18,0.00,25.00,d,
481,18,0.00,,a,
482,18,0.00,100.00,a,
483,18,0.00,,a,
484,18,0.00,0.00,u,
485,18,5.80,100.00,a,2.00
486,18,0.80,75.00,d,
487,18,1.20,,a,
488,18,4.40,,a,
489,18,1.60,,a,
490,18,1.20,100.00,a,
491,18,1.40,100.00,a,
492,18,0.00,0.00,u,
493,18,0.00,0.00,i,
494,18,1.00,100.00,a,
495,18,0.00,0.00,u,
496,18,0.00,0.00,u,
497,18,2.20,100.00,a,
498,18,0.00,0.00,u,
499,18,0.00,0.00,i,
500,18,0.00,25.00,d,
501,18,0.00,,a,
502,18,1.70,100.00,a,
503,18,0.00,0.00,u,
504,18,0.00,0.00,u,
505,18,3.20,,a,
506,18,1.70,100.00,a,
507,18,0.00,0.00,i,
508,18,3.30,,a,
509,18,0.00,0.00,u,
510,18,0.00,,a,
511,18,2.00,,a,
512,18,0.00,0.00,u,
513,18,0.20,,a,
514,18,0.00,0.00,n,
515,18,2.30,100.00,a,2.00
516,18,4.30,100.00,a,
517,18,3.70,,a,4.00
518,18,0.00,0.00,u,
519,18,0.80,100.00,a,
520,18,0.00,0.00,u,
521,18,0.00,0.00,n,
522,18,0.10,25.00,d,
523,18,0.00,0.00,u,
524,18,0.00,0.00,u,
525,18,0.00,0.00,i,1.00
526,18,3.70,,a,3.00
527,18,0.30,100.00,a,
528,18,-0.50,,a,
529,18,-0.50,,a,
530,18,-0.50,,a,
531,18,2.00,50.00,d,
532,18,2.50,,a,
533,18,0.00,0.00,i,
534,18,-0.50,,a,
535,18,-0.10,100.00,a,
536,18,-0.50,100.00,a,
537,18,0.00,0.00,u,
538,18,-0.50,,a,
539,18,-0.70,100.00,a,
540,18,-0.50,,a,
541,18,0.00,0.00,n,
542,18,0.00,0.00,u,
543,18,2.30,,a,
544,18,0.00,0.00,i,1.00
545,18,0.00,0.00,u,
546,18,0.00,0.00,u,
547,18,2.10,100.00,a,2.00
548,18,0.30,100.00,a,
549,18,-0.50,,a,
550,18,-0.50,,a,
551,18,0.50,,a,
552,18,0.00,0.00,n,
553,18,0.00,0.00,n,
554,18,-0.50,,a,
555,18,0.00,0.00,u,
556,18,0.00,0.00,u,
557,18,-0.50,,a,
558,18,-0.50,,a,
559,18,0.00,0.00,u,
560,18,0.30,,a,
561,18,-0.30,,a,3.00
562,18,-0.50,,a,
563,18,0.00,0.00,u,
564,18,0.00,0.00,u,
565,18,3.60,,a,
566,18,0.00,,a,
567,18,0.00,,a,
568,18,2.60,,a,
569,18,4.80,100.00,a,
570,18,2.20,,a,
571,18,0.20,100.00,a,
572,18,0.20,100.00,a,
573,18,2.80,,a,
574,18,0.00,0.00,i,
575,18,3.60,,a,
576,18,0.00,0.00,u,
577,18,0.00,100.00,a,
578,18,0.00,0.00,u,
579,18,0.00,0.00,u,
580,18,1.00,,a,
581,18,0.00,0.00,i,
582,18,3.20,100.00,a,
583,18,0.00,0.00,i,
584,18,1.00,,a,4.00
585,18,3.40,,a,
586,18,1.00,75.00,d,
587,18,0.00,0.00,n,
588,18,0.80,100.00,a,
589,18,0.00,0.00,u,
590,18,0.00,0.00,u,
591,18,3.00,100.00,a,
592,18,0.00,0.00,u,
593,18,0.00,0.00,n,
594,18,0.00,0.00,u,
595,18,0.00,,a,
596,18,0.00,0.00,i,2.00
597,18,3.80,,a,3.00
598,18,0.00,0.00,u,
599,18,0.00,,a,
600,18,2.30,,a,
601,18,0.00,0.00,u,
602,18,0.00,,a,
603,18,0.00,0.00,n,
604,18,0.00,0.00,u,
605,18,1.70,,a,
606,18,2.20,100.00,a,
607,18,0.00,0.00,u,
608,18,0.50,100.00,a,
609,18,1.70,,a,
610,18,0.00,0.00,n,
611,18,0.00,0.00,u,
612,18,1.50,100.00,a,1.00
613,18,1.20,100.00,a,
614,18,0.00,,a,3.00
615,18,1.30,100.00,a,
616,18,0.00,0.00,u,
617,18,0.00,0.00,u,
618,18,0.70,,a,
619,18,0.20,100.00,a,
620,18,0.20,100.00,a,
621,18,0.20,,a,
622,18,0.00,0.00,u,
623,18,2.20,100.00,a,
624,18,4.50,,a,2.00
625,18,0.20,100.00,a,
626,18,0.00,,a,
627,18,0.80,,a,
628,18,0.50,,a,
629,18,0.00,25.00,d,
630,18,0.00,,a,
631,18,0.00,0.00,n,
632,18,1.20,100.00,a,
633,18,0.50,100.00,a,
634,18,0.50,75.00,d,
635,18,0.00,0.00,i,
636,18,1.30,75.00,d,
637,18,0.00,0.00,i,
638,18,0.80,100.00,a,
639,18,0.00,0.00,u,
640,18,0.00,0.00,u,
641,18,0.00,,a,
642,18,0.80,100.00,a,3.00
643,18,0.00,0.00,s,
644,18,0.00,0.00,i,
645,18,0.70,100.00,a,
646,18,2.50,100.00,a,
647,18,0.00,0.00,u,
648,18,0.00,0.00,i,
649,18,0.00,0.00,u,
650,18,0.00,0.00,n,
651,18,0.00,,a,
652,18,0.00,,a,
653,18,0.00,0.00,u,
654,18,1.30,100.00,a,2.00
655,18,0.00,0.00,u,
656,18,0.00,0.00,u,
657,18,0.00,0.00,i,
658,18,0.00,,a,
659,18,0.80,,a,
660,18,5.90,100.00,a,
661,18,7.50,100.00,a,
662,18,0.00,0.00,i,
663,18,1.30,,a,
664,18,0.00,,a,
665,18,1.30,100.00,a,
666,18,2.80,100.00,a,2.00
667,18,0.00,100.00,a,
668,18,3.10,,a,
669,18,0.20,25.00,d,
670,18,4.10,,a,
671,18,1.80,,a,
672,18,0.00,25.00,d,
673,18,1.40,,a,
674,18,1.80,,a,
675,18,0.00,100.00,a,
676,18,3.40,100.00,a,
677,18,0.00,0.00,n,
678,18,0.00,0.00,n,
679,18,0.00,,a,
680,18,2.80,100.00,a,
681,18,1.20,100.00,a,
682,18,1.50,,a,
683,18,3.90,100.00,a,
684,18,1.80,,a,
685,18,2.40,100.00,a,
686,18,0.50,,a,
687,18,0.00,,a,
688,18,-1.00,,a,
689,18,0.00,,a,
690,18,0.00,0.00,i,
691,18,8.50,100.00,a,
692,18,0.00,0.00,i,
693,18,4.20,,a,
694,18,3.30,,a,
695,18,1.20,,a,
696,18,0.30,,a,
697,18,0.80,,a,
698,18,2.10,100.00,a,
699,18,0.50,100.00,a,
700,18,0.00,0.00,i,
701,18,0.00,0.00,u,
702,18,-1.00,,a,
703,18,-1.00,,a,
704,18,0.00,0.00,u,
705,18,0.00,,a,
706,18,0.10,,a,
707,18,1.00,,a,
708,18,4.00,,a,
709,18,0.80,100.00,a,
710,18,-1.00,,a,
711,18,1.00,,a,
712,18,3.00,100.00,a,
713,18,3.60,,a,
714,18,4.40,,a,3.00
715,18,1.50,,a,
716,18,2.30,,a,
717,18,0.00,0.00,s,
718,18,4.00,,a,
719,18,0.50,100.00,a,
720,18,2.70,,a,
721,18,0.00,0.00,i,
722,18,1.40,,a,
723,18,0.30,100.00,a,
724,18,1.50,,a,
725,18,5.50,100.00,a,
726,18,2.00,100.00,a,
727,18,0.00,0.00,n,
728,18,0.40,100.00,a,
729,18,0.00,0.00,u,
730,18,1.10,,a,
731,18,2.20,100.00,a,
732,18,1.30,,a,
733,18,2.80,,a,
734,18,0.20,100.00,a,
735,18,0.00,0.00,n,
736,18,4.90,,a,
737,18,0.40,,a,
738,18,0.00,100.00,a,
739,18,0.70,,a,
740,18,0.50,,a,
741,18,-0.50,100.00,a,
742,18,0.50,,a,
743,18,0.00,,a,
744,18,0.00,,a,
745,18,0.00,,a,
746,18,0.50,,a,
747,18,0.30,,a,
748,18,0.00,0.00,i,
749,18,1.70,,a,
750,18,0.00,,a,
751,18,0.00,,a,
752,18,0.00,,a,
753,18,0.00,,a,
754,18,-1.00,,a,
755,18,0.20,,a,
756,18,0.00,,a,
757,18,-1.00,,a,
758,18,0.40,,a,
759,18,1.00,,a,
760,18,0.50,,a,
761,18,0.00,,a,
762,18,0.50,,a,
763,18,0.50,,a,
764,18,0.50,,a,
765,18,0.00,,a,
766,18,0.00,,a,
767,18,0.00,,a,
768,18,-1.00,,a,
769,18,0.00,,a,
770,18,0.00,,a,
771,18,1.20,,a,
772,18,1.20,,a,
773,18,1.40,,a,
774,18,0.90,,a,
775,18,0.70,,a,
1,19,4.00,,a,
2,19,1.00,,a,
3,19,0.00,0.00,u,
4,19,1.00,,a,
5,19,4.20,100.00,a,
6,19,3.40,100.00,a,
7,19,0.00,0.00,i,
8,19,5.00,100.00,a,
9,19,0.00,0.00,u,
10,19,1.80,,a,
11,19,1.60,100.00,a,
12,19,0.40,100.00,a,
13,19,1.00,,a,
14,19,0.00,0.00,u,
15,19,1.00,,a,
16,19,7.20,100.00,a,1.00
17,19,5.20,100.00,a,3.00
18,19,1.40,100.00,a,
19,19,1.60,100.00,a,
20,19,6.00,100.00,a,4.00
21,19,2.90,50.00,d,
22,19,2.40,,a,
23,19,0.00,0.00,u,
24,19,1.20,100.00,a,
25,19,1.00,,a,
26,19,4.20,100.00,a,
27,19,0.40,100.00,a,
28,19,0.00,0.00,u,
29,19,0.00,0.00,u,
30,19,1.00,100.00,a,
31,19,2.40,100.00,a,
32,19,2.00,100.00,a,
33,19,0.20,,a,
34,19,0.00,0.00,u,
35,19,0.00,0.00,u,
36,19,2.40,100.00,a,
37,19,0.60,100.00,a,
38,19,1.80,100.00,a,
39,19,1.40,,a,
40,19,0.00,25.00,d,
41,19,0.20,25.00,d,
42,19,0.00,100.00,a,
43,19,0.00,0.00,u,
44,19,0.20,100.00,a,
45,19,0.00,,a,
46,19,0.00,0.00,u,
47,19,6.80,100.00,a,
48,19,3.80,100.00,a,
49,19,0.00,0.00,u,
50,19,2.60,100.00,a,2.00
51,19,0.00,0.00,u,
52,19,1.20,100.00,a,
53,19,1.60,,a,1.00
54,19,2.20,,a,
55,19,0.00,0.00,i,
56,19,0.00,0.00,u,
57,19,0.00,0.00,u,
58,19,2.80,100.00,a,
59,19,0.00,0.00,i,
60,19,0.00,,a,
61,19,0.00,0.00,u,
62,19,0.20,,a,
63,19,0.00,,a,
64,19,5.80,100.00,a,3.00
65,19,0.00,0.00,u,
66,19,0.00,0.00,u,
67,19,1.00,,a,
68,19,0.00,0.00,i,
69,19,-1.00,,a,
70,19,0.00,0.00,u,
71,19,0.00,0.00,u,
72,19,2.60,100.00,a,
73,19,0.80,100.00,a,
74,19,2.00,,a,
75,19,-0.20,25.00,d,
76,19,-1.00,,a,
77,19,0.00,,a,
78,19,0.00,0.00,u,
79,19,0.00,0.00,u,
80,19,-0.80,100.00,a,
81,19,2.40,100.00,a,1.00
82,19,5.60,100.00,a,3.00
83,19,0.00,0.00,n,
84,19,3.60,,a,4.00
85,19,0.00,0.00,i,
86,19,2.00,100.00,a,
87,19,0.00,0.00,i,
88,19,0.50,75.00,d,
89,19,0.00,0.00,u,
90,19,2.00,100.00,a,
91,19,0.00,0.00,u,
92,19,0.00,0.00,u,
93,19,0.00,0.00,u,
94,19,0.00,0.00,u,
95,19,0.00,0.00,u,
96,19,0.00,0.00,u,
97,19,1.60,100.00,a,
98,19,-0.40,100.00,a,
99,19,0.00,0.00,u,
100,19,0.40,,a,
101,19,5.60,100.00,a,
102,19,0.00,,a,
103,19,0.00,,a,
104,19,0.00,,a,
105,19,0.00,,a,
106,19,5.60,,a,
107,19,7.20,,a,
108,19,2.60,100.00,a,
109,19,3.60,,a,
110,19,3.80,,a,
111,19,0.00,100.00,a,
112,19,0.00,0.00,u,
113,19,2.40,100.00,a,
114,19,0.00,100.00,a,
115,19,0.00,0.00,u,
116,19,1.60,100.00,a,
117,19,0.00,0.00,u,
118,19,0.00,0.00,u,
119,19,0.00,0.00,n,
120,19,5.40,100.00,a,3.00
121,19,2.20,,a,
122,19,0.00,0.00,i,
123,19,0.00,0.00,i,4.00
124,19,3.20,100.00,a,
125,19,4.40,100.00,a,
126,19,1.80,,a,
127,19,0.00,100.00,a,
128,19,0.00,0.00,n,
129,19,3.40,100.00,a,
130,19,0.00,,a,
131,19,0.00,,a,
132,19,0.00,100.00,a,
133,19,0.00,,a,
134,19,0.00,0.00,u,
135,19,1.80,100.00,a,
136,19,2.60,100.00,a,2.00
137,19,0.00,0.00,u,
138,19,0.00,,a,
139,19,3.40,,a,
140,19,0.00,,a,
141,19,0.00,0.00,u,
142,19,0.00,0.00,u,
143,19,1.80,,a,
144,19,1.40,,a,
145,19,3.00,100.00,a,
146,19,0.60,100.00,a,
147,19,0.00,0.00,u,
148,19,2.60,,a,
149,19,0.00,100.00,a,
150,19,0.00,0.00,u,
151,19,1.80,100.00,a,
152,19,2.20,100.00,a,
153,19,0.00,0.00,i,
154,19,0.00,0.00,u,
155,19,0.00,0.00,u,
156,19,0.00,,a,
157,19,0.60,100.00,a,
158,19,2.80,100.00,a,
159,19,0.00,25.00,d,
160,19,2.00,75.00,d,
161,19,0.00,0.00,u,
162,19,1.40,100.00,a,
163,19,1.80,100.00,a,
164,19,0.00,0.00,u,
165,19,0.00,0.00,u,
166,19,2.60,100.00,a,
167,19,0.00,0.00,n,
168,19,-0.50,100.00,a,
169,19,2.80,100.00,a,
170,19,0.60,100.00,a,1.00
171,19,0.00,0.00,u,
172,19,0.40,100.00,a,
173,19,0.00,0.00,i,
174,19,0.00,0.00,u,
175,19,0.00,,a,
176,19,0.00,0.00,u,
177,19,0.00,0.00,u,
178,19,1.40,100.00,a,2.00
179,19,0.00,0.00,u,
180,19,0.00,0.00,i,
181,19,0.80,,a,
182,19,0.50,,a,
183,19,0.00,,a,
184,19,0.00,0.00,u,
185,19,0.00,,a,
186,19,0.00,0.00,i,
187,19,1.60,100.00,a,
188,19,0.00,,a,
189,19,0.00,0.00,u,
190,19,3.60,,a,
191,19,0.00,0.00,i,
192,19,0.80,,a,
193,19,2.00,100.00,a,
194,19,0.00,0.00,i,
195,19,1.20,100.00,a,
196,19,0.00,0.00,u,
197,19,1.60,,a,
198,19,0.00,0.00,n,
199,19,0.10,25.00,d,
200,19,1.00,100.00,a,
201,19,0.00,0.00,u,
202,19,2.20,100.00,a,3.00
203,19,0.00,,a,
204,19,0.00,0.00,u,
205,19,0.00,0.00,i,
206,19,2.20,,a,
207,19,0.00,0.00,n,
208,19,0.00,0.00,u,
209,19,3.80,,a,
210,19,0.60,,a,
211,19,0.00,0.00,u,
212,19,0.00,0.00,u,
213,19,0.00,,a,
214,19,0.80,,a,
215,19,0.40,25.00,d,1.00
216,19,0.00,0.00,i,
217,19,0.00,0.00,n,
218,19,0.20,,a,2.00
219,19,0.00,0.00,u,
220,19,4.50,,a,
221,19,-0.50,,a,
222,19,0.00,0.00,u,
223,19,-0.50,,a,
224,19,1.90,75.00,d,
225,19,4.70,100.00,a,
226,19,4.30,100.00,a,
227,19,0.00,0.00,i,
228,19,4.70,100.00,a,
229,19,-0.30,100.00,a,
230,19,3.90,100.00,a,
231,19,0.00,0.00,u,
232,19,-0.50,100.00,a,
233,19,-0.50,100.00,a,
234,19,0.00,0.00,u,
235,19,3.70,100.00,a,1.00
236,19,2.10,100.00,a,
237,19,2.90,100.00,a,2.00
238,19,1.10,100.00,a,3.00
239,19,0.10,,a,
240,19,0.00,0.00,u,
241,19,0.00,0.00,s,
242,19,0.00,0.00,i,
243,19,-0.50,,a,
244,19,0.00,0.00,i,
245,19,0.00,0.00,s,
246,19,-0.10,100.00,a,
247,19,0.00,0.00,i,
248,19,0.00,0.00,u,
249,19,3.10,,a,
250,19,0.10,100.00,a,
251,19,0.00,0.00,u,
252,19,-0.50,100.00,a,
253,19,2.00,,a,
254,19,0.00,100.00,a,
255,19,0.00,,a,
256,19,0.00,0.00,i,
257,19,1.80,,a,
258,19,1.80,,a,
259,19,0.40,100.00,a,
260,19,2.80,100.00,a,
261,19,0.30,25.00,d,
262,19,0.00,25.00,d,
263,19,2.40,,a,
264,19,0.00,0.00,u,
265,19,0.00,0.00,i,
266,19,1.40,,a,
267,19,0.00,0.00,n,
268,19,0.00,0.00,i,
269,19,0.40,,a,
270,19,0.60,75.00,d,
271,19,0.00,0.00,i,
272,19,1.00,,a,
273,19,4.00,100.00,a,
274,19,0.00,,a,
275,19,0.00,,a,
276,19,2.20,100.00,a,
277,19,0.00,0.00,u,
278,19,0.00,0.00,u,
279,19,0.00,0.00,u,
280,19,0.00,0.00,u,
281,19,0.00,,a,
282,19,0.00,0.00,u,
283,19,3.40,100.00,a,2.00
284,19,0.70,25.00,d,
285,19,0.00,0.00,u,
286,19,0.00,,a,
287,19,5.20,,a,
288,19,0.00,,a,
289,19,0.00,,a,
290,19,0.00,0.00,i,
291,19,6.00,,a,
292,19,4.20,100.00,a,
293,19,5.00,,a,
294,19,0.00,0.00,i,
295,19,3.60,75.00,d,
296,19,1.80,100.00,a,
297,19,0.00,,a,
298,19,0.00,,a,
299,19,0.00,0.00,n,1.00
300,19,2.80,,a,
301,19,0.00,0.00,i,
302,19,0.00,0.00,n,
303,19,6.40,,a,
304,19,2.80,100.00,a,
305,19,0.00,100.00,a,
306,19,0.00,,a,
307,19,0.00,,a,
308,19,0.00,0.00,u,
309,19,0.00,0.00,u,
310,19,3.20,,a,
311,19,1.20,,a,2.00
312,19,0.00,0.00,u,
313,19,0.00,0.00,u,
314,19,3.50,,a,
315,19,0.00,0.00,u,
316,19,4.10,100.00,a,
317,19,3.10,100.00,a,
318,19,0.00,0.00,n,
319,19,0.10,,a,
320,19,-0.10,,a,
321,19,2.90,,a,
322,19,0.90,25.00,d,
323,19,-0.50,,a,
324,19,0.00,0.00,n,
325,19,2.90,100.00,a,
326,19,0.30,,a,
327,19,0.00,0.00,u,
328,19,0.00,0.00,i,
329,19,6.10,100.00,a,3.00
330,19,1.70,,a,
331,19,1.30,100.00,a,
332,19,2.70,100.00,a,
333,19,0.00,0.00,u,
334,19,0.00,0.00,u,
335,19,0.00,25.00,d,
336,19,-0.30,,a,
337,19,4.10,100.00,a,1.00
338,19,0.00,0.00,i,
339,19,0.00,,a,
340,19,0.00,,a,
341,19,0.00,,a,
342,19,2.20,100.00,a,
343,19,3.60,100.00,a,3.00
344,19,3.40,100.00,a,
345,19,1.40,100.00,a,
346,19,0.00,,a,
347,19,2.80,100.00,a,
348,19,0.00,0.00,i,
349,19,0.00,0.00,u,
350,19,3.80,,a,
351,19,2.00,100.00,a,
352,19,0.20,100.00,a,
353,19,0.00,0.00,i,
354,19,0.00,0.00,s,
355,19,0.00,0.00,u,
356,19,1.80,,a,
357,19,0.00,0.00,u,
358,19,2.20,100.00,a,
359,19,0.00,0.00,u,
360,19,0.00,0.00,u,
361,19,0.00,0.00,u,
362,19,0.40,100.00,a,2.00
363,19,0.00,0.00,u,
364,19,0.00,0.00,u,
365,19,0.60,100.00,a,1.00
366,19,4.50,100.00,a,
367,19,0.50,,a,
368,19,0.50,,a,
369,19,0.50,,a,
370,19,3.50,100.00,a,
371,19,3.10,,a,
372,19,2.10,,a,
373,19,4.10,,a,
374,19,4.50,100.00,a,
375,19,3.10,100.00,a,
376,19,0.60,50.00,d,
377,19,0.00,0.00,u,
378,19,0.50,100.00,a,
379,19,0.50,,a,
380,19,0.50,,a,
381,19,0.00,0.00,n,1.00
382,19,6.30,100.00,a,
383,19,0.00,0.00,u,
384,19,1.30,100.00,a,2.00
385,19,1.50,100.00,a,
386,19,2.10,100.00,a,3.00
387,19,3.50,100.00,a,
388,19,3.50,100.00,a,
389,19,0.00,100.00,a,
390,19,6.10,100.00,a,
391,19,0.00,0.00,i,
392,19,0.00,0.00,i,
393,19,0.00,0.00,i,
394,19,0.00,0.00,u,
395,19,0.00,0.00,u,
396,19,0.90,,a,
397,19,0.00,0.00,u,
398,19,0.00,0.00,i,
399,19,0.00,0.00,u,
400,19,0.50,,a,
401,19,0.50,100.00,a,
402,19,0.00,0.00,n,
403,19,7.50,100.00,a,
404,19,0.00,0.00,u,
405,19,2.50,,a,
406,19,0.70,100.00,a,
407,19,8.50,,a,4.00
408,19,7.90,,a,
409,19,0.10,25.00,d,
410,19,1.10,100.00,a,
411,19,4.50,100.00,a,
412,19,0.00,0.00,u,
413,19,0.00,0.00,n,2.00
414,19,6.70,100.00,a,
415,19,0.50,25.00,d,
416,19,3.30,,a,
417,19,8.50,100.00,a,
418,19,1.30,100.00,a,3.00
419,19,1.60,100.00,a,
420,19,0.00,0.00,u,
421,19,0.70,100.00,a,
422,19,0.00,0.00,i,
423,19,2.60,75.00,d,
424,19,0.10,25.00,d,
425,19,0.00,0.00,u,
426,19,0.20,,a,
427,19,4.70,,a,
428,19,0.00,0.00,u,
429,19,0.50,,a,
430,19,7.50,100.00,a,1.00
431,19,0.00,,a,
432,19,0.00,0.00,u,
433,19,0.00,0.00,u,
434,19,0.00,,a,
435,19,0.00,,a,
436,19,0.00,25.00,d,
437,19,2.70,100.00,a,
438,19,0.00,0.00,n,
439,19,0.00,,a,
440,19,6.20,100.00,a,
441,19,4.50,,a,
442,19,0.00,25.00,d,
443,19,2.20,,a,
444,19,1.00,,a,
445,19,0.00,0.00,u,
446,19,0.20,,a,
447,19,2.80,100.00,a,
448,19,0.20,,a,
449,19,1.50,25.00,d,1.00
450,19,4.80,100.00,a,
451,19,0.00,0.00,u,
452,19,0.00,0.00,n,
453,19,2.10,,a,
454,19,0.00,0.00,u,
455,19,0.60,25.00,d,
456,19,0.80,100.00,a,
457,19,4.20,100.00,a,
458,19,0.10,25.00,d,
459,19,1.50,,a,
460,19,0.00,0.00,u,
461,19,0.00,,a,
462,19,0.50,,a,
463,19,0.00,,a,
464,19,0.00,0.00,u,
465,19,0.00,0.00,u,
466,19,2.20,100.00,a,
467,19,0.00,,a,
468,19,0.00,0.00,u,
469,19,0.40,100.00,a,
470,19,3.80,100.00,a,
471,19,0.00,,a,
472,19,0.00,0.00,u,
473,19,2.00,75.00,d,
474,19,1.80,100.00,a,4.00
475,19,0.00,75.00,d,
476,19,0.00,0.00,i,
477,19,0.30,50.00,d,
478,19,0.00,50.00,d,
479,19,0.00,0.00,i,
480,19,0.00,25.00,d,
481,19,0.00,,a,
482,19,0.00,100.00,a,
483,19,0.00,,a,
484,19,0.00,0.00,u,
485,19,5.60,100.00,a,2.00
486,19,0.60,75.00,d,
487,19,1.00,,a,
488,19,5.00,,a,
489,19,1.20,,a,
490,19,2.00,100.00,a,
491,19,1.60,100.00,a,
492,19,0.00,0.00,u,
493,19,0.00,0.00,i,
494,19,1.20,100.00,a,
495,19,0.00,0.00,u,
496,19,0.00,0.00,u,
497,19,2.60,100.00,a,
498,19,0.00,0.00,u,
499,19,0.00,0.00,i,
500,19,0.00,0.00,i,
501,19,0.00,,a,
502,19,0.40,100.00,a,
503,19,0.00,0.00,u,
504,19,0.00,0.00,u,
505,19,2.60,,a,
506,19,2.20,100.00,a,
507,19,0.00,100.00,a,
508,19,2.40,,a,
509,19,0.00,0.00,u,
510,19,0.00,,a,
511,19,0.40,,a,
512,19,0.00,0.00,u,
513,19,0.20,,a,
514,19,0.00,0.00,n,
515,19,2.20,100.00,a,2.00
516,19,5.20,100.00,a,
517,19,3.60,,a,4.00
518,19,0.00,0.00,u,
519,19,0.80,100.00,a,
520,19,0.00,0.00,u,
521,19,0.00,0.00,n,
522,19,0.10,25.00,d,
523,19,0.00,0.00,u,
524,19,0.00,0.00,u,
525,19,0.00,0.00,i,1.00
526,19,2.60,,a,3.00
527,19,0.60,100.00,a,
528,19,0.00,,a,
529,19,0.00,,a,
530,19,0.00,,a,
531,19,0.90,25.00,d,
532,19,3.80,,a,
533,19,0.00,0.00,i,
534,19,0.00,,a,
535,19,2.00,100.00,a,
536,19,0.00,100.00,a,
537,19,0.00,0.00,u,
538,19,0.00,,a,
539,19,-0.40,100.00,a,
540,19,0.00,,a,
541,19,0.00,0.00,n,
542,19,0.00,0.00,u,
543,19,3.20,,a,
544,19,0.00,0.00,i,1.00
545,19,0.00,0.00,u,
546,19,0.00,0.00,u,
547,19,2.60,100.00,a,2.00
548,19,1.00,100.00,a,
549,19,0.00,,a,
550,19,0.00,,a,
551,19,1.00,,a,
552,19,0.00,0.00,n,
553,19,0.00,0.00,n,
554,19,0.00,,a,
555,19,0.00,0.00,u,
556,19,0.00,0.00,u,
557,19,0.00,,a,
558,19,0.00,,a,
559,19,0.00,0.00,u,
560,19,0.80,,a,
561,19,0.60,,a,3.00
562,19,0.00,,a,
563,19,0.00,0.00,u,
564,19,0.00,0.00,u,
565,19,4.20,,a,
566,19,0.00,,a,
567,19,0.00,,a,
568,19,4.40,,a,
569,19,3.20,100.00,a,
570,19,1.60,,a,
571,19,0.20,100.00,a,
572,19,0.20,100.00,a,
573,19,4.00,,a,
574,19,0.00,0.00,i,
575,19,4.80,,a,
576,19,0.00,0.00,u,
577,19,0.00,0.00,u,
578,19,0.00,0.00,u,
579,19,0.00,0.00,u,
580,19,0.60,,a,
581,19,0.00,0.00,i,
582,19,2.40,100.00,a,
583,19,0.00,0.00,i,
584,19,0.40,,a,4.00
585,19,3.80,,a,
586,19,0.80,75.00,d,
587,19,0.00,0.00,n,
588,19,1.20,100.00,a,
589,19,0.00,0.00,u,
590,19,0.00,0.00,u,
591,19,3.40,100.00,a,
592,19,0.00,0.00,u,
593,19,0.00,0.00,n,
594,19,0.00,0.00,u,
595,19,0.00,,a,
596,19,0.00,0.00,i,2.00
597,19,4.20,,a,3.00
598,19,0.00,0.00,u,
599,19,0.00,,a,
600,19,2.30,,a,
601,19,0.00,0.00,u,
602,19,0.00,,a,
603,19,0.00,0.00,n,
604,19,0.00,0.00,u,
605,19,1.70,,a,
606,19,1.80,100.00,a,
607,19,0.00,0.00,u,
608,19,1.00,100.00,a,
609,19,1.30,75.00,d,
610,19,0.00,0.00,n,
611,19,0.00,0.00,u,
612,19,3.80,100.00,a,1.00
613,19,1.20,100.00,a,
614,19,0.00,,a,3.00
615,19,1.50,100.00,a,
616,19,0.00,0.00,u,
617,19,0.00,0.00,u,
618,19,0.70,,a,
619,19,0.00,100.00,a,
620,19,0.20,100.00,a,
621,19,0.20,,a,
622,19,0.00,0.00,u,
623,19,2.20,100.00,a,
624,19,5.30,,a,2.00
625,19,0.00,0.00,u,
626,19,0.00,,a,
627,19,0.00,,a,
628,19,1.40,,a,
629,19,0.00,25.00,d,
630,19,0.00,,a,
631,19,0.00,0.00,n,
632,19,1.80,100.00,a,
633,19,1.40,100.00,a,
634,19,1.20,100.00,a,
635,19,0.00,0.00,i,
636,19,1.50,75.00,d,
637,19,0.00,0.00,i,
638,19,0.80,100.00,a,
639,19,0.00,0.00,u,
640,19,0.00,0.00,u,
641,19,0.00,,a,
642,19,1.20,100.00,a,3.00
643,19,2.20,100.00,a,
644,19,0.00,0.00,i,
645,19,1.00,100.00,a,
646,19,2.80,100.00,a,
647,19,0.00,0.00,u,
648,19,0.00,0.00,i,
649,19,0.00,0.00,u,
650,19,0.00,75.00,d,
651,19,0.00,,a,
652,19,0.00,,a,
653,19,0.00,0.00,u,
654,19,0.80,100.00,a,2.00
655,19,0.00,0.00,u,
656,19,0.00,0.00,u,
657,19,0.00,0.00,i,
658,19,0.00,,a,
659,19,1.00,,a,
660,19,6.20,100.00,a,
661,19,8.90,100.00,a,
662,19,0.00,0.00,i,
663,19,1.80,,a,
664,19,-0.50,,a,
665,19,3.40,100.00,a,
666,19,3.40,100.00,a,2.00
667,19,0.00,100.00,a,
668,19,3.80,,a,
669,19,0.20,50.00,d,
670,19,5.40,,a,
671,19,2.30,,a,
672,19,-0.10,25.00,d,
673,19,1.80,,a,
674,19,1.60,,a,
675,19,0.00,100.00,a,
676,19,4.00,100.00,a,
677,19,0.00,0.00,n,
678,19,0.00,0.00,n,
679,19,0.00,,a,
680,19,4.00,100.00,a,
681,19,1.50,100.00,a,
682,19,1.40,,a,
683,19,5.20,100.00,a,
684,19,2.40,,a,
685,19,0.60,100.00,a,
686,19,0.70,,a,
687,19,-1.00,,a,
688,19,0.00,,a,
689,19,0.00,,a,
690,19,0.00,0.00,i,
691,19,7.40,100.00,a,
692,19,0.00,0.00,i,
693,19,4.00,,a,
694,19,6.00,,a,
695,19,0.80,,a,
696,19,0.20,,a,
697,19,-0.20,,a,
698,19,2.00,100.00,a,
699,19,0.60,100.00,a,
700,19,0.00,0.00,i,
701,19,0.00,0.00,u,
702,19,0.00,,a,
703,19,0.00,,a,
704,19,0.00,0.00,u,
705,19,0.00,,a,
706,19,1.60,,a,
707,19,2.00,,a,
708,19,4.20,,a,
709,19,2.60,100.00,a,
710,19,0.00,,a,
711,19,1.00,,a,
712,19,3.00,100.00,a,
713,19,2.40,,a,
714,19,3.60,,a,3.00
715,19,2.00,,a,
716,19,1.40,,a,
717,19,0.00,0.00,s,
718,19,4.20,,a,
719,19,1.80,100.00,a,
720,19,3.20,,a,
721,19,0.00,0.00,i,
722,19,1.60,,a,
723,19,0.40,100.00,a,
724,19,3.00,,a,
725,19,5.00,100.00,a,
726,19,1.80,100.00,a,
727,19,0.00,0.00,n,
728,19,1.40,100.00,a,
729,19,0.00,0.00,u,
730,19,1.00,75.00,d,
731,19,1.90,100.00,a,
732,19,1.60,,a,
733,19,3.00,,a,
734,19,0.40,100.00,a,
735,19,0.00,0.00,n,
736,19,6.30,,a,
737,19,-0.30,,a,
738,19,0.00,100.00,a,
739,19,0.70,,a,
740,19,0.50,,a,
741,19,0.00,100.00,a,
742,19,0.50,,a,
743,19,-0.50,,a,
744,19,0.00,,a,
745,19,0.00,,a,
746,19,0.50,,a,
747,19,0.50,,a,
748,19,0.00,0.00,i,
749,19,2.00,,a,
750,19,0.00,,a,
751,19,0.00,,a,
752,19,0.00,,a,
753,19,0.00,,a,
754,19,0.20,,a,
755,19,0.20,,a,
756,19,-1.00,,a,
757,19,0.00,,a,
758,19,0.50,,a,
759,19,1.00,,a,
760,19,0.50,,a,
761,19,0.00,,a,
762,19,0.30,,a,
763,19,0.50,,a,
764,19,0.50,,a,
765,19,0.00,,a,
766,19,0.00,,a,
767,19,0.00,,a,
768,19,0.00,,a,
769,19,0.30,,a,
770,19,-0.50,,a,
771,19,0.00,,a,
772,19,0.00,,a,
773,19,0.00,,a,
774,19,0.00,,a,
775,19,0.00,,a,
776,19,1.20,,a,
777,19,1.20,,a,
778,19,1.20,,a,
779,19,1.20,,a,
780,19,1.20,,a,
1,20,3.30,,a,
2,20,0.50,,a,
3,20,0.00,0.00,u,
4,20,0.50,,a,
5,20,5.50,100.00,a,
6,20,3.10,100.00,a,
7,20,0.00,0.00,i,
8,20,4.50,100.00,a,
9,20,0.00,0.00,u,
10,20,1.10,,a,
11,20,0.90,100.00,a,
12,20,0.40,100.00,a,
13,20,0.50,,a,
14,20,0.00,0.00,u,
15,20,0.50,,a,
16,20,6.70,100.00,a,1.00
17,20,5.70,100.00,a,3.00
18,20,1.10,100.00,a,
19,20,1.90,100.00,a,
20,20,4.50,100.00,a,4.00
21,20,7.50,100.00,a,
22,20,1.90,,a,
23,20,0.00,0.00,u,
24,20,0.70,100.00,a,
25,20,0.50,,a,
26,20,3.90,100.00,a,
27,20,0.40,100.00,a,
28,20,0.00,0.00,u,
29,20,0.00,0.00,u,
30,20,0.50,100.00,a,
31,20,2.10,100.00,a,
32,20,1.80,100.00,a,
33,20,0.20,,a,
34,20,0.00,0.00,u,
35,20,0.00,0.00,u,
36,20,1.60,100.00,a,
37,20,0.80,100.00,a,
38,20,1.80,100.00,a,
39,20,1.40,,a,
40,20,0.00,25.00,d,
41,20,0.00,25.00,d,
42,20,0.20,100.00,a,
43,20,0.00,0.00,u,
44,20,0.00,100.00,a,
45,20,0.00,,a,
46,20,0.00,0.00,u,
47,20,7.40,100.00,a,
48,20,4.80,100.00,a,
49,20,0.00,0.00,u,
50,20,1.80,100.00,a,2.00
51,20,0.00,0.00,u,
52,20,1.20,100.00,a,
53,20,1.60,,a,1.00
54,20,4.80,,a,
55,20,0.00,0.00,i,
56,20,0.00,0.00,u,
57,20,0.00,0.00,u,
58,20,1.60,100.00,a,
59,20,0.00,0.00,i,
60,20,0.00,,a,
61,20,0.00,0.00,u,
62,20,0.20,,a,
63,20,0.00,,a,
64,20,6.80,100.00,a,3.00
65,20,0.00,0.00,u,
66,20,0.00,0.00,u,
67,20,0.80,,a,
68,20,0.00,0.00,i,
69,20,0.00,,a,
70,20,0.00,0.00,u,
71,20,0.00,0.00,u,
72,20,2.20,100.00,a,
73,20,0.60,100.00,a,
74,20,2.00,,a,
75,20,0.00,25.00,d,
76,20,0.00,,a,
77,20,1.40,,a,
78,20,0.00,0.00,u,
79,20,0.00,0.00,u,
80,20,0.20,100.00,a,
81,20,3.20,100.00,a,1.00
82,20,6.20,100.00,a,3.00
83,20,0.00,0.00,n,
84,20,4.00,,a,4.00
85,20,0.00,0.00,i,
86,20,3.20,100.00,a,
87,20,0.00,0.00,i,
88,20,2.40,100.00,a,
89,20,0.00,0.00,u,
90,20,2.40,100.00,a,
91,20,0.00,0.00,u,
92,20,0.00,0.00,u,
93,20,0.00,0.00,u,
94,20,0.00,0.00,u,
95,20,0.00,0.00,u,
96,20,0.00,0.00,u,
97,20,3.60,100.00,a,
98,20,0.60,100.00,a,
99,20,0.00,0.00,u,
100,20,2.40,,a,
101,20,5.60,100.00,a,
102,20,0.00,,a,
103,20,0.00,,a,
104,20,0.00,,a,
105,20,0.00,,a,
106,20,7.00,,a,
107,20,7.00,,a,
108,20,3.40,100.00,a,
109,20,3.60,,a,
110,20,3.80,,a,
111,20,0.00,100.00,a,
112,20,0.00,0.00,u,
113,20,2.20,100.00,a,
114,20,0.00,100.00,a,
115,20,0.00,0.00,u,
116,20,1.80,100.00,a,
117,20,0.00,0.00,u,
118,20,0.00,0.00,u,
119,20,0.00,0.00,n,
120,20,6.40,100.00,a,3.00
121,20,2.60,,a,
122,20,0.00,0.00,i,
123,20,0.00,0.00,i,4.00
124,20,2.60,100.00,a,
125,20,6.40,100.00,a,
126,20,2.20,,a,
127,20,0.00,100.00,a,
128,20,0.00,0.00,n,
129,20,3.80,100.00,a,
130,20,0.00,,a,
131,20,0.00,,a,
132,20,0.00,100.00,a,
133,20,0.20,,a,
134,20,0.00,0.00,u,
135,20,2.00,100.00,a,
136,20,5.60,100.00,a,2.00
137,20,0.00,0.00,u,
138,20,-0.50,,a,
139,20,3.50,,a,
140,20,-0.50,,a,
141,20,0.00,0.00,u,
142,20,0.00,0.00,u,
143,20,1.00,,a,
144,20,0.70,,a,
145,20,2.20,100.00,a,
146,20,1.00,100.00,a,
147,20,0.00,0.00,u,
148,20,3.20,,a,
149,20,0.00,100.00,a,
150,20,0.00,0.00,u,
151,20,2.00,100.00,a,
152,20,2.30,100.00,a,
153,20,0.00,0.00,i,
154,20,0.00,0.00,u,
155,20,0.00,0.00,u,
156,20,-0.50,,a,
157,20,0.50,100.00,a,
158,20,3.20,100.00,a,
159,20,-0.10,25.00,d,
160,20,1.30,75.00,d,
161,20,0.00,0.00,u,
162,20,1.20,100.00,a,
163,20,1.00,100.00,a,
164,20,0.00,0.00,u,
165,20,0.00,0.00,u,
166,20,3.70,100.00,a,
167,20,0.00,0.00,n,
168,20,0.00,100.00,a,
169,20,2.30,100.00,a,
170,20,0.20,100.00,a,1.00
171,20,0.00,0.00,u,
172,20,0.00,100.00,a,
173,20,0.00,0.00,i,
174,20,0.00,0.00,u,
175,20,-0.50,,a,
176,20,0.00,0.00,u,
177,20,0.00,0.00,u,
178,20,0.80,100.00,a,2.00
179,20,0.00,0.00,u,
180,20,0.00,0.00,i,
181,20,1.00,,a,
182,20,0.50,,a,
183,20,0.00,,a,
184,20,0.00,0.00,u,
185,20,0.00,,a,
186,20,0.00,0.00,i,
187,20,1.60,100.00,a,
188,20,0.00,,a,
189,20,0.00,0.00,u,
190,20,3.60,,a,
191,20,0.00,0.00,i,
192,20,0.80,,a,
193,20,2.40,100.00,a,
194,20,0.00,0.00,i,
195,20,2.00,100.00,a,
196,20,0.00,0.00,u,
197,20,1.80,,a,
198,20,0.00,0.00,n,
199,20,0.10,25.00,d,
200,20,1.20,100.00,a,
201,20,0.00,0.00,u,
202,20,2.00,100.00,a,3.00
203,20,0.00,,a,
204,20,0.00,0.00,u,
205,20,0.00,0.00,i,
206,20,2.20,,a,
207,20,0.00,0.00,n,
208,20,0.00,0.00,u,
209,20,4.00,,a,
210,20,0.80,,a,
211,20,0.00,0.00,u,
212,20,0.00,0.00,u,
213,20,0.20,,a,
214,20,0.80,,a,
215,20,0.10,25.00,d,1.00
216,20,0.00,0.00,i,
217,20,0.00,0.00,n,
218,20,0.20,,a,2.00
219,20,0.00,0.00,u,
220,20,2.20,75.00,d,
221,20,0.40,,a,
222,20,0.00,0.00,u,
223,20,0.00,,a,
224,20,1.40,75.00,d,
225,20,4.20,100.00,a,
226,20,3.40,100.00,a,
227,20,0.00,0.00,i,
228,20,4.20,100.00,a,
229,20,0.60,100.00,a,
230,20,2.00,75.00,d,
231,20,0.00,0.00,u,
232,20,0.00,100.00,a,
233,20,0.40,100.00,a,
234,20,0.00,0.00,u,
235,20,4.40,100.00,a,1.00
236,20,2.60,100.00,a,
237,20,5.00,100.00,a,2.00
238,20,1.60,100.00,a,3.00
239,20,0.60,,a,
240,20,0.00,0.00,u,
241,20,1.40,100.00,a,
242,20,0.00,0.00,i,
243,20,0.00,,a,
244,20,0.00,0.00,i,
245,20,0.00,0.00,s,
246,20,0.60,100.00,a,
247,20,0.00,0.00,i,
248,20,0.00,0.00,u,
249,20,3.80,,a,
250,20,0.40,100.00,a,
251,20,0.00,0.00,u,
252,20,0.00,100.00,a,
253,20,2.00,,a,
254,20,0.00,100.00,a,
255,20,0.00,,a,
256,20,0.00,0.00,i,
257,20,2.00,,a,
258,20,1.80,,a,
259,20,0.30,100.00,a,
260,20,2.70,100.00,a,
261,20,0.30,25.00,d,
262,20,0.00,25.00,d,
263,20,1.70,75.00,d,
264,20,0.00,0.00,u,
265,20,0.00,0.00,i,
266,20,0.70,,a,
267,20,0.00,0.00,n,
268,20,0.00,0.00,i,
269,20,0.50,,a,
270,20,1.00,100.00,a,
271,20,0.00,0.00,i,
272,20,0.80,75.00,d,
273,20,4.00,100.00,a,
274,20,0.00,,a,
275,20,0.00,,a,
276,20,2.00,100.00,a,
277,20,0.00,0.00,u,
278,20,0.00,0.00,u,
279,20,0.00,0.00,u,
280,20,0.00,0.00,u,
281,20,0.20,,a,
282,20,0.00,0.00,u,
283,20,3.20,100.00,a,2.00
284,20,0.60,25.00,d,
285,20,0.00,0.00,u,
286,20,0.00,,a,
287,20,4.20,,a,
288,20,0.00,,a,
289,20,0.00,,a,
290,20,0.00,0.00,i,
291,20,4.60,,a,
292,20,3.20,100.00,a,
293,20,3.40,,a,
294,20,0.00,0.00,i,
295,20,3.00,100.00,a,
296,20,1.80,100.00,a,
297,20,0.00,,a,
298,20,0.00,,a,
299,20,0.00,0.00,n,1.00
300,20,2.80,,a,
301,20,0.00,0.00,i,
302,20,0.00,0.00,n,
303,20,6.60,,a,
304,20,3.60,100.00,a,
305,20,0.20,100.00,a,
306,20,0.00,,a,
307,20,0.00,,a,
308,20,0.00,0.00,u,
309,20,0.00,0.00,u,
310,20,3.40,,a,
311,20,2.00,,a,2.00
312,20,0.00,0.00,u,
313,20,0.00,0.00,u,
314,20,3.50,,a,
315,20,0.00,0.00,u,
316,20,4.00,100.00,a,
317,20,3.50,100.00,a,
318,20,0.00,0.00,n,
319,20,0.70,,a,
320,20,0.50,,a,
321,20,3.30,,a,
322,20,0.90,25.00,d,
323,20,0.00,,a,
324,20,0.00,0.00,n,
325,20,3.20,100.00,a,
326,20,0.80,,a,
327,20,0.00,0.00,u,
328,20,0.00,0.00,i,
329,20,6.50,100.00,a,3.00
330,20,2.00,,a,
331,20,1.80,100.00,a,
332,20,3.00,100.00,a,
333,20,0.00,0.00,u,
334,20,0.00,0.00,u,
335,20,0.10,25.00,d,
336,20,1.50,,a,
337,20,4.70,100.00,a,1.00
338,20,0.00,0.00,i,
339,20,0.00,,a,
340,20,0.00,,a,
341,20,0.00,,a,
342,20,1.10,50.00,d,
343,20,5.20,100.00,a,3.00
344,20,4.00,100.00,a,
345,20,1.60,100.00,a,
346,20,0.00,,a,
347,20,3.20,100.00,a,
348,20,0.50,50.00,d,
349,20,0.00,0.00,u,
350,20,4.40,,a,
351,20,1.40,100.00,a,
352,20,0.20,100.00,a,
353,20,0.00,0.00,i,
354,20,4.40,100.00,a,
355,20,0.00,0.00,u,
356,20,1.80,,a,
357,20,0.00,0.00,u,
358,20,1.20,100.00,a,
359,20,0.00,0.00,u,
360,20,0.00,0.00,u,
361,20,0.00,0.00,u,
362,20,0.40,100.00,a,2.00
363,20,0.00,0.00,u,
364,20,0.00,0.00,u,
365,20,0.80,100.00,a,1.00
366,20,3.50,100.00,a,
367,20,-0.50,,a,
368,20,-0.50,,a,
369,20,-0.50,,a,
370,20,3.30,100.00,a,
371,20,2.10,,a,
372,20,1.10,,a,
373,20,2.90,,a,
374,20,3.50,100.00,a,
375,20,2.70,100.00,a,
376,20,0.50,100.00,a,
377,20,0.00,0.00,u,
378,20,-0.50,100.00,a,
379,20,-0.50,,a,
380,20,-0.50,,a,
381,20,0.00,0.00,n,1.00
382,20,6.70,100.00,a,
383,20,0.00,0.00,u,
384,20,1.10,100.00,a,2.00
385,20,0.70,100.00,a,
386,20,1.30,100.00,a,3.00
387,20,1.30,100.00,a,
388,20,2.50,100.00,a,
389,20,0.00,100.00,a,
390,20,4.50,100.00,a,
391,20,0.00,0.00,i,
392,20,0.00,0.00,i,
393,20,0.00,0.00,i,
394,20,0.00,0.00,u,
395,20,0.00,0.00,u,
396,20,-0.10,,a,
397,20,0.00,0.00,u,
398,20,0.00,0.00,i,
399,20,0.00,0.00,u,
400,20,0.50,,a,
401,20,0.50,100.00,a,
402,20,0.00,0.00,n,
403,20,0.00,0.00,i,
404,20,0.00,0.00,u,
405,20,2.50,,a,
406,20,0.90,100.00,a,
407,20,7.50,,a,4.00
408,20,3.00,50.00,d,
409,20,0.10,25.00,d,
410,20,0.90,100.00,a,
411,20,3.70,100.00,a,
412,20,0.00,0.00,u,
413,20,0.00,0.00,n,2.00
414,20,4.70,100.00,a,
415,20,0.50,25.00,d,
416,20,2.90,,a,
417,20,6.90,100.00,a,
418,20,0.90,100.00,a,3.00
419,20,3.00,100.00,a,
420,20,0.00,0.00,u,
421,20,1.70,100.00,a,
422,20,0.00,0.00,i,
423,20,2.20,75.00,d,
424,20,0.10,25.00,d,
425,20,0.00,0.00,u,
426,20,0.20,,a,
427,20,6.50,,a,
428,20,0.00,0.00,u,
429,20,0.50,,a,
430,20,7.50,100.00,a,1.00
431,20,0.00,,a,
432,20,0.00,0.00,u,
433,20,0.00,0.00,u,
434,20,0.00,,a,
435,20,0.00,,a,
436,20,0.00,25.00,d,
437,20,3.20,100.00,a,
438,20,0.00,0.00,n,
439,20,0.00,,a,
440,20,4.00,100.00,a,
441,20,4.50,,a,
442,20,0.00,25.00,d,
443,20,2.30,,a,
444,20,1.20,,a,
445,20,0.00,0.00,u,
446,20,0.20,,a,
447,20,3.50,100.00,a,
448,20,0.20,,a,
449,20,2.60,50.00,d,1.00
450,20,5.80,100.00,a,
451,20,0.00,0.00,u,
452,20,0.00,0.00,n,
453,20,2.00,,a,
454,20,0.00,0.00,u,
455,20,1.00,50.00,d,
456,20,0.80,100.00,a,
457,20,4.00,100.00,a,
458,20,0.10,25.00,d,
459,20,2.00,,a,
460,20,0.00,0.00,u,
461,20,0.00,,a,
462,20,0.50,,a,
463,20,0.00,,a,
464,20,0.00,0.00,u,
465,20,0.00,0.00,u,
466,20,2.50,100.00,a,
467,20,0.00,,a,
468,20,0.00,0.00,u,
469,20,1.60,100.00,a,
470,20,3.40,100.00,a,
471,20,0.00,,a,
472,20,0.00,0.00,u,
473,20,3.60,100.00,a,
474,20,3.00,100.00,a,4.00
475,20,0.00,100.00,a,
476,20,0.00,0.00,i,
477,20,0.60,100.00,a,
478,20,0.00,100.00,a,
479,20,0.00,0.00,i,
480,20,0.00,25.00,d,
481,20,0.00,,a,
482,20,0.00,100.00,a,
483,20,0.00,,a,
484,20,0.00,0.00,u,
485,20,4.00,100.00,a,2.00
486,20,0.30,75.00,d,
487,20,1.20,,a,
488,20,5.00,,a,
489,20,1.40,75.00,d,
490,20,2.80,100.00,a,
491,20,2.00,100.00,a,
492,20,0.00,0.00,u,
493,20,0.00,100.00,a,
494,20,0.80,100.00,a,
495,20,0.00,0.00,u,
496,20,0.00,0.00,u,
497,20,3.80,100.00,a,
498,20,0.00,0.00,u,
499,20,0.00,0.00,i,
500,20,0.00,0.00,i,
501,20,0.00,,a,
502,20,0.20,100.00,a,
503,20,0.00,0.00,u,
504,20,0.00,0.00,u,
505,20,3.20,,a,
506,20,2.80,100.00,a,
507,20,0.20,100.00,a,
508,20,2.40,,a,
509,20,0.00,0.00,u,
510,20,0.00,,a,
511,20,0.00,,a,
512,20,0.00,0.00,u,
513,20,0.00,,a,
514,20,0.00,0.00,n,
515,20,3.40,100.00,a,2.00
516,20,3.80,75.00,d,
517,20,3.60,,a,4.00
518,20,0.00,0.00,u,
519,20,1.40,100.00,a,
520,20,0.00,0.00,u,
521,20,0.00,0.00,n,
522,20,0.00,25.00,d,
523,20,0.00,0.00,u,
524,20,0.00,0.00,u,
525,20,0.00,0.00,i,1.00
526,20,2.60,,a,3.00
527,20,0.60,100.00,a,
528,20,0.00,,a,
529,20,0.00,,a,
530,20,0.00,,a,
531,20,3.60,100.00,a,
532,20,4.00,,a,
533,20,0.00,0.00,i,
534,20,0.00,,a,
535,20,2.00,100.00,a,
536,20,0.00,100.00,a,
537,20,0.00,0.00,u,
538,20,0.00,,a,
539,20,0.00,100.00,a,
540,20,0.00,,a,
541,20,0.00,0.00,n,
542,20,0.00,0.00,u,
543,20,3.40,,a,
544,20,0.00,0.00,i,1.00
545,20,0.00,0.00,u,
546,20,0.00,0.00,u,
547,20,3.00,100.00,a,2.00
548,20,1.00,100.00,a,
549,20,0.00,,a,
550,20,0.00,,a,
551,20,1.20,,a,
552,20,0.00,0.00,n,
553,20,0.00,0.00,n,
554,20,0.00,,a,
555,20,0.00,0.00,u,
556,20,0.00,0.00,u,
557,20,0.00,,a,
558,20,0.00,,a,
559,20,0.00,0.00,u,
560,20,0.40,75.00,d,
561,20,1.00,,a,3.00
562,20,0.00,,a,
563,20,0.00,0.00,u,
564,20,0.00,0.00,u,
565,20,3.40,,a,
566,20,0.00,,a,
567,20,0.00,,a,
568,20,4.20,,a,
569,20,2.40,100.00,a,
570,20,1.40,,a,
571,20,2.00,100.00,a,
572,20,0.20,100.00,a,
573,20,3.00,,a,
574,20,0.00,75.00,d,
575,20,5.00,,a,
576,20,0.00,0.00,u,
577,20,0.00,0.00,u,
578,20,0.00,0.00,u,
579,20,0.00,0.00,u,
580,20,0.80,,a,
581,20,0.00,0.00,i,
582,20,0.50,25.00,d,
583,20,0.00,0.00,i,
584,20,0.80,,a,4.00
585,20,3.40,,a,
586,20,1.20,100.00,a,
587,20,0.00,0.00,n,
588,20,1.60,100.00,a,
589,20,0.00,0.00,u,
590,20,0.00,0.00,u,
591,20,3.60,100.00,a,
592,20,0.00,0.00,u,
593,20,0.00,0.00,n,
594,20,0.00,0.00,u,
595,20,0.00,,a,
596,20,0.00,0.00,i,2.00
597,20,3.00,,a,3.00
598,20,0.00,0.00,u,
599,20,0.20,,a,
600,20,2.20,,a,
601,20,0.00,0.00,u,
602,20,0.00,,a,
603,20,0.00,0.00,n,
604,20,0.00,0.00,u,
605,20,1.70,,a,
606,20,1.30,100.00,a,
607,20,0.00,0.00,u,
608,20,1.20,100.00,a,
609,20,0.80,75.00,d,
610,20,0.00,0.00,n,
611,20,0.00,0.00,u,
612,20,2.80,75.00,d,1.00
613,20,1.00,100.00,a,
614,20,0.00,,a,3.00
615,20,1.80,100.00,a,
616,20,0.00,0.00,u,
617,20,0.00,0.00,u,
618,20,0.70,,a,
619,20,0.00,100.00,a,
620,20,0.20,100.00,a,
621,20,0.00,,a,
622,20,0.00,0.00,u,
623,20,2.00,100.00,a,
624,20,5.20,,a,2.00
625,20,0.00,0.00,u,
626,20,0.00,,a,
627,20,0.00,,a,
628,20,2.20,,a,
629,20,0.00,25.00,d,
630,20,0.00,,a,
631,20,0.00,0.00,n,
632,20,1.50,100.00,a,
633,20,3.00,100.00,a,
634,20,2.00,100.00,a,
635,20,0.00,0.00,i,
636,20,2.70,100.00,a,
637,20,0.00,0.00,i,
638,20,0.70,100.00,a,
639,20,0.00,0.00,u,
640,20,0.00,0.00,u,
641,20,0.00,,a,
642,20,2.10,75.00,d,3.00
643,20,2.00,100.00,a,
644,20,0.00,0.00,i,
645,20,0.80,100.00,a,
646,20,1.90,75.00,d,
647,20,0.00,0.00,u,
648,20,0.00,0.00,i,
649,20,0.00,0.00,u,
650,20,0.20,100.00,a,
651,20,0.00,,a,
652,20,0.00,,a,
653,20,0.00,0.00,u,
654,20,0.80,100.00,a,2.00
655,20,0.00,0.00,u,
656,20,0.00,0.00,u,
657,20,0.00,0.00,i,
658,20,0.00,,a,
659,20,1.50,,a,
660,20,4.60,100.00,a,
661,20,4.00,75.00,d,
662,20,0.00,0.00,i,
663,20,3.00,,a,
664,20,0.00,,a,
665,20,3.40,100.00,a,
666,20,3.10,100.00,a,2.00
667,20,0.00,100.00,a,
668,20,4.20,,a,
669,20,0.10,50.00,d,
670,20,5.80,,a,
671,20,2.30,,a,
672,20,0.20,100.00,a,
673,20,1.60,,a,
674,20,1.20,,a,
675,20,0.00,100.00,a,
676,20,3.80,100.00,a,
677,20,0.00,0.00,n,
678,20,0.00,0.00,n,
679,20,0.00,,a,
680,20,4.00,100.00,a,
681,20,1.80,100.00,a,
682,20,1.30,,a,
683,20,5.20,100.00,a,
684,20,5.40,,a,
685,20,0.40,100.00,a,
686,20,-0.30,,a,
687,20,0.00,,a,
688,20,0.00,,a,
689,20,0.00,,a,
690,20,0.00,0.00,i,
691,20,6.60,100.00,a,
692,20,0.00,0.00,i,
693,20,4.00,,a,
694,20,6.60,,a,
695,20,1.50,,a,
696,20,0.40,,a,
697,20,0.60,,a,
698,20,2.00,100.00,a,
699,20,0.80,100.00,a,
700,20,0.00,0.00,i,
701,20,0.00,0.00,u,
702,20,0.00,,a,
703,20,0.00,,a,
704,20,0.00,0.00,u,
705,20,0.00,,a,
706,20,2.40,,a,
707,20,2.00,,a,
708,20,3.80,,a,
709,20,3.20,100.00,a,
710,20,0.00,,a,
711,20,0.50,,a,
712,20,2.80,100.00,a,
713,20,2.40,,a,
714,20,3.40,,a,3.00
715,20,1.70,75.00,d,
716,20,1.80,,a,
717,20,0.40,100.00,a,
718,20,2.50,,a,
719,20,2.00,100.00,a,
720,20,3.00,,a,
721,20,0.00,0.00,i,
722,20,1.80,,a,
723,20,0.70,100.00,a,
724,20,3.20,,a,
725,20,4.10,100.00,a,
726,20,1.80,100.00,a,
727,20,0.00,0.00,n,
728,20,1.60,100.00,a,
729,20,0.00,0.00,u,
730,20,3.00,100.00,a,
731,20,2.70,100.00,a,
732,20,1.50,,a,
733,20,3.00,,a,
734,20,1.20,100.00,a,
735,20,0.00,0.00,n,
736,20,5.50,,a,
737,20,0.30,,a,
738,20,0.00,25.00,d,
739,20,0.70,,a,
740,20,0.50,,a,
741,20,0.00,100.00,a,
742,20,0.50,,a,
743,20,0.00,,a,
744,20,-0.50,,a,
745,20,0.00,,a,
746,20,-0.50,,a,
747,20,0.70,,a,
748,20,0.00,0.00,i,
749,20,3.70,,a,
750,20,0.00,,a,
751,20,0.00,,a,
752,20,0.00,,a,
753,20,0.00,,a,
754,20,0.20,,a,
755,20,0.20,,a,
756,20,0.00,,a,
757,20,0.00,,a,
758,20,0.30,,a,
759,20,0.50,,a,
760,20,-0.50,,a,
761,20,-0.50,,a,
762,20,0.50,,a,
763,20,0.50,,a,
764,20,0.50,,a,
765,20,0.00,,a,
766,20,0.00,,a,
767,20,0.00,,a,
768,20,0.00,,a,
769,20,0.20,,a,
770,20,0.00,,a,
771,20,0.00,,a,
772,20,0.00,,a,
773,20,0.00,,a,
774,20,0.00,,a,
775,20,0.00,,a,
776,20,0.00,,a,
777,20,0.00,,a,
778,20,0.00,,a,
779,20,0.00,,a,
780,20,0.00,,a,
781,20,1.40,,a,
782,20,1.30,,a,
783,20,1.60,,a,
784,20,1.20,,a,
785,20,1.90,,a,
786,20,1.30,,a,
787,20,1.20,,a,
788,20,1.40,,a,
789,20,1.30,,a,
790,20,1.20,,a,
1,21,4.60,,a,
2,21,1.00,,a,
3,21,0.00,0.00,u,
4,21,1.00,,a,
5,21,7.20,100.00,a,
6,21,4.60,100.00,a,
7,21,0.00,0.00,i,
8,21,5.80,100.00,a,
9,21,0.00,0.00,u,
10,21,1.60,,a,
11,21,1.20,100.00,a,
12,21,0.00,0.00,n,
13,21,1.00,,a,
14,21,0.00,0.00,u,
15,21,1.00,,a,
16,21,5.60,100.00,a,1.00
17,21,6.60,100.00,a,3.00
18,21,1.80,100.00,a,
19,21,2.20,100.00,a,
20,21,5.20,100.00,a,4.00
21,21,8.20,100.00,a,
22,21,2.20,,a,
23,21,0.00,0.00,u,
24,21,1.20,100.00,a,
25,21,1.00,,a,
26,21,5.20,100.00,a,
27,21,0.60,100.00,a,
28,21,0.00,0.00,u,
29,21,0.00,0.00,u,
30,21,1.00,100.00,a,
31,21,2.60,100.00,a,
32,21,1.50,75.00,d,
33,21,0.40,,a,
34,21,0.00,0.00,u,
35,21,0.00,0.00,u,
36,21,2.80,100.00,a,
37,21,2.40,100.00,a,
38,21,3.00,100.00,a,
39,21,1.40,,a,
40,21,0.00,100.00,a,
41,21,0.00,100.00,a,
42,21,0.20,100.00,a,
43,21,0.00,0.00,u,
44,21,0.20,100.00,a,
45,21,0.00,,a,
46,21,0.00,0.00,u,
47,21,5.00,100.00,a,
48,21,4.20,100.00,a,
49,21,0.00,0.00,u,
50,21,1.80,100.00,a,2.00
51,21,0.00,0.00,u,
52,21,1.40,100.00,a,
53,21,0.00,0.00,u,1.00
54,21,5.00,,a,
55,21,0.00,0.00,i,
56,21,0.00,0.00,u,
57,21,0.00,0.00,u,
58,21,0.00,0.00,i,
59,21,0.00,0.00,i,
60,21,0.00,,a,
61,21,0.00,0.00,u,
62,21,0.20,,a,
63,21,0.00,,a,
64,21,6.20,100.00,a,3.00
65,21,0.00,0.00,u,
66,21,0.00,0.00,u,
67,21,0.80,,a,
68,21,0.00,0.00,i,
69,21,0.00,,a,
70,21,0.00,0.00,u,
71,21,0.00,0.00,u,
72,21,3.20,100.00,a,
73,21,0.20,100.00,a,
74,21,2.20,,a,
75,21,0.00,25.00,d,
76,21,0.00,,a,
77,21,1.80,,a,
78,21,0.00,0.00,u,
79,21,0.00,0.00,u,
80,21,0.20,100.00,a,
81,21,0.00,0.00,i,1.00
82,21,6.70,100.00,a,
83,21,0.00,100.00,a,
84,21,2.60,,a,4.00
85,21,0.00,0.00,i,
86,21,2.80,75.00,d,
87,21,0.20,75.00,d,
88,21,3.00,100.00,a,
89,21,0.00,0.00,u,
90,21,2.80,100.00,a,
91,21,0.00,0.00,u,
92,21,0.00,100.00,a,
93,21,0.00,0.00,u,
94,21,0.00,0.00,u,
95,21,0.00,0.00,u,
96,21,0.00,0.00,u,
97,21,3.60,100.00,a,
98,21,0.00,0.00,i,
99,21,0.00,0.00,u,
100,21,2.80,,a,
101,21,7.60,100.00,a,
102,21,0.00,,a,
103,21,0.00,0.00,u,
104,21,0.00,,a,
105,21,0.00,,a,
106,21,8.80,,a,
107,21,7.00,,a,
108,21,4.40,100.00,a,
109,21,4.00,,a,
110,21,4.00,,a,
111,21,0.00,100.00,a,
112,21,0.00,0.00,u,
113,21,1.40,100.00,a,
114,21,0.00,100.00,a,
115,21,0.00,0.00,u,
116,21,0.80,100.00,a,
117,21,0.00,0.00,u,
118,21,0.00,0.00,u,
119,21,-0.50,100.00,a,
120,21,7.60,100.00,a,3.00
121,21,2.60,,a,
122,21,0.00,0.00,i,
123,21,0.00,0.00,i,4.00
124,21,0.80,75.00,d,
125,21,7.20,100.00,a,
126,21,2.20,,a,5.00
127,21,0.00,100.00,a,
128,21,0.00,0.00,n,
129,21,5.20,100.00,a,
130,21,0.00,,a,
131,21,0.00,0.00,u,
132,21,0.00,100.00,a,
133,21,0.00,0.00,u,
134,21,0.00,0.00,u,
135,21,2.00,100.00,a,
136,21,7.60,100.00,a,2.00
137,21,0.00,0.00,u,
138,21,0.00,,a,
139,21,4.60,,a,
140,21,0.00,,a,
141,21,0.00,0.00,u,
142,21,0.00,0.00,u,
143,21,1.60,,a,
144,21,1.40,,a,
145,21,1.80,100.00,a,
146,21,2.20,100.00,a,
147,21,0.00,0.00,u,
148,21,4.40,,a,
149,21,0.00,100.00,a,
150,21,0.00,0.00,u,
151,21,2.40,100.00,a,
152,21,3.40,100.00,a,
153,21,0.00,0.00,i,
154,21,0.00,0.00,u,
155,21,0.00,0.00,u,
156,21,0.00,,a,
157,21,2.60,100.00,a,
158,21,2.80,100.00,a,
159,21,0.00,25.00,d,
160,21,1.60,100.00,a,
161,21,0.00,0.00,u,
162,21,1.60,100.00,a,
163,21,2.20,100.00,a,
164,21,0.00,0.00,u,
165,21,0.00,0.00,u,
166,21,5.80,100.00,a,
167,21,0.00,100.00,a,
168,21,0.00,100.00,a,
169,21,3.20,100.00,a,
170,21,0.80,100.00,a,1.00
171,21,0.00,0.00,u,
172,21,0.60,100.00,a,
173,21,0.00,0.00,i,
174,21,0.00,0.00,u,
175,21,0.00,,a,
176,21,0.00,0.00,u,
177,21,0.00,0.00,u,
178,21,1.20,100.00,a,2.00
179,21,0.00,0.00,u,
180,21,0.00,0.00,i,
181,21,1.40,,a,
182,21,0.50,,a,
183,21,-0.50,,a,
184,21,0.00,0.00,u,
185,21,-0.50,,a,
186,21,0.00,0.00,i,
187,21,1.30,100.00,a,
188,21,0.00,0.00,u,
189,21,0.00,0.00,u,
190,21,2.90,,a,
191,21,0.10,100.00,a,
192,21,-0.50,,a,
193,21,3.10,100.00,a,
194,21,0.00,0.00,i,
195,21,1.70,100.00,a,
196,21,0.00,0.00,u,
197,21,0.10,,a,
198,21,-0.50,100.00,a,
199,21,-0.10,75.00,d,
200,21,1.70,100.00,a,
201,21,0.00,0.00,u,
202,21,1.10,100.00,a,3.00
203,21,-0.50,,a,
204,21,0.00,0.00,u,
205,21,0.00,0.00,i,
206,21,2.50,,a,
207,21,-0.50,100.00,a,
208,21,0.00,0.00,u,
209,21,4.30,,a,
210,21,0.30,,a,
211,21,0.00,0.00,u,
212,21,0.00,0.00,u,
213,21,-0.30,,a,
214,21,0.00,0.00,i,
215,21,0.00,0.00,i,1.00
216,21,0.00,0.00,i,
217,21,-0.50,100.00,a,
218,21,-0.30,,a,2.00
219,21,0.00,0.00,u,
220,21,2.20,100.00,a,
221,21,0.40,,a,
222,21,0.00,0.00,u,
223,21,0.00,,a,
224,21,0.00,100.00,a,
225,21,2.40,75.00,d,
226,21,2.20,100.00,a,
227,21,0.00,0.00,i,
228,21,0.80,75.00,d,
229,21,0.60,100.00,a,
230,21,0.80,100.00,a,
231,21,0.00,0.00,u,
232,21,0.00,100.00,a,
233,21,0.60,100.00,a,
234,21,0.00,0.00,u,
235,21,2.50,75.00,d,1.00
236,21,2.40,100.00,a,
237,21,4.60,100.00,a,2.00
238,21,1.40,100.00,a,3.00
239,21,0.30,75.00,d,
240,21,0.00,0.00,u,
241,21,2.20,100.00,a,
242,21,0.00,0.00,i,
243,21,0.00,,a,
244,21,0.00,0.00,i,
245,21,0.00,0.00,s,
246,21,0.60,100.00,a,
247,21,0.00,100.00,a,
248,21,0.00,0.00,u,
249,21,3.60,,a,
250,21,1.40,75.00,d,
251,21,0.00,0.00,u,
252,21,0.00,100.00,a,
253,21,3.00,,a,
254,21,0.00,100.00,a,
255,21,0.00,,a,
256,21,0.00,0.00,i,
257,21,3.40,,a,
258,21,2.60,,a,
259,21,0.60,100.00,a,
260,21,2.60,100.00,a,
261,21,0.40,100.00,a,
262,21,0.00,100.00,a,
263,21,0.50,25.00,d,
264,21,0.00,0.00,u,
265,21,0.00,0.00,i,
266,21,1.20,,a,
267,21,0.00,0.00,n,
268,21,0.00,0.00,i,
269,21,0.00,0.00,u,
270,21,1.60,100.00,a,
271,21,0.00,0.00,i,
272,21,1.00,100.00,a,
273,21,2.80,100.00,a,
274,21,0.00,,a,
275,21,0.00,0.00,u,
276,21,2.80,100.00,a,
277,21,0.00,0.00,u,
278,21,0.00,100.00,a,
279,21,0.00,0.00,u,
280,21,0.00,0.00,u,
281,21,0.20,,a,
282,21,0.00,0.00,u,
283,21,3.40,100.00,a,2.00
284,21,0.00,0.00,i,
285,21,0.00,0.00,u,
286,21,0.00,,a,
287,21,4.40,,a,
288,21,0.00,,a,
289,21,0.00,,a,
290,21,0.00,25.00,d,
291,21,5.20,,a,
292,21,3.40,100.00,a,
293,21,3.60,,a,
294,21,0.00,25.00,d,
295,21,0.00,0.00,s,
296,21,2.00,100.00,a,
297,21,0.00,,a,
298,21,0.00,,a,
299,21,0.00,0.00,n,1.00
300,21,3.20,,a,
301,21,0.00,0.00,i,
302,21,0.00,0.00,n,
303,21,7.00,,a,
304,21,0.00,0.00,i,
305,21,1.00,100.00,a,
306,21,0.00,,a,
307,21,0.00,,a,
308,21,0.00,0.00,u,
309,21,0.00,0.00,u,
310,21,3.40,,a,
311,21,2.00,,a,2.00
312,21,0.00,0.00,u,
313,21,0.00,0.00,u,
314,21,3.80,,a,
315,21,0.00,100.00,a,
316,21,4.60,100.00,a,
317,21,4.00,100.00,a,
318,21,0.00,0.00,n,
319,21,0.60,,a,
320,21,1.00,,a,
321,21,4.00,,a,
322,21,0.00,0.00,i,
323,21,0.00,,a,
324,21,0.00,0.00,n,
325,21,2.80,100.00,a,
326,21,0.80,,a,
327,21,0.00,0.00,u,
328,21,0.20,100.00,a,
329,21,4.80,100.00,a,3.00
330,21,3.60,,a,
331,21,2.40,100.00,a,
332,21,3.40,100.00,a,
333,21,0.00,0.00,u,
334,21,0.00,0.00,u,
335,21,0.20,75.00,d,
336,21,2.00,,a,
337,21,5.20,100.00,a,1.00
338,21,0.00,0.00,i,
339,21,0.00,,a,
340,21,0.00,,a,
341,21,0.00,,a,
342,21,1.80,100.00,a,
343,21,4.80,100.00,a,3.00
344,21,4.20,100.00,a,
345,21,1.80,100.00,a,
346,21,0.00,,a,
347,21,2.80,100.00,a,
348,21,0.80,100.00,a,
349,21,0.00,0.00,u,
350,21,7.00,,a,
351,21,0.80,100.00,a,
352,21,0.00,100.00,a,
353,21,0.00,0.00,i,
354,21,4.60,100.00,a,
355,21,0.00,0.00,u,
356,21,3.20,,a,
357,21,0.00,0.00,u,
358,21,1.00,100.00,a,
359,21,0.00,0.00,u,
360,21,0.00,0.00,u,
361,21,0.00,0.00,u,
362,21,0.40,100.00,a,2.00
363,21,0.00,0.00,u,
364,21,0.00,0.00,u,
365,21,1.00,100.00,a,1.00
366,21,5.10,100.00,a,
367,21,0.50,,a,
368,21,0.50,,a,
369,21,0.50,,a,
370,21,5.50,100.00,a,
371,21,3.50,,a,
372,21,1.90,,a,
373,21,3.90,,a,
374,21,4.10,100.00,a,
375,21,0.00,0.00,i,
376,21,0.90,100.00,a,
377,21,0.00,0.00,u,
378,21,0.50,100.00,a,
379,21,0.50,,a,
380,21,0.50,,a,
381,21,0.00,0.00,n,1.00
382,21,7.30,100.00,a,
383,21,0.00,0.00,u,
384,21,2.70,100.00,a,2.00
385,21,1.50,100.00,a,
386,21,2.10,100.00,a,3.00
387,21,2.30,100.00,a,
388,21,2.90,100.00,a,
389,21,0.00,100.00,a,
390,21,5.10,100.00,a,
391,21,0.00,0.00,i,
392,21,0.50,100.00,a,
393,21,0.00,0.00,i,
394,21,0.00,0.00,u,
395,21,0.00,0.00,u,
396,21,0.90,,a,
397,21,0.00,0.00,u,
398,21,0.00,0.00,i,
399,21,0.00,0.00,u,
400,21,0.50,,a,
401,21,0.50,100.00,a,
402,21,0.50,100.00,a,
403,21,0.00,0.00,i,
404,21,0.00,0.00,u,
405,21,2.90,,a,
406,21,1.30,100.00,a,
407,21,5.70,,a,4.00
408,21,0.00,0.00,i,
409,21,0.00,0.00,i,
410,21,0.90,100.00,a,
411,21,2.70,100.00,a,
412,21,0.00,0.00,u,
413,21,0.00,0.00,n,2.00
414,21,2.90,100.00,a,
415,21,0.00,0.00,i,
416,21,2.70,,a,
417,21,5.90,100.00,a,
418,21,2.50,100.00,a,3.00
419,21,2.40,100.00,a,
420,21,0.00,0.00,u,
421,21,1.90,100.00,a,
422,21,0.00,0.00,i,
423,21,2.00,75.00,d,
424,21,0.00,0.00,i,
425,21,0.00,0.00,u,
426,21,-0.80,,a,
427,21,6.30,,a,
428,21,0.00,0.00,u,
429,21,0.50,,a,
430,21,6.10,100.00,a,1.00
431,21,-0.50,,a,
432,21,0.00,0.00,u,
433,21,0.00,0.00,u,
434,21,-0.50,,a,
435,21,-0.50,,a,
436,21,0.00,0.00,i,
437,21,3.10,100.00,a,
438,21,0.00,0.00,n,
439,21,-0.50,,a,
440,21,3.10,100.00,a,
441,21,5.50,,a,
442,21,-0.50,100.00,a,
443,21,2.10,,a,
444,21,0.70,,a,
445,21,0.00,0.00,u,
446,21,-0.30,,a,
447,21,2.90,100.00,a,
448,21,-0.30,,a,
449,21,1.10,100.00,a,1.00
450,21,4.30,100.00,a,
451,21,0.00,0.00,u,
452,21,-0.50,100.00,a,
453,21,1.40,,a,
454,21,0.00,0.00,u,
455,21,0.30,100.00,a,
456,21,1.40,100.00,a,
457,21,3.50,100.00,a,
458,21,-0.30,100.00,a,
459,21,2.30,,a,
460,21,0.00,0.00,u,
461,21,-0.50,,a,
462,21,0.10,,a,
463,21,-0.50,,a,
464,21,0.00,0.00,u,
465,21,0.00,0.00,u,
466,21,2.50,100.00,a,
467,21,-0.50,,a,
468,21,0.00,0.00,u,
469,21,2.00,100.00,a,
470,21,3.30,100.00,a,
471,21,0.00,,a,
472,21,0.00,0.00,u,
473,21,3.60,100.00,a,
474,21,0.00,0.00,i,4.00
475,21,0.80,100.00,a,
476,21,0.00,0.00,i,
477,21,0.00,0.00,i,
478,21,0.00,100.00,a,
479,21,0.00,0.00,i,
480,21,0.00,25.00,d,
481,21,0.00,,a,
482,21,0.00,0.00,u,
483,21,0.00,,a,
484,21,0.00,0.00,u,
485,21,4.00,100.00,a,2.00
486,21,0.20,100.00,a,
487,21,4.00,,a,
488,21,7.00,,a,
489,21,0.50,25.00,d,
490,21,4.40,100.00,a,
491,21,2.20,100.00,a,
492,21,0.00,0.00,u,
493,21,0.00,100.00,a,
494,21,0.80,100.00,a,
495,21,0.00,0.00,u,
496,21,0.00,0.00,u,
497,21,4.20,100.00,a,
498,21,0.00,0.00,u,
499,21,0.00,0.00,i,
500,21,0.00,0.00,i,
501,21,0.00,,a,
502,21,-0.20,100.00,a,
503,21,0.00,0.00,u,
504,21,0.00,0.00,u,
505,21,1.00,,a,
506,21,1.00,100.00,a,
507,21,-0.40,100.00,a,
508,21,0.80,,a,
509,21,0.00,0.00,u,
510,21,-1.00,,a,
511,21,-0.80,,a,
512,21,0.00,0.00,u,
513,21,-1.00,,a,
514,21,-1.00,100.00,a,
515,21,3.60,100.00,a,2.00
516,21,0.60,100.00,a,
517,21,3.40,,a,4.00
518,21,0.00,0.00,u,
519,21,2.40,100.00,a,
520,21,0.00,0.00,u,
521,21,-1.00,100.00,a,
522,21,-0.80,75.00,d,
523,21,0.00,0.00,u,
524,21,0.00,0.00,u,
525,21,0.00,0.00,i,1.00
526,21,1.60,,a,3.00
527,21,-0.40,100.00,a,
528,21,0.00,,a,
529,21,0.00,,a,
530,21,0.00,,a,
531,21,2.20,100.00,a,
532,21,3.80,,a,
533,21,0.00,0.00,i,
534,21,0.00,100.00,a,
535,21,2.20,100.00,a,
536,21,0.00,100.00,a,
537,21,0.00,0.00,u,
538,21,0.00,0.00,u,
539,21,0.20,100.00,a,
540,21,0.00,0.00,u,
541,21,0.00,100.00,a,
542,21,0.00,0.00,u,
543,21,3.60,,a,
544,21,0.00,0.00,n,1.00
545,21,0.00,0.00,u,
546,21,0.00,0.00,u,
547,21,2.60,100.00,a,2.00
548,21,1.00,100.00,a,
549,21,0.20,,a,
550,21,0.00,,a,
551,21,1.40,,a,
552,21,0.00,100.00,a,
553,21,0.00,0.00,n,
554,21,0.00,,a,
555,21,0.00,0.00,u,
556,21,0.00,0.00,u,
557,21,0.00,,a,
558,21,0.00,0.00,u,
559,21,0.00,0.00,u,
560,21,0.60,100.00,a,
561,21,1.20,,a,3.00
562,21,0.00,,a,
563,21,0.00,0.00,u,
564,21,0.00,0.00,u,
565,21,3.20,,a,
566,21,0.00,,a,
567,21,0.00,,a,
568,21,4.20,,a,
569,21,2.80,100.00,a,
570,21,1.40,,a,
571,21,1.80,100.00,a,
572,21,0.20,100.00,a,
573,21,3.20,,a,
574,21,0.00,100.00,a,
575,21,4.80,,a,
576,21,0.00,0.00,u,
577,21,0.00,0.00,u,
578,21,0.00,0.00,u,
579,21,0.00,0.00,u,
580,21,1.00,,a,
581,21,0.00,0.00,i,
582,21,0.00,0.00,i,
583,21,0.00,0.00,i,
584,21,2.60,,a,4.00
585,21,0.00,0.00,i,
586,21,1.00,75.00,d,
587,21,0.00,100.00,a,
588,21,1.80,100.00,a,
589,21,0.00,0.00,u,
590,21,0.00,0.00,u,
591,21,3.80,100.00,a,
592,21,0.00,0.00,u,
593,21,0.00,0.00,n,
594,21,0.00,0.00,u,
595,21,0.00,,a,
596,21,0.00,100.00,a,2.00
597,21,0.00,0.00,i,3.00
598,21,0.00,0.00,u,
599,21,0.20,,a,
600,21,2.20,,a,
601,21,0.00,0.00,u,
602,21,0.00,0.00,u,
603,21,0.00,0.00,n,
604,21,0.00,0.00,u,
605,21,1.20,,a,
606,21,0.80,75.00,d,
607,21,0.00,0.00,u,
608,21,2.20,100.00,a,
609,21,1.00,100.00,a,
610,21,0.00,100.00,a,
611,21,0.00,0.00,u,
612,21,3.00,75.00,d,1.00
613,21,2.00,100.00,a,
614,21,0.00,,a,3.00
615,21,2.00,100.00,a,
616,21,0.00,0.00,u,
617,21,0.00,0.00,u,
618,21,0.20,,a,
619,21,0.00,0.00,u,
620,21,0.00,0.00,u,
621,21,0.00,,a,
622,21,0.00,0.00,u,
623,21,1.60,100.00,a,
624,21,3.20,,a,2.00
625,21,0.00,0.00,u,
626,21,0.00,0.00,u,
627,21,0.00,,a,
628,21,2.80,,a,
629,21,0.00,100.00,a,
630,21,0.00,,a,
631,21,0.00,100.00,a,
632,21,0.80,100.00,a,
633,21,3.80,100.00,a,
634,21,3.20,100.00,a,
635,21,0.00,100.00,a,
636,21,3.60,100.00,a,
637,21,0.00,0.00,i,
638,21,0.00,0.00,u,
639,21,0.00,0.00,u,
640,21,0.20,100.00,a,
641,21,0.00,0.00,u,
642,21,3.40,100.00,a,3.00
643,21,1.40,100.00,a,
644,21,0.00,0.00,i,
645,21,0.60,100.00,a,
646,21,2.80,100.00,a,
647,21,0.00,0.00,u,
648,21,0.00,0.00,u,
649,21,0.00,0.00,u,
650,21,0.20,75.00,d,
651,21,0.00,,a,
652,21,0.00,,a,
653,21,0.00,0.00,u,
654,21,1.20,100.00,a,2.00
655,21,0.00,0.00,u,
656,21,0.00,0.00,u,
657,21,0.00,0.00,i,
658,21,0.00,,a,
659,21,1.80,,a,
660,21,4.60,100.00,a,
661,21,3.70,100.00,a,
662,21,0.00,0.00,i,
663,21,3.20,,a,
664,21,0.00,,a,
665,21,3.20,100.00,a,
666,21,3.60,100.00,a,2.00
667,21,0.00,100.00,a,
668,21,4.00,,a,
669,21,-1.00,100.00,a,
670,21,4.40,,a,
671,21,1.80,,a,
672,21,0.40,100.00,a,
673,21,3.20,,a,
674,21,0.80,,a,
675,21,-1.00,100.00,a,
676,21,2.30,100.00,a,
677,21,0.20,100.00,a,
678,21,0.00,0.00,i,
679,21,0.00,,a,
680,21,3.50,100.00,a,
681,21,3.50,100.00,a,
682,21,0.80,,a,
683,21,4.00,100.00,a,
684,21,4.60,,a,
685,21,0.60,100.00,a,
686,21,0.70,,a,
687,21,0.00,,a,
688,21,0.00,,a,
689,21,0.00,,a,
690,21,0.00,0.00,i,
691,21,6.40,100.00,a,
692,21,0.00,0.00,i,
693,21,2.20,,a,
694,21,5.60,,a,
695,21,2.00,,a,
696,21,0.00,0.00,u,
697,21,0.80,,a,
698,21,1.80,100.00,a,
699,21,-0.40,100.00,a,
700,21,0.00,0.00,i,
701,21,0.00,0.00,u,
702,21,0.00,,a,
703,21,0.00,,a,
704,21,0.00,0.00,u,
705,21,0.00,,a,
706,21,2.20,,a,
707,21,1.80,,a,
708,21,1.70,75.00,d,
709,21,3.60,100.00,a,
710,21,0.00,,a,
711,21,1.00,,a,
712,21,2.60,100.00,a,
713,21,1.80,,a,
714,21,4.40,,a,3.00
715,21,0.00,0.00,i,
716,21,-0.20,,a,
717,21,0.60,100.00,a,
718,21,2.00,,a,
719,21,2.40,100.00,a,
720,21,2.40,,a,
721,21,0.20,100.00,a,
722,21,1.30,,a,
723,21,2.60,100.00,a,
724,21,3.40,,a,
725,21,3.00,75.00,d,
726,21,1.60,100.00,a,
727,21,0.00,0.00,n,
728,21,1.80,100.00,a,
729,21,0.00,0.00,u,
730,21,3.20,100.00,a,
731,21,3.20,100.00,a,
732,21,1.40,,a,
733,21,2.70,,a,
734,21,0.40,100.00,a,
735,21,0.00,0.00,i,
736,21,4.30,,a,
737,21,0.40,,a,
738,21,0.00,25.00,d,
739,21,0.70,,a,
740,21,0.50,,a,
741,21,0.00,0.00,u,
742,21,0.50,,a,
743,21,0.00,,a,
744,21,0.00,,a,
745,21,0.00,,a,
746,21,0.50,,a,
747,21,0.80,,a,
748,21,0.00,0.00,i,
749,21,5.20,,a,
750,21,0.00,,a,
751,21,0.00,,a,
752,21,0.00,,a,
753,21,0.00,,a,
754,21,0.20,,a,
755,21,0.00,0.00,s,
756,21,0.00,,a,
757,21,0.00,,a,
758,21,0.20,,a,
759,21,1.00,,a,
760,21,0.50,,a,
761,21,0.00,,a,
762,21,0.40,,a,
763,21,0.50,,a,
764,21,0.50,,a,
765,21,0.00,,a,
766,21,0.00,,a,
767,21,0.00,,a,
768,21,0.00,,a,
769,21,-0.30,,a,
770,21,0.00,,a,
771,21,-0.50,,a,
772,21,0.00,,a,
773,21,0.00,,a,
774,21,0.00,,a,
775,21,0.00,0.00,u,
776,21,-0.50,,a,
777,21,0.00,,a,
778,21,0.00,,a,
779,21,0.00,,a,
780,21,0.00,,a,
781,21,0.00,,a,
782,21,0.00,,a,
783,21,1.00,,a,
784,21,-0.50,,a,
785,21,0.50,,a,
786,21,0.00,,a,
787,21,0.00,,a,
788,21,-0.50,,a,
789,21,0.00,,a,
790,21,0.00,,a,
791,21,1.90,,a,
792,21,0.00,0.00,i,
793,21,1.40,,a,
794,21,2.60,,a,
795,21,1.30,,a,
796,21,2.10,,a,
1,22,4.40,,a,
2,22,1.00,,a,
3,22,0.00,0.00,u,
4,22,1.00,,a,
5,22,8.80,100.00,a,
6,22,5.00,100.00,a,
7,22,0.80,75.00,d,
8,22,5.60,100.00,a,
9,22,0.00,0.00,u,
10,22,1.60,,a,
11,22,2.40,100.00,a,
12,22,0.20,100.00,a,
13,22,1.00,,a,
14,22,0.00,0.00,u,
15,22,1.00,,a,
16,22,5.20,100.00,a,1.00
17,22,6.20,100.00,a,3.00
18,22,2.00,100.00,a,
19,22,2.40,100.00,a,
20,22,4.80,100.00,a,4.00
21,22,6.60,100.00,a,
22,22,2.20,,a,
23,22,0.00,0.00,u,
24,22,1.20,100.00,a,
25,22,0.00,0.00,u,
26,22,5.20,100.00,a,
27,22,0.60,100.00,a,
28,22,0.00,0.00,u,
29,22,0.00,0.00,u,
30,22,1.00,100.00,a,
31,22,2.60,100.00,a,
32,22,1.40,75.00,d,
33,22,0.40,,a,
34,22,0.00,0.00,u,
35,22,0.00,0.00,u,
36,22,2.80,100.00,a,
37,22,2.40,100.00,a,
38,22,3.00,100.00,a,
39,22,1.40,,a,
40,22,0.00,100.00,a,
41,22,0.40,100.00,a,
42,22,0.20,100.00,a,
43,22,0.00,0.00,u,
44,22,0.40,100.00,a,
45,22,0.00,,a,
46,22,0.00,0.00,u,
47,22,2.40,100.00,a,
48,22,4.20,100.00,a,
49,22,0.00,100.00,a,
50,22,2.00,100.00,a,2.00
51,22,0.00,0.00,u,
52,22,1.00,100.00,a,
53,22,0.00,0.00,u,1.00
54,22,0.00,0.00,i,
55,22,0.00,0.00,i,
56,22,0.00,0.00,u,
57,22,0.00,0.00,u,
58,22,0.00,0.00,i,
59,22,0.40,100.00,a,
60,22,0.00,,a,
61,22,0.00,0.00,u,
62,22,0.20,,a,
63,22,0.00,,a,
64,22,5.60,100.00,a,3.00
65,22,0.00,0.00,u,
66,22,0.00,0.00,u,
67,22,0.30,,a,
68,22,0.00,0.00,i,
69,22,-0.50,,a,
70,22,0.00,0.00,u,
71,22,0.00,0.00,u,
72,22,2.50,100.00,a,
73,22,-0.30,100.00,a,
74,22,1.50,,a,
75,22,-0.10,25.00,d,
76,22,-0.50,,a,
77,22,1.70,,a,
78,22,0.00,0.00,u,
79,22,0.00,0.00,u,
80,22,0.00,0.00,i,
81,22,0.00,0.00,i,1.00
82,22,5.10,100.00,a,
83,22,0.20,100.00,a,
84,22,0.00,0.00,i,4.00
85,22,0.00,0.00,i,
86,22,0.00,0.00,i,
87,22,-0.30,100.00,a,
88,22,2.50,100.00,a,
89,22,0.00,0.00,u,
90,22,2.90,100.00,a,
91,22,0.00,0.00,u,
92,22,-0.50,100.00,a,
93,22,0.00,0.00,u,
94,22,0.00,0.00,u,
95,22,0.00,0.00,u,
96,22,0.00,0.00,u,
97,22,3.10,100.00,a,
98,22,0.10,75.00,d,
99,22,0.00,0.00,u,
100,22,2.50,,a,
101,22,5.20,100.00,a,
102,22,0.00,,a,
103,22,0.00,0.00,u,
104,22,0.00,,a,
105,22,0.00,,a,
106,22,7.40,,a,
107,22,3.00,,a,
108,22,4.60,100.00,a,
109,22,3.20,,a,
110,22,3.20,,a,
111,22,0.00,100.00,a,
112,22,0.00,0.00,u,
113,22,0.00,100.00,a,
114,22,0.00,100.00,a,
115,22,0.00,0.00,u,
116,22,1.00,100.00,a,
117,22,0.00,0.00,u,
118,22,0.00,0.00,u,
119,22,0.80,100.00,a,
120,22,7.20,100.00,a,3.00
121,22,2.60,,a,
122,22,0.00,0.00,i,
123,22,0.00,0.00,i,4.00
124,22,0.80,75.00,d,
125,22,5.60,100.00,a,
126,22,2.00,,a,5.00
127,22,0.00,0.00,u,
128,22,0.00,100.00,a,
129,22,4.60,100.00,a,
130,22,0.20,,a,
131,22,0.00,0.00,u,
132,22,0.00,100.00,a,
133,22,0.00,0.00,u,
134,22,0.00,0.00,u,
135,22,2.20,100.00,a,
136,22,7.60,100.00,a,2.00
137,22,0.00,0.00,u,
138,22,0.00,,a,
139,22,2.80,,a,
140,22,0.00,,a,
141,22,0.00,0.00,u,
142,22,0.00,0.00,u,
143,22,0.20,,a,
144,22,0.00,,a,
145,22,0.60,100.00,a,
146,22,2.60,100.00,a,
147,22,0.00,0.00,u,
148,22,3.60,,a,
149,22,0.00,100.00,a,
150,22,0.00,0.00,u,
151,22,3.60,100.00,a,
152,22,3.60,100.00,a,
153,22,0.00,0.00,i,
154,22,0.00,0.00,u,
155,22,0.00,0.00,u,
156,22,0.00,,a,
157,22,2.80,100.00,a,
158,22,2.40,100.00,a,
159,22,0.00,25.00,d,
160,22,1.20,100.00,a,
161,22,0.00,0.00,u,
162,22,1.60,100.00,a,
163,22,2.00,100.00,a,
164,22,0.00,0.00,u,
165,22,0.00,0.00,u,
166,22,5.20,100.00,a,
167,22,0.20,100.00,a,
168,22,0.00,100.00,a,
169,22,3.60,100.00,a,
170,22,0.60,100.00,a,1.00
171,22,0.00,0.00,u,
172,22,0.40,100.00,a,
173,22,0.00,0.00,i,
174,22,0.00,0.00,u,
175,22,0.00,,a,
176,22,0.00,0.00,u,
177,22,0.00,0.00,u,
178,22,1.40,100.00,a,2.00
179,22,0.00,0.00,u,
180,22,0.00,0.00,i,
181,22,2.80,,a,
182,22,0.50,,a,
183,22,0.00,,a,
184,22,0.00,0.00,u,
185,22,0.00,,a,
186,22,0.00,0.00,i,
187,22,1.80,100.00,a,
188,22,0.00,0.00,u,
189,22,0.00,0.00,u,
190,22,2.80,,a,
191,22,1.00,100.00,a,
192,22,0.00,,a,
193,22,4.40,100.00,a,
194,22,0.00,0.00,i,
195,22,2.60,100.00,a,
196,22,0.00,0.00,u,
197,22,0.40,,a,
198,22,0.80,100.00,a,
199,22,0.00,75.00,d,
200,22,2.20,100.00,a,
201,22,0.00,0.00,u,
202,22,1.00,100.00,a,3.00
203,22,0.00,,a,
204,22,0.00,0.00,u,
205,22,0.00,0.00,i,
206,22,4.00,,a,
207,22,0.20,100.00,a,
208,22,0.00,0.00,u,
209,22,4.20,,a,
210,22,0.80,,a,
211,22,0.00,0.00,u,
212,22,0.00,0.00,u,
213,22,0.20,,a,
214,22,0.00,0.00,i,
215,22,0.20,75.00,d,1.00
216,22,0.00,0.00,i,
217,22,0.20,100.00,a,
218,22,0.00,,a,2.00
219,22,0.00,0.00,u,
220,22,3.60,100.00,a,
221,22,0.00,0.00,i,
222,22,0.00,0.00,u,
223,22,0.00,,a,
224,22,0.80,100.00,a,
225,22,3.20,100.00,a,
226,22,3.20,100.00,a,
227,22,0.00,0.00,i,
228,22,1.20,100.00,a,
229,22,0.60,100.00,a,
230,22,0.60,100.00,a,
231,22,0.00,0.00,u,
232,22,0.00,0.00,i,
233,22,0.80,100.00,a,
234,22,0.00,0.00,u,
235,22,3.20,75.00,d,1.00
236,22,2.60,100.00,a,
237,22,5.60,100.00,a,2.00
238,22,1.40,100.00,a,3.00
239,22,0.40,100.00,a,
240,22,0.00,0.00,u,
241,22,2.60,100.00,a,
242,22,0.00,75.00,d,
243,22,0.00,,a,
244,22,0.00,0.00,i,
245,22,0.00,0.00,s,
246,22,0.80,100.00,a,
247,22,0.00,0.00,i,
248,22,0.00,0.00,u,
249,22,4.00,,a,
250,22,2.60,100.00,a,
251,22,0.00,0.00,u,
252,22,0.00,100.00,a,
253,22,3.40,,a,
254,22,0.00,100.00,a,
255,22,0.00,,a,
256,22,0.00,75.00,d,
257,22,3.40,,a,
258,22,2.60,,a,
259,22,0.40,100.00,a,
260,22,2.90,100.00,a,
261,22,0.40,100.00,a,
262,22,0.00,100.00,a,
263,22,1.80,100.00,a,
264,22,0.00,0.00,u,
265,22,0.00,0.00,i,
266,22,1.40,,a,
267,22,0.00,100.00,a,
268,22,0.00,0.00,i,
269,22,0.00,0.00,u,
270,22,2.40,100.00,a,
271,22,0.00,0.00,i,
272,22,1.20,100.00,a,
273,22,2.40,100.00,a,
274,22,0.00,,a,
275,22,0.00,0.00,u,
276,22,2.00,100.00,a,
277,22,0.00,0.00,u,
278,22,0.00,100.00,a,
279,22,0.00,0.00,u,
280,22,0.00,0.00,u,
281,22,0.20,,a,
282,22,0.00,0.00,u,
283,22,3.40,100.00,a,2.00
284,22,0.00,0.00,i,
285,22,0.00,0.00,u,
286,22,0.00,,a,
287,22,6.00,,a,
288,22,0.00,,a,
289,22,0.00,0.00,u,
290,22,0.00,75.00,d,
291,22,6.20,,a,
292,22,4.40,100.00,a,
293,22,5.00,,a,
294,22,0.00,100.00,a,
295,22,0.00,0.00,s,
296,22,3.60,100.00,a,
297,22,0.00,,a,
298,22,0.00,,a,
299,22,0.00,100.00,a,1.00
300,22,3.80,,a,
301,22,0.60,100.00,a,
302,22,0.00,100.00,a,
303,22,7.00,,a,
304,22,0.00,0.00,i,
305,22,1.60,100.00,a,
306,22,0.00,,a,
307,22,0.00,,a,
308,22,0.00,0.00,u,
309,22,0.00,0.00,u,
310,22,4.60,,a,
311,22,2.00,,a,2.00
312,22,0.00,0.00,u,
313,22,0.00,100.00,a,
314,22,3.00,,a,
315,22,0.00,100.00,a,
316,22,3.00,100.00,a,
317,22,3.00,100.00,a,
318,22,0.00,100.00,a,
319,22,0.80,,a,
320,22,1.00,,a,
321,22,3.60,,a,
322,22,1.00,75.00,d,
323,22,0.00,,a,
324,22,0.00,100.00,a,
325,22,2.10,75.00,d,
326,22,0.60,,a,
327,22,0.00,0.00,u,
328,22,0.80,100.00,a,
329,22,4.80,100.00,a,3.00
330,22,3.60,,a,
331,22,2.40,100.00,a,
332,22,0.00,0.00,i,
333,22,0.00,0.00,u,
334,22,0.00,0.00,u,
335,22,0.20,100.00,a,
336,22,2.00,,a,
337,22,4.60,100.00,a,1.00
338,22,0.00,0.00,i,
339,22,0.00,,a,
340,22,0.00,,a,
341,22,1.20,,a,
342,22,1.80,100.00,a,
343,22,5.20,100.00,a,3.00
344,22,0.00,0.00,i,
345,22,2.00,100.00,a,
346,22,0.00,,a,
347,22,2.70,75.00,d,
348,22,1.60,100.00,a,
349,22,0.00,0.00,u,
350,22,6.40,,a,
351,22,0.80,100.00,a,
352,22,0.00,0.00,u,
353,22,0.00,25.00,d,
354,22,3.60,100.00,a,
355,22,0.00,0.00,u,
356,22,3.00,,a,
357,22,0.00,0.00,u,
358,22,1.00,100.00,a,
359,22,0.00,0.00,u,
360,22,0.00,0.00,u,
361,22,0.00,0.00,u,
362,22,0.20,100.00,a,2.00
363,22,0.00,0.00,u,
364,22,0.00,0.00,u,
365,22,2.40,100.00,a,1.00
366,22,4.90,100.00,a,
367,22,0.50,,a,
368,22,0.50,,a,
369,22,0.50,,a,
370,22,5.10,100.00,a,
371,22,3.30,,a,
372,22,1.90,,a,
373,22,3.90,,a,
374,22,1.10,25.00,d,
375,22,0.00,0.00,i,
376,22,0.90,100.00,a,
377,22,0.00,0.00,u,
378,22,0.50,100.00,a,
379,22,0.50,,a,
380,22,0.50,,a,
381,22,0.50,100.00,a,1.00
382,22,7.70,100.00,a,
383,22,0.00,0.00,u,
384,22,3.10,100.00,a,2.00
385,22,0.80,50.00,d,
386,22,2.10,100.00,a,3.00
387,22,2.10,100.00,a,
388,22,3.50,100.00,a,
389,22,0.00,100.00,a,
390,22,5.10,100.00,a,
391,22,0.00,0.00,i,
392,22,0.50,100.00,a,
393,22,0.00,0.00,i,
394,22,0.00,0.00,u,
395,22,0.00,0.00,u,
396,22,0.70,,a,
397,22,0.00,0.00,u,
398,22,0.00,0.00,i,
399,22,0.00,0.00,u,
400,22,0.50,,a,
401,22,0.50,100.00,a,
402,22,0.70,100.00,a,
403,22,0.00,0.00,i,
404,22,0.00,0.00,u,
405,22,3.10,,a,
406,22,1.70,100.00,a,
407,22,3.10,75.00,d,4.00
408,22,0.00,0.00,i,
409,22,0.00,0.00,i,
410,22,0.70,100.00,a,
411,22,1.30,100.00,a,
412,22,0.00,0.00,u,
413,22,0.50,100.00,a,2.00
414,22,2.50,100.00,a,
415,22,0.00,0.00,i,
416,22,2.50,,a,
417,22,5.30,100.00,a,
418,22,2.90,100.00,a,3.00
419,22,0.00,0.00,i,
420,22,0.00,0.00,u,
421,22,2.50,100.00,a,
422,22,0.00,0.00,i,
423,22,0.60,25.00,d,
424,22,0.00,0.00,i,
425,22,0.00,0.00,u,
426,22,0.00,,a,
427,22,4.90,,a,
428,22,0.00,0.00,u,
429,22,0.50,,a,
430,22,3.30,100.00,a,1.00
431,22,-1.00,,a,
432,22,0.00,0.00,u,
433,22,0.00,0.00,u,
434,22,-1.00,,a,
435,22,-1.00,,a,
436,22,0.00,0.00,i,
437,22,4.00,100.00,a,
438,22,-1.00,100.00,a,
439,22,-1.00,,a,
440,22,3.60,100.00,a,
441,22,7.00,,a,
442,22,0.20,100.00,a,
443,22,2.00,,a,
444,22,0.00,,a,
445,22,0.00,0.00,u,
446,22,-0.80,,a,
447,22,2.00,100.00,a,
448,22,-0.80,,a,
449,22,2.40,100.00,a,1.00
450,22,2.80,100.00,a,
451,22,0.00,0.00,u,
452,22,-0.40,100.00,a,
453,22,1.40,,a,
454,22,0.00,0.00,u,
455,22,-0.40,100.00,a,
456,22,1.40,100.00,a,
457,22,3.60,100.00,a,
458,22,-0.20,100.00,a,
459,22,1.80,,a,
460,22,-1.00,100.00,a,
461,22,-1.00,,a,
462,22,-0.60,,a,
463,22,-1.00,,a,
464,22,0.00,0.00,u,
465,22,0.00,0.00,u,
466,22,0.40,25.00,d,
467,22,-1.00,,a,
468,22,-1.00,100.00,a,
469,22,3.20,100.00,a,
470,22,4.40,100.00,a,
471,22,0.00,,a,
472,22,0.00,0.00,u,
473,22,5.00,100.00,a,
474,22,0.00,0.00,i,4.00
475,22,1.80,100.00,a,
476,22,0.00,75.00,d,
477,22,0.00,0.00,i,
478,22,1.20,100.00,a,
479,22,0.00,0.00,i,
480,22,0.00,25.00,d,
481,22,0.00,,a,
482,22,0.00,0.00,u,
483,22,0.00,,a,
484,22,0.00,0.00,u,
485,22,2.60,100.00,a,2.00
486,22,0.20,100.00,a,
487,22,4.40,,a,
488,22,5.40,75.00,d,
489,22,0.30,25.00,d,
490,22,5.00,100.00,a,
491,22,1.80,100.00,a,
492,22,0.00,0.00,u,
493,22,0.00,100.00,a,
494,22,0.60,100.00,a,
495,22,0.00,0.00,u,
496,22,0.00,0.00,u,
497,22,3.60,100.00,a,
498,22,0.00,0.00,u,
499,22,0.00,0.00,i,
500,22,0.00,50.00,d,
501,22,0.00,,a,
502,22,2.80,100.00,a,
503,22,0.00,0.00,u,
504,22,0.00,0.00,u,
505,22,3.00,,a,
506,22,2.50,75.00,d,
507,22,1.60,100.00,a,
508,22,2.60,,a,
509,22,0.00,0.00,u,
510,22,0.00,,a,
511,22,0.20,,a,
512,22,0.00,0.00,u,
513,22,0.00,,a,
514,22,0.00,100.00,a,
515,22,4.80,100.00,a,2.00
516,22,1.80,100.00,a,
517,22,4.60,,a,4.00
518,22,0.00,0.00,u,
519,22,4.00,100.00,a,
520,22,0.00,0.00,u,
521,22,0.60,100.00,a,
522,22,0.00,100.00,a,
523,22,0.00,100.00,a,
524,22,0.00,0.00,u,
525,22,0.00,0.00,i,1.00
526,22,2.00,75.00,d,3.00
527,22,0.40,100.00,a,
528,22,0.00,,a,
529,22,0.00,,a,
530,22,0.00,0.00,u,
531,22,1.20,100.00,a,
532,22,2.00,,a,
533,22,0.00,0.00,i,
534,22,0.00,0.00,u,
535,22,2.40,100.00,a,
536,22,0.00,100.00,a,
537,22,0.00,0.00,u,
538,22,0.00,0.00,u,
539,22,0.20,100.00,a,
540,22,0.00,0.00,u,
541,22,0.40,100.00,a,
542,22,0.00,0.00,u,
543,22,3.00,,a,
544,22,0.00,100.00,a,1.00
545,22,0.00,0.00,u,
546,22,0.00,0.00,u,
547,22,3.80,100.00,a,2.00
548,22,1.20,100.00,a,
549,22,0.20,,a,
550,22,0.00,,a,
551,22,0.80,,a,
552,22,1.00,100.00,a,
553,22,0.00,100.00,a,
554,22,0.00,,a,
555,22,0.00,0.00,u,
556,22,0.00,0.00,u,
557,22,0.00,,a,
558,22,0.00,0.00,u,
559,22,0.00,0.00,u,
560,22,0.40,100.00,a,
561,22,1.40,,a,3.00
562,22,0.00,,a,
563,22,0.00,0.00,u,
564,22,0.00,0.00,u,
565,22,3.20,,a,
566,22,0.00,,a,
567,22,0.00,,a,
568,22,4.80,,a,
569,22,4.40,100.00,a,
570,22,1.40,,a,
571,22,0.00,0.00,i,
572,22,0.20,100.00,a,
573,22,3.20,,a,
574,22,0.00,100.00,a,
575,22,4.80,,a,
576,22,0.00,0.00,u,
577,22,0.00,0.00,u,
578,22,0.00,0.00,u,
579,22,0.00,0.00,u,
580,22,1.20,,a,
581,22,0.00,0.00,i,
582,22,0.00,0.00,i,
583,22,0.00,0.00,i,
584,22,3.00,,a,4.00
585,22,0.00,0.00,i,
586,22,0.00,0.00,i,
587,22,0.20,100.00,a,
588,22,2.00,100.00,a,
589,22,0.00,0.00,u,
590,22,0.00,0.00,u,
591,22,3.40,100.00,a,
592,22,0.00,0.00,u,
593,22,0.00,100.00,a,
594,22,0.00,0.00,u,
595,22,0.00,,a,
596,22,0.20,100.00,a,2.00
597,22,0.00,0.00,i,3.00
598,22,0.00,0.00,u,
599,22,0.20,,a,
600,22,2.40,,a,
601,22,0.00,0.00,u,
602,22,0.00,0.00,u,
603,22,0.00,100.00,a,
604,22,0.00,0.00,u,
605,22,1.20,,a,
606,22,1.60,100.00,a,
607,22,0.00,0.00,u,
608,22,2.40,100.00,a,
609,22,1.60,100.00,a,
610,22,0.80,100.00,a,
611,22,0.00,0.00,u,
612,22,0.00,0.00,i,1.00
613,22,2.40,100.00,a,
614,22,0.00,,a,3.00
615,22,3.60,100.00,a,
616,22,0.00,0.00,u,
617,22,0.00,0.00,u,
618,22,0.20,,a,
619,22,0.00,0.00,u,
620,22,0.00,0.00,u,
621,22,0.00,0.00,u,
622,22,0.00,0.00,u,
623,22,1.20,100.00,a,
624,22,3.60,,a,2.00
625,22,0.00,0.00,u,
626,22,0.00,0.00,u,
627,22,-0.50,,a,
628,22,3.30,,a,
629,22,-0.50,100.00,a,
630,22,0.00,,a,
631,22,-0.50,100.00,a,
632,22,0.10,100.00,a,
633,22,4.50,100.00,a,
634,22,4.30,100.00,a,
635,22,-0.30,100.00,a,
636,22,3.70,100.00,a,
637,22,0.00,0.00,i,
638,22,0.00,0.00,u,
639,22,0.00,0.00,u,
640,22,-0.30,100.00,a,
641,22,0.00,0.00,u,
642,22,3.30,100.00,a,3.00
643,22,0.90,100.00,a,
644,22,0.00,0.00,i,
645,22,-0.30,100.00,a,
646,22,2.70,100.00,a,
647,22,0.00,0.00,u,
648,22,0.00,0.00,u,
649,22,0.00,0.00,u,
650,22,-0.20,75.00,d,
651,22,-0.50,,a,
652,22,-0.50,,a,
653,22,0.00,0.00,u,
654,22,0.90,100.00,a,2.00
655,22,0.00,0.00,u,
656,22,0.00,0.00,u,
657,22,0.00,0.00,i,
658,22,-0.50,,a,
659,22,1.20,,a,
660,22,2.20,75.00,d,
661,22,2.30,100.00,a,
662,22,1.00,100.00,a,
663,22,2.70,,a,
664,22,0.00,,a,
665,22,3.00,100.00,a,
666,22,2.80,100.00,a,2.00
667,22,0.00,100.00,a,
668,22,3.80,,a,
669,22,0.20,100.00,a,
670,22,3.40,,a,
671,22,2.80,,a,
672,22,0.60,100.00,a,
673,22,1.80,75.00,d,
674,22,0.60,,a,
675,22,0.00,100.00,a,
676,22,3.20,100.00,a,
677,22,0.40,100.00,a,
678,22,0.00,0.00,i,
679,22,0.00,,a,
680,22,3.00,100.00,a,
681,22,2.60,100.00,a,
682,22,0.10,,a,
683,22,3.00,100.00,a,
684,22,6.20,,a,
685,22,-0.10,100.00,a,
686,22,0.90,,a,
687,22,-0.50,,a,
688,22,0.00,,a,
689,22,0.00,,a,
690,22,0.00,25.00,d,
691,22,4.20,100.00,a,
692,22,0.00,0.00,i,
693,22,3.00,,a,
694,22,5.60,,a,
695,22,2.50,,a,
696,22,0.00,0.00,u,
697,22,1.30,,a,
698,22,1.80,100.00,a,
699,22,0.20,100.00,a,
700,22,0.00,0.00,i,
701,22,0.00,0.00,u,
702,22,0.00,,a,
703,22,0.00,,a,
704,22,0.00,0.00,u,
705,22,0.00,,a,
706,22,3.80,,a,
707,22,1.60,,a,
708,22,3.60,100.00,a,
709,22,4.10,100.00,a,
710,22,0.00,,a,
711,22,1.00,,a,
712,22,4.00,100.00,a,
713,22,1.30,,a,
714,22,2.20,,a,3.00
715,22,0.00,0.00,i,
716,22,0.40,,a,
717,22,1.40,100.00,a,
718,22,1.60,,a,
719,22,2.00,100.00,a,
720,22,2.10,,a,
721,22,-0.10,100.00,a,
722,22,3.20,,a,
723,22,2.60,100.00,a,
724,22,2.20,,a,
725,22,1.50,75.00,d,
726,22,1.60,100.00,a,
727,22,0.00,100.00,a,
728,22,2.20,100.00,a,
729,22,0.00,0.00,u,
730,22,4.60,100.00,a,
731,22,2.20,100.00,a,
732,22,0.60,,a,
733,22,3.20,,a,
734,22,1.40,100.00,a,
735,22,0.00,0.00,i,
736,22,3.30,,a,
737,22,0.20,,a,
738,22,0.00,25.00,d,
739,22,0.70,,a,
740,22,0.50,,a,
741,22,0.00,0.00,u,
742,22,0.50,,a,
743,22,0.00,,a,
744,22,0.00,,a,
745,22,0.00,,a,
746,22,0.50,,a,
747,22,0.60,,a,
748,22,0.00,0.00,i,
749,22,4.90,,a,
750,22,0.00,,a,
751,22,0.00,,a,
752,22,0.00,,a,
753,22,0.00,,a,
754,22,0.40,,a,
755,22,-0.80,100.00,a,
756,22,-0.50,,a,
757,22,0.00,,a,
758,22,0.20,,a,
759,22,1.00,,a,
760,22,0.50,,a,
761,22,0.00,,a,
762,22,0.20,,a,
763,22,0.50,,a,
764,22,0.50,,a,
765,22,0.00,,a,
766,22,-0.50,,a,
767,22,-0.50,,a,
768,22,0.00,,a,
769,22,-0.80,,a,
770,22,0.00,,a,
771,22,-1.00,,a,
772,22,0.00,,a,
773,22,0.00,,a,
774,22,0.00,,a,
775,22,0.00,0.00,u,
776,22,0.00,,a,
777,22,-0.50,,a,
778,22,-0.50,,a,
779,22,0.00,,a,
780,22,0.00,,a,
781,22,0.00,,a,
782,22,-0.50,,a,
783,22,1.70,,a,
784,22,0.00,,a,
785,22,1.00,,a,
786,22,0.00,,a,
787,22,0.00,,a,
788,22,-1.00,,a,
789,22,0.00,,a,
790,22,0.00,,a,
791,22,1.50,,a,
792,22,0.00,25.00,d,
793,22,0.00,,a,
794,22,3.00,,a,
795,22,0.00,,a,
796,22,2.10,,a,
797,22,1.20,,a,
798,22,1.40,,a,
799,22,0.80,,a,
800,22,0.00,0.00,i,
801,22,1.30,,a,
802,22,1.80,,a,
1,23,4.50,,a,
2,23,1.00,,a,
3,23,0.00,0.00,u,
4,23,1.00,,a,
5,23,7.00,100.00,a,
6,23,5.20,100.00,a,
7,23,1.00,100.00,a,
8,23,4.80,100.00,a,
9,23,0.00,0.00,u,
10,23,1.20,,a,
11,23,2.80,100.00,a,
12,23,0.00,100.00,a,
13,23,1.00,,a,
14,23,0.00,0.00,u,
15,23,1.00,,a,
16,23,3.50,100.00,a,1.00
17,23,4.80,100.00,a,3.00
18,23,2.20,100.00,a,
19,23,2.50,100.00,a,
20,23,2.50,100.00,a,4.00
21,23,7.00,100.00,a,
22,23,3.20,,a,
23,23,0.00,0.00,u,
24,23,1.00,100.00,a,
25,23,0.00,0.00,u,
26,23,4.00,100.00,a,
27,23,0.40,100.00,a,
28,23,0.00,0.00,u,
29,23,0.00,0.00,u,
30,23,1.00,100.00,a,
31,23,2.00,100.00,a,
32,23,4.00,100.00,a,
33,23,0.50,,a,
34,23,0.00,0.00,u,
35,23,0.00,0.00,u,
36,23,4.80,100.00,a,
37,23,3.50,100.00,a,
38,23,4.20,100.00,a,
39,23,2.50,,a,
40,23,0.20,100.00,a,
41,23,2.00,100.00,a,
42,23,0.00,0.00,i,
43,23,0.00,0.00,u,
44,23,0.80,100.00,a,
45,23,0.00,,a,
46,23,0.00,0.00,u,
47,23,4.50,100.00,a,
48,23,0.00,0.00,i,
49,23,0.20,100.00,a,
50,23,4.00,100.00,a,2.00
51,23,0.00,0.00,u,
52,23,0.30,100.00,a,
53,23,0.00,0.00,u,
54,23,0.00,0.00,i,
55,23,0.00,75.00,d,
56,23,0.00,0.00,u,
57,23,0.00,0.00,u,
58,23,0.00,0.00,i,
59,23,1.20,100.00,a,
60,23,0.00,,a,
61,23,0.00,0.00,u,
62,23,0.00,,a,
63,23,0.00,,a,
64,23,3.60,75.00,d,3.00
65,23,0.00,0.00,u,
66,23,0.00,0.00,u,
67,23,1.20,,a,
68,23,0.00,0.00,i,
69,23,0.00,,a,
70,23,0.00,0.00,u,
71,23,0.00,0.00,u,
72,23,3.20,100.00,a,
73,23,0.20,100.00,a,
74,23,2.20,,a,
75,23,0.00,25.00,d,
76,23,0.00,,a,
77,23,3.50,,a,
78,23,0.00,0.00,u,
79,23,0.00,0.00,u,
80,23,0.00,0.00,i,
81,23,0.00,0.00,i,1.00
82,23,4.70,100.00,a,
83,23,0.40,100.00,a,
84,23,0.00,0.00,i,4.00
85,23,0.00,0.00,i,
86,23,0.40,25.00,d,
87,23,0.50,100.00,a,
88,23,3.80,100.00,a,
89,23,0.00,0.00,u,
90,23,3.80,100.00,a,
91,23,0.00,0.00,u,
92,23,0.00,100.00,a,
93,23,0.00,0.00,u,
94,23,0.00,0.00,u,
95,23,0.00,0.00,u,
96,23,0.00,0.00,u,
97,23,5.80,100.00,a,
98,23,0.80,100.00,a,
99,23,0.00,0.00,u,
100,23,3.80,,a,
101,23,4.60,100.00,a,
102,23,0.00,,a,
103,23,0.00,0.00,u,
104,23,0.00,,a,
105,23,0.00,,a,
106,23,6.80,,a,
107,23,2.80,,a,
108,23,3.00,75.00,d,
109,23,3.20,,a,
110,23,2.80,,a,
111,23,0.00,100.00,a,
112,23,0.00,0.00,u,
113,23,0.20,100.00,a,
114,23,0.00,100.00,a,
115,23,0.00,0.00,u,
116,23,1.00,100.00,a,
117,23,0.00,0.00,u,
118,23,0.00,0.00,u,
119,23,4.80,100.00,a,
120,23,3.60,100.00,a,3.00
121,23,1.50,75.00,d,
122,23,0.00,0.00,i,
123,23,0.00,0.00,i,4.00
124,23,1.00,100.00,a,
125,23,5.20,100.00,a,
126,23,2.20,,a,5.00
127,23,0.00,0.00,u,
128,23,0.00,100.00,a,
129,23,4.20,100.00,a,
130,23,0.20,,a,
131,23,0.00,0.00,u,
132,23,0.00,0.00,u,
133,23,0.00,0.00,u,
134,23,0.00,0.00,u,
135,23,1.00,100.00,a,
136,23,7.00,100.00,a,2.00
137,23,0.00,0.00,u,
138,23,0.00,,a,
139,23,3.20,,a,
140,23,0.00,,a,
141,23,0.00,0.00,u,
142,23,0.00,0.00,u,
143,23,1.50,,a,
144,23,0.00,0.00,u,
145,23,0.80,100.00,a,
146,23,3.50,100.00,a,
147,23,0.00,0.00,u,
148,23,3.50,,a,
149,23,0.00,100.00,a,
150,23,0.00,0.00,u,
151,23,4.00,100.00,a,
152,23,2.00,100.00,a,
153,23,0.00,0.00,i,
154,23,0.00,0.00,u,
155,23,0.00,0.00,u,
156,23,0.00,,a,
157,23,3.80,100.00,a,
158,23,3.00,100.00,a,
159,23,0.00,0.00,i,
160,23,0.50,100.00,a,
161,23,0.00,0.00,u,
162,23,1.50,100.00,a,
163,23,1.80,100.00,a,
164,23,0.00,0.00,u,
165,23,0.00,0.00,u,
166,23,7.00,100.00,a,
167,23,1.20,100.00,a,
168,23,-1.00,100.00,a,
169,23,1.70,75.00,d,
170,23,0.80,100.00,a,1.00
171,23,0.00,0.00,u,
172,23,0.20,100.00,a,
173,23,0.00,0.00,i,
174,23,0.00,0.00,u,
175,23,0.00,,a,
176,23,0.00,0.00,u,
177,23,0.00,0.00,u,
178,23,1.20,100.00,a,2.00
179,23,0.00,0.00,u,
180,23,0.00,0.00,i,
181,23,3.20,,a,
182,23,0.50,,a,
183,23,0.00,,a,
184,23,0.00,0.00,u,
185,23,0.00,,a,
186,23,0.00,0.00,i,
187,23,1.80,100.00,a,
188,23,0.00,0.00,u,
189,23,0.00,0.00,u,
190,23,0.50,,a,
191,23,2.00,100.00,a,
192,23,0.00,,a,
193,23,3.20,100.00,a,
194,23,0.00,0.00,i,
195,23,1.80,100.00,a,
196,23,0.00,0.00,u,
197,23,0.50,,a,
198,23,2.80,100.00,a,
199,23,0.00,100.00,a,
200,23,3.00,100.00,a,
201,23,0.00,0.00,u,
202,23,0.20,100.00,a,3.00
203,23,0.00,,a,
204,23,0.00,0.00,u,
205,23,0.00,0.00,i,
206,23,4.20,,a,
207,23,0.50,100.00,a,
208,23,0.00,0.00,u,
209,23,1.50,,a,
210,23,0.50,,a,
211,23,0.00,0.00,u,
212,23,0.00,0.00,u,
213,23,0.00,0.00,u,
214,23,0.00,0.00,i,
215,23,0.00,100.00,a,1.00
216,23,0.00,0.00,i,
217,23,1.50,100.00,a,
218,23,-0.20,,a,2.00
219,23,0.00,0.00,u,
220,23,4.00,100.00,a,
221,23,0.50,100.00,a,
222,23,0.00,0.00,u,
223,23,0.00,,a,
224,23,1.50,100.00,a,
225,23,3.80,100.00,a,
226,23,4.80,100.00,a,
227,23,0.00,0.00,i,
228,23,1.20,100.00,a,
229,23,1.50,100.00,a,
230,23,0.20,100.00,a,
231,23,0.00,0.00,u,
232,23,0.00,0.00,i,
233,23,1.00,100.00,a,
234,23,0.00,100.00,a,
235,23,3.00,100.00,a,1.00
236,23,3.20,100.00,a,
237,23,6.50,100.00,a,2.00
238,23,3.50,100.00,a,3.00
239,23,0.20,100.00,a,
240,23,0.00,0.00,u,
241,23,2.80,100.00,a,
242,23,0.20,100.00,a,
243,23,0.00,,a,
244,23,0.00,0.00,i,
245,23,0.00,0.00,s,
246,23,1.50,100.00,a,
247,23,0.00,0.00,i,
248,23,0.00,0.00,u,
249,23,5.80,,a,
250,23,3.00,100.00,a,
251,23,0.00,0.00,u,
252,23,0.00,100.00,a,
253,23,3.00,,a,
254,23,0.00,100.00,a,
255,23,0.00,,a,
256,23,0.20,100.00,a,
257,23,3.00,,a,
258,23,2.40,,a,
259,23,0.00,0.00,i,
260,23,3.70,100.00,a,
261,23,1.80,100.00,a,
262,23,0.80,100.00,a,
263,23,1.60,100.00,a,
264,23,0.00,0.00,u,
265,23,0.00,0.00,i,
266,23,1.50,,a,
267,23,0.40,100.00,a,
268,23,0.00,0.00,i,
269,23,0.00,0.00,u,
270,23,2.40,100.00,a,
271,23,0.00,0.00,i,
272,23,1.20,100.00,a,
273,23,0.00,0.00,s,
274,23,0.00,,a,
275,23,0.00,0.00,u,
276,23,0.00,0.00,i,
277,23,0.00,0.00,u,
278,23,0.00,100.00,a,
279,23,0.00,0.00,u,
280,23,0.00,0.00,u,
281,23,0.20,,a,
282,23,0.00,0.00,u,
283,23,0.00,0.00,n,2.00
284,23,0.00,0.00,i,
285,23,0.00,0.00,u,
286,23,0.00,,a,
287,23,4.20,,a,
288,23,0.00,,a,
289,23,0.00,0.00,u,
290,23,0.20,100.00,a,
291,23,4.50,,a,
292,23,2.50,100.00,a,
293,23,3.80,,a,
294,23,0.00,100.00,a,
295,23,1.20,100.00,a,
296,23,2.80,100.00,a,
297,23,0.00,,a,
298,23,0.00,,a,
299,23,0.50,100.00,a,1.00
300,23,2.20,,a,
301,23,0.00,100.00,a,
302,23,1.50,100.00,a,
303,23,4.00,,a,
304,23,0.70,25.00,d,
305,23,2.20,100.00,a,
306,23,0.00,,a,
307,23,0.00,,a,
308,23,0.00,0.00,u,
309,23,0.00,0.00,u,
310,23,6.20,,a,
311,23,2.00,,a,2.00
312,23,0.00,0.00,u,
313,23,0.00,100.00,a,
314,23,2.40,,a,
315,23,0.00,100.00,a,
316,23,1.60,100.00,a,
317,23,3.60,100.00,a,
318,23,0.00,100.00,a,
319,23,1.40,,a,
320,23,0.80,,a,
321,23,2.60,,a,
322,23,0.20,75.00,d,
323,23,0.00,,a,
324,23,0.40,100.00,a,
325,23,2.60,100.00,a,
326,23,0.60,,a,
327,23,0.00,0.00,u,
328,23,1.00,100.00,a,
329,23,5.80,100.00,a,3.00
330,23,3.20,,a,
331,23,2.40,100.00,a,
332,23,0.00,0.00,i,
333,23,0.00,0.00,u,
334,23,0.00,0.00,u,
335,23,1.00,100.00,a,
336,23,2.00,,a,
337,23,3.20,100.00,a,1.00
338,23,0.00,25.00,d,
339,23,-1.00,,a,
340,23,-1.00,,a,
341,23,0.60,,a,
342,23,0.80,100.00,a,
343,23,4.60,100.00,a,3.00
344,23,0.00,0.00,i,
345,23,1.80,100.00,a,
346,23,-1.00,,a,
347,23,0.60,25.00,d,
348,23,1.20,100.00,a,
349,23,0.00,0.00,u,
350,23,5.20,,a,
351,23,-0.40,100.00,a,
352,23,0.00,0.00,u,
353,23,-0.80,75.00,d,
354,23,2.60,100.00,a,
355,23,0.00,0.00,u,
356,23,2.40,,a,
357,23,0.00,0.00,u,
358,23,0.00,100.00,a,
359,23,0.00,0.00,u,
360,23,0.00,0.00,u,
361,23,0.00,0.00,u,
362,23,-0.80,100.00,a,2.00
363,23,0.00,0.00,u,
364,23,0.00,0.00,u,
365,23,0.00,0.00,i,1.00
366,23,4.50,100.00,a,
367,23,0.50,,a,
368,23,0.50,,a,
369,23,0.50,,a,
370,23,0.00,0.00,i,
371,23,2.90,,a,
372,23,2.10,,a,
373,23,5.30,,a,
374,23,3.90,100.00,a,
375,23,0.00,0.00,i,
376,23,0.00,0.00,i,
377,23,0.00,0.00,u,
378,23,0.50,100.00,a,
379,23,0.50,,a,
380,23,0.50,,a,
381,23,1.50,100.00,a,1.00
382,23,6.10,100.00,a,
383,23,0.00,0.00,u,
384,23,3.30,100.00,a,3.00
385,23,1.10,100.00,a,
386,23,1.90,100.00,a,4.00
387,23,4.70,100.00,a,
388,23,2.70,100.00,a,
389,23,0.00,100.00,a,
390,23,3.10,100.00,a,
391,23,0.00,0.00,i,
392,23,0.70,100.00,a,
393,23,0.00,0.00,i,
394,23,0.00,0.00,u,
395,23,0.00,0.00,u,
396,23,0.50,,a,
397,23,0.00,0.00,u,
398,23,0.00,0.00,i,
399,23,0.00,0.00,u,
400,23,0.50,,a,
401,23,0.50,100.00,a,
402,23,0.70,100.00,a,
403,23,0.00,0.00,i,
404,23,0.00,0.00,u,
405,23,2.90,,a,
406,23,2.90,100.00,a,
407,23,5.50,100.00,a,4.00
408,23,0.00,0.00,i,
409,23,0.00,0.00,i,
410,23,0.70,100.00,a,
411,23,2.30,100.00,a,
412,23,0.00,0.00,u,
413,23,2.50,100.00,a,2.00
414,23,2.30,100.00,a,
415,23,0.00,0.00,i,
416,23,3.30,,a,
417,23,3.30,100.00,a,
418,23,0.00,0.00,i,3.00
419,23,0.00,0.00,i,
420,23,0.00,0.00,u,
421,23,3.10,100.00,a,
422,23,0.00,0.00,i,
423,23,1.50,100.00,a,
424,23,0.00,0.00,i,
425,23,0.00,0.00,u,
426,23,0.00,,a,
427,23,3.90,,a,
428,23,0.00,0.00,u,
429,23,0.50,,a,
430,23,3.10,100.00,a,1.00
431,23,0.00,,a,
432,23,0.00,0.00,u,
433,23,0.00,0.00,u,
434,23,0.00,,a,
435,23,0.00,,a,
436,23,0.00,0.00,i,
437,23,3.00,100.00,a,
438,23,0.20,100.00,a,
439,23,0.00,,a,
440,23,2.20,100.00,a,
441,23,0.00,0.00,i,
442,23,2.20,100.00,a,
443,23,2.20,,a,
444,23,0.80,,a,
445,23,0.00,0.00,u,
446,23,0.00,,a,
447,23,1.20,100.00,a,
448,23,0.00,,a,
449,23,5.50,100.00,a,1.00
450,23,6.00,100.00,a,
451,23,0.00,0.00,u,
452,23,1.20,100.00,a,
453,23,0.20,,a,
454,23,0.00,0.00,u,
455,23,0.50,100.00,a,
456,23,1.20,100.00,a,
457,23,4.00,100.00,a,
458,23,2.20,100.00,a,
459,23,1.80,,a,
460,23,0.00,100.00,a,
461,23,0.00,,a,
462,23,0.00,,a,
463,23,0.00,,a,
464,23,0.00,0.00,u,
465,23,0.00,0.00,u,
466,23,0.90,75.00,d,
467,23,0.00,,a,
468,23,0.00,100.00,a,
469,23,3.70,100.00,a,
470,23,3.50,100.00,a,
471,23,-0.50,,a,
472,23,0.00,0.00,u,
473,23,4.50,100.00,a,
474,23,0.00,0.00,i,4.00
475,23,2.50,100.00,a,
476,23,-0.50,100.00,a,
477,23,0.00,0.00,i,
478,23,1.30,100.00,a,
479,23,0.00,0.00,i,
480,23,-0.10,25.00,d,
481,23,-0.50,,a,
482,23,0.00,0.00,u,
483,23,-0.50,,a,
484,23,0.00,0.00,u,
485,23,1.50,100.00,a,2.00
486,23,0.00,100.00,a,
487,23,4.70,,a,
488,23,5.50,100.00,a,
489,23,0.50,100.00,a,
490,23,0.00,0.00,i,
491,23,2.00,100.00,a,
492,23,0.00,0.00,u,
493,23,-0.80,100.00,a,
494,23,0.00,100.00,a,
495,23,0.00,0.00,u,
496,23,0.00,0.00,u,
497,23,3.00,100.00,a,
498,23,0.00,0.00,u,
499,23,0.00,0.00,i,
500,23,-0.50,100.00,a,
501,23,-0.50,,a,
502,23,5.00,100.00,a,
503,23,0.00,0.00,u,
504,23,0.00,0.00,u,
505,23,4.80,,a,
506,23,5.20,100.00,a,
507,23,4.80,100.00,a,
508,23,4.80,,a,
509,23,0.00,0.00,u,
510,23,0.00,,a,
511,23,0.50,,a,
512,23,0.00,0.00,u,
513,23,0.00,,a,
514,23,0.00,100.00,a,
515,23,6.50,100.00,a,2.00
516,23,2.00,100.00,a,
517,23,5.20,,a,4.00
518,23,0.00,0.00,u,
519,23,5.00,100.00,a,
520,23,0.00,0.00,u,
521,23,2.00,100.00,a,
522,23,0.00,100.00,a,
523,23,0.00,100.00,a,
524,23,0.00,0.00,u,
525,23,0.00,0.00,i,1.00
526,23,3.80,100.00,a,3.00
527,23,1.50,100.00,a,
528,23,0.00,,a,
529,23,0.00,,a,
530,23,0.00,0.00,u,
531,23,1.60,100.00,a,
532,23,1.80,,a,
533,23,0.00,0.00,u,
534,23,0.00,0.00,u,
535,23,2.20,100.00,a,
536,23,0.00,100.00,a,
537,23,0.00,0.00,u,
538,23,0.00,0.00,u,
539,23,0.40,100.00,a,
540,23,0.00,0.00,u,
541,23,0.20,100.00,a,
542,23,0.00,0.00,u,
543,23,1.00,,a,
544,23,0.00,100.00,a,1.00
545,23,0.00,0.00,u,
546,23,0.00,100.00,a,
547,23,3.80,100.00,a,2.00
548,23,1.20,100.00,a,
549,23,0.00,0.00,u,
550,23,0.00,,a,
551,23,0.40,,a,
552,23,1.60,100.00,a,
553,23,0.20,100.00,a,
554,23,0.00,,a,
555,23,0.00,0.00,u,
556,23,0.00,0.00,u,
557,23,0.00,,a,
558,23,0.00,0.00,u,
559,23,0.00,0.00,u,
560,23,0.40,100.00,a,
561,23,1.60,,a,3.00
562,23,0.00,,a,
563,23,0.00,0.00,u,
564,23,0.00,0.00,u,
565,23,1.50,,a,
566,23,-0.50,,a,
567,23,-0.50,,a,
568,23,0.00,0.00,i,
569,23,6.10,100.00,a,
570,23,-0.30,,a,
571,23,0.00,0.00,i,
572,23,-0.30,100.00,a,
573,23,1.50,,a,
574,23,-0.30,100.00,a,
575,23,2.60,75.00,d,
576,23,0.00,0.00,u,
577,23,0.00,0.00,u,
578,23,0.00,0.00,u,
579,23,0.00,0.00,u,
580,23,1.40,,a,
581,23,0.00,0.00,i,
582,23,0.00,0.00,i,
583,23,0.00,0.00,i,
584,23,2.70,,a,4.00
585,23,0.00,0.00,i,
586,23,0.00,0.00,i,
587,23,0.50,100.00,a,
588,23,2.90,100.00,a,
589,23,0.00,0.00,u,
590,23,0.00,0.00,u,
591,23,1.10,100.00,a,
592,23,0.00,0.00,u,
593,23,-0.50,100.00,a,
594,23,0.00,0.00,u,
595,23,-0.50,,a,
596,23,0.10,100.00,a,2.00
597,23,0.00,0.00,i,3.00
598,23,0.00,0.00,u,
599,23,-0.10,,a,
600,23,2.20,,a,
601,23,0.00,0.00,u,
602,23,0.00,0.00,u,
603,23,0.20,100.00,a,
604,23,0.00,0.00,u,
605,23,0.80,,a,
606,23,2.20,100.00,a,
607,23,0.00,0.00,u,
608,23,3.00,100.00,a,
609,23,2.00,100.00,a,
610,23,1.50,100.00,a,
611,23,0.00,0.00,u,
612,23,0.00,0.00,i,1.00
613,23,3.00,100.00,a,
614,23,0.00,,a,
615,23,6.00,100.00,a,
616,23,0.00,0.00,u,
617,23,0.00,0.00,u,
618,23,0.00,0.00,u,
619,23,0.00,0.00,u,
620,23,0.00,0.00,u,
621,23,0.00,0.00,u,
622,23,0.00,0.00,u,
623,23,0.80,100.00,a,
624,23,5.20,,a,2.00
625,23,0.00,0.00,u,
626,23,0.00,0.00,u,
627,23,0.00,,a,
628,23,3.80,,a,
629,23,0.00,100.00,a,
630,23,0.00,,a,
631,23,0.00,100.00,a,
632,23,0.00,100.00,a,
633,23,5.00,100.00,a,
634,23,4.20,100.00,a,
635,23,0.50,100.00,a,
636,23,3.80,100.00,a,
637,23,0.00,0.00,i,
638,23,0.00,0.00,u,
639,23,0.00,0.00,u,
640,23,0.20,100.00,a,
641,23,0.00,0.00,u,
642,23,4.20,100.00,a,3.00
643,23,1.20,100.00,a,
644,23,0.00,100.00,a,
645,23,0.00,0.00,u,
646,23,2.80,100.00,a,
647,23,0.00,0.00,u,
648,23,0.00,0.00,u,
649,23,0.00,0.00,u,
650,23,0.20,100.00,a,
651,23,0.00,,a,
652,23,0.00,,a,
653,23,0.00,0.00,u,
654,23,1.80,100.00,a,2.00
655,23,0.00,0.00,u,
656,23,0.00,0.00,u,
657,23,0.00,0.00,i,
658,23,0.00,,a,
659,23,0.80,,a,
660,23,2.80,100.00,a,
661,23,1.50,100.00,a,
662,23,1.00,100.00,a,
663,23,3.00,,a,
664,23,0.00,,a,
665,23,1.60,100.00,a,
666,23,2.50,100.00,a,2.00
667,23,0.00,100.00,a,
668,23,0.00,0.00,i,
669,23,0.20,100.00,a,
670,23,3.00,,a,
671,23,2.20,,a,
672,23,1.00,100.00,a,
673,23,1.70,100.00,a,
674,23,-0.50,,a,
675,23,0.00,100.00,a,
676,23,2.80,100.00,a,
677,23,0.50,100.00,a,
678,23,0.00,0.00,u,
679,23,0.00,,a,
680,23,2.00,100.00,a,
681,23,4.00,100.00,a,
682,23,0.20,,a,
683,23,2.40,100.00,a,
684,23,6.00,,a,
685,23,0.50,100.00,a,
686,23,1.10,,a,
687,23,0.00,,a,
688,23,0.00,,a,
689,23,-0.50,,a,
690,23,0.00,25.00,d,
691,23,2.00,100.00,a,
692,23,0.00,0.00,i,
693,23,1.20,,a,
694,23,5.60,,a,
695,23,3.20,,a,
696,23,0.00,0.00,u,
697,23,4.20,,a,
698,23,0.60,100.00,a,
699,23,0.20,100.00,a,
700,23,0.00,0.00,i,
701,23,0.00,0.00,u,
702,23,0.00,,a,
703,23,0.00,,a,
704,23,0.00,0.00,u,
705,23,0.00,,a,
706,23,4.60,,a,
707,23,0.50,,a,
708,23,5.20,100.00,a,
709,23,2.80,75.00,d,
710,23,0.00,,a,
711,23,1.00,,a,
712,23,3.40,100.00,a,
713,23,2.50,,a,
714,23,1.70,,a,3.00
715,23,0.00,0.00,i,
716,23,0.00,0.00,i,
717,23,1.70,100.00,a,
718,23,0.20,,a,
719,23,2.20,100.00,a,
720,23,1.80,,a,
721,23,0.50,100.00,a,
722,23,4.00,,a,
723,23,2.60,100.00,a,
724,23,1.80,,a,
725,23,1.50,100.00,a,
726,23,0.70,100.00,a,
727,23,0.90,75.00,d,
728,23,1.20,100.00,a,
729,23,0.00,100.00,a,
730,23,5.60,100.00,a,
731,23,1.80,100.00,a,
732,23,0.60,,a,
733,23,2.80,,a,
734,23,1.20,100.00,a,
735,23,0.00,0.00,i,
736,23,4.50,,a,
737,23,0.20,,a,
738,23,0.00,25.00,d,
739,23,0.70,,a,
740,23,0.50,,a,
741,23,0.00,0.00,u,
742,23,0.50,,a,
743,23,0.00,,a,
744,23,0.00,,a,
745,23,-0.50,,a,
746,23,0.50,,a,
747,23,0.50,,a,
748,23,0.00,0.00,i,
749,23,6.20,,a,
750,23,-0.50,,a,
751,23,0.00,0.00,u,
752,23,0.00,,a,
753,23,-0.50,,a,
754,23,0.20,,a,
755,23,0.20,100.00,a,
756,23,0.00,,a,
757,23,0.00,,a,
758,23,0.00,,a,
759,23,1.00,,a,
760,23,0.50,,a,
761,23,0.00,,a,
762,23,0.20,,a,
763,23,0.50,,a,
764,23,0.50,,a,
765,23,-0.50,,a,
766,23,0.00,,a,
767,23,0.00,,a,
768,23,0.00,,a,
769,23,0.00,,a,
770,23,0.00,,a,
771,23,0.00,,a,
772,23,-0.50,,a,
773,23,0.00,,a,
774,23,0.00,,a,
775,23,0.00,0.00,u,
776,23,0.00,,a,
777,23,0.00,,a,
778,23,0.00,,a,
779,23,0.00,,a,
780,23,0.00,,a,
781,23,0.00,,a,
782,23,0.00,,a,
783,23,1.80,,a,
784,23,0.00,,a,
785,23,1.20,,a,
786,23,0.00,,a,
787,23,-1.00,,a,
788,23,0.00,,a,
789,23,0.00,,a,
790,23,-0.50,,a,
791,23,2.30,,a,
792,23,0.00,0.00,i,
793,23,0.00,,a,
794,23,2.20,,a,
795,23,0.00,,a,
796,23,1.50,,a,
797,23,0.00,,a,
798,23,0.00,,a,
799,23,0.00,,a,
800,23,0.00,0.00,i,
801,23,1.80,,a,
802,23,1.80,,a,
803,23,1.40,,a,
804,23,0.90,,a,
805,23,1.90,,a,
806,23,1.40,,a,
807,23,2.10,,a,
808,23,2.10,,a,
1,24,5.80,,a,
2,24,1.00,,a,
3,24,0.00,0.00,u,
4,24,1.00,,a,
5,24,6.80,100.00,a,
6,24,6.50,100.00,a,
7,24,1.20,100.00,a,
8,24,5.20,100.00,a,
9,24,0.00,0.00,u,
10,24,1.20,,a,
11,24,2.80,100.00,a,
12,24,0.00,0.00,u,
13,24,1.00,,a,
14,24,0.00,0.00,u,
15,24,1.00,,a,
16,24,1.90,75.00,d,1.00
17,24,3.00,75.00,d,3.00
18,24,5.20,100.00,a,
19,24,2.20,100.00,a,
20,24,3.00,100.00,a,4.00
21,24,3.50,100.00,a,
22,24,0.00,0.00,i,
23,24,0.00,0.00,u,
24,24,1.00,100.00,a,
25,24,0.00,0.00,u,
26,24,5.80,100.00,a,
27,24,0.20,100.00,a,
28,24,0.00,0.00,u,
29,24,0.00,0.00,u,
30,24,1.50,100.00,a,
31,24,3.00,100.00,a,
32,24,3.80,100.00,a,
33,24,0.50,,a,
34,24,0.00,0.00,u,
35,24,0.00,0.00,u,
36,24,4.00,100.00,a,
37,24,3.20,100.00,a,
38,24,4.20,100.00,a,
39,24,2.50,,a,
40,24,0.20,100.00,a,
41,24,2.50,100.00,a,
42,24,0.00,0.00,i,
43,24,0.00,0.00,u,
44,24,1.00,100.00,a,
45,24,0.00,,a,
46,24,0.00,0.00,u,
47,24,3.80,100.00,a,
48,24,0.00,0.00,i,
49,24,0.50,100.00,a,
50,24,4.00,100.00,a,2.00
51,24,0.00,0.00,u,
52,24,0.80,100.00,a,
53,24,0.00,0.00,u,
54,24,0.00,0.00,i,
55,24,0.00,100.00,a,
56,24,0.00,0.00,u,
57,24,0.00,0.00,u,
58,24,0.00,0.00,i,
59,24,1.20,100.00,a,
60,24,0.00,,a,
61,24,0.00,0.00,u,
62,24,0.00,,a,
63,24,0.00,,a,
64,24,2.20,75.00,d,3.00
65,24,0.00,0.00,u,
66,24,0.00,0.00,u,
67,24,3.50,,a,
68,24,0.00,0.00,u,
69,24,0.00,,a,
70,24,0.00,0.00,u,
71,24,0.00,0.00,u,
72,24,5.00,100.00,a,
73,24,1.80,100.00,a,
74,24,3.50,,a,
75,24,0.00,25.00,d,
76,24,0.00,,a,
77,24,4.50,,a,
78,24,0.00,0.00,u,
79,24,0.00,0.00,u,
80,24,0.00,0.00,i,
81,24,0.00,0.00,i,1.00
82,24,5.80,100.00,a,
83,24,2.50,100.00,a,
84,24,0.00,0.00,i,4.00
85,24,0.00,0.00,i,
86,24,0.50,50.00,d,
87,24,0.80,100.00,a,
88,24,3.50,100.00,a,
89,24,0.00,0.00,u,
90,24,6.50,100.00,a,
91,24,0.00,0.00,u,
92,24,0.00,100.00,a,
93,24,0.00,0.00,u,
94,24,0.00,0.00,u,
95,24,0.00,0.00,u,
96,24,0.00,0.00,u,
97,24,4.50,100.00,a,
98,24,0.80,100.00,a,
99,24,0.00,0.00,u,
100,24,4.20,,a,
101,24,6.20,100.00,a,
102,24,0.00,,a,
103,24,0.00,0.00,u,
104,24,0.00,,a,
105,24,0.00,,a,
106,24,4.00,,a,
107,24,2.20,,a,
108,24,3.80,100.00,a,
109,24,3.80,,a,
110,24,3.20,,a,
111,24,0.00,100.00,a,
112,24,0.00,0.00,u,
113,24,2.20,100.00,a,
114,24,0.00,100.00,a,
115,24,0.00,0.00,u,
116,24,1.00,100.00,a,
117,24,0.00,0.00,u,
118,24,0.00,0.00,u,
119,24,5.20,100.00,a,
120,24,0.00,0.00,s,3.00
121,24,1.50,100.00,a,
122,24,0.00,0.00,i,
123,24,0.00,0.00,i,4.00
124,24,0.80,100.00,a,
125,24,3.50,100.00,a,
126,24,2.50,,a,5.00
127,24,0.00,0.00,u,
128,24,0.00,0.00,u,
129,24,3.50,100.00,a,
130,24,0.20,,a,
131,24,0.00,0.00,u,
132,24,0.00,0.00,u,
133,24,0.00,0.00,u,
134,24,0.00,0.00,u,
135,24,1.20,100.00,a,
136,24,4.50,100.00,a,2.00
137,24,0.00,0.00,u,
138,24,0.00,,a,
139,24,2.20,,a,
140,24,0.00,,a,
141,24,0.00,0.00,u,
142,24,0.00,0.00,u,
143,24,1.50,,a,
144,24,0.00,0.00,u,
145,24,2.00,100.00,a,
146,24,3.00,100.00,a,
147,24,0.00,0.00,u,
148,24,1.80,,a,
149,24,0.00,100.00,a,
150,24,0.00,0.00,u,
151,24,3.00,100.00,a,
152,24,0.80,100.00,a,
153,24,0.00,0.00,i,
154,24,0.00,0.00,u,
155,24,0.00,0.00,u,
156,24,0.00,,a,
157,24,3.50,100.00,a,
158,24,1.20,100.00,a,
159,24,0.00,25.00,d,
160,24,0.80,100.00,a,
161,24,0.00,0.00,u,
162,24,0.00,0.00,u,
163,24,1.80,100.00,a,
164,24,0.00,0.00,u,
165,24,0.00,0.00,u,
166,24,0.00,0.00,i,
167,24,2.20,100.00,a,
168,24,0.20,100.00,a,
169,24,1.50,100.00,a,
170,24,0.80,100.00,a,1.00
171,24,0.00,0.00,u,
172,24,0.00,0.00,u,
173,24,0.00,25.00,d,
174,24,0.00,0.00,u,
175,24,0.00,,a,
176,24,0.00,0.00,u,
177,24,0.00,0.00,u,
178,24,1.50,100.00,a,2.00
179,24,0.00,0.00,u,
180,24,0.00,0.00,i,
181,24,2.20,,a,
182,24,0.00,,a,
183,24,0.00,,a,
184,24,0.00,0.00,u,
185,24,0.00,,a,
186,24,0.00,0.00,i,
187,24,1.80,100.00,a,
188,24,0.00,0.00,u,
189,24,0.00,0.00,u,
190,24,0.20,,a,
191,24,2.80,100.00,a,
192,24,0.00,,a,
193,24,3.50,100.00,a,
194,24,0.00,0.00,i,
195,24,1.80,100.00,a,
196,24,0.00,0.00,u,
197,24,0.00,0.00,u,
198,24,2.20,100.00,a,
199,24,0.00,100.00,a,
200,24,2.80,100.00,a,
201,24,0.00,0.00,u,
202,24,0.20,100.00,a,3.00
203,24,0.00,,a,
204,24,0.00,0.00,u,
205,24,0.00,0.00,i,
206,24,4.50,,a,
207,24,0.50,100.00,a,
208,24,0.00,0.00,u,
209,24,1.50,,a,
210,24,0.50,,a,
211,24,0.00,0.00,u,
212,24,0.00,0.00,u,
213,24,0.00,0.00,u,
214,24,0.00,0.00,i,
215,24,0.20,100.00,a,1.00
216,24,0.00,0.00,i,
217,24,2.00,100.00,a,
218,24,-0.20,,a,2.00
219,24,0.00,0.00,u,
220,24,4.50,100.00,a,
221,24,0.00,75.00,d,
222,24,0.00,0.00,u,
223,24,0.00,,a,
224,24,3.20,100.00,a,
225,24,2.80,75.00,d,
226,24,4.50,100.00,a,
227,24,0.00,0.00,i,
228,24,1.00,100.00,a,
229,24,1.00,100.00,a,
230,24,1.20,100.00,a,
231,24,0.00,100.00,a,
232,24,0.00,0.00,i,
233,24,0.50,100.00,a,
234,24,0.00,0.00,u,
235,24,3.00,100.00,a,1.00
236,24,2.40,75.00,d,
237,24,5.80,100.00,a,2.00
238,24,3.20,100.00,a,3.00
239,24,0.00,0.00,i,
240,24,0.00,0.00,u,
241,24,3.50,100.00,a,
242,24,0.80,100.00,a,
243,24,0.00,,a,
244,24,0.00,0.00,i,
245,24,0.00,0.00,s,
246,24,1.20,100.00,a,
247,24,0.00,0.00,i,
248,24,0.00,0.00,u,
249,24,7.80,,a,
250,24,4.20,100.00,a,
251,24,0.00,0.00,u,
252,24,0.00,100.00,a,
253,24,3.00,,a,
254,24,0.00,100.00,a,
255,24,0.00,,a,
256,24,0.80,100.00,a,
257,24,3.00,,a,
258,24,2.00,,a,
259,24,0.20,50.00,d,
260,24,3.80,100.00,a,
261,24,2.50,100.00,a,
262,24,1.20,100.00,a,
263,24,0.00,100.00,a,
264,24,0.00,0.00,u,
265,24,0.00,0.00,i,
266,24,1.80,,a,
267,24,2.20,100.00,a,
268,24,0.00,0.00,i,
269,24,0.00,0.00,u,
270,24,2.80,100.00,a,
271,24,0.00,50.00,d,
272,24,3.00,100.00,a,
273,24,0.80,100.00,a,
274,24,0.00,,a,
275,24,0.00,0.00,u,
276,24,0.00,0.00,i,
277,24,0.00,0.00,u,
278,24,0.00,0.00,u,
279,24,0.00,0.00,u,
280,24,0.00,0.00,u,
281,24,0.00,,a,
282,24,0.00,0.00,u,
283,24,1.50,100.00,a,2.00
284,24,0.00,0.00,i,
285,24,0.00,0.00,u,
286,24,0.00,,a,
287,24,4.50,,a,
288,24,0.00,,a,
289,24,0.00,0.00,u,
290,24,0.50,100.00,a,
291,24,4.50,,a,
292,24,1.90,75.00,d,
293,24,5.00,,a,
294,24,0.00,100.00,a,
295,24,1.80,100.00,a,
296,24,3.00,100.00,a,
297,24,0.00,,a,
298,24,0.00,,a,
299,24,1.00,100.00,a,1.00
300,24,2.00,,a,
301,24,0.20,100.00,a,
302,24,2.00,100.00,a,
303,24,4.00,,a,
304,24,1.80,100.00,a,
305,24,2.50,100.00,a,
306,24,0.00,,a,
307,24,0.00,,a,
308,24,0.00,0.00,u,
309,24,0.00,0.00,u,
310,24,5.20,,a,
311,24,2.50,,a,2.00
312,24,0.00,0.00,u,
313,24,0.00,100.00,a,
314,24,2.80,,a,
315,24,0.00,0.00,u,
316,24,1.50,100.00,a,
317,24,3.00,100.00,a,
318,24,0.20,100.00,a,
319,24,1.80,,a,
320,24,0.80,,a,
321,24,2.00,,a,
322,24,0.00,100.00,a,
323,24,0.00,,a,
324,24,1.00,100.00,a,
325,24,3.00,100.00,a,
326,24,0.20,,a,
327,24,0.00,0.00,u,
328,24,2.20,100.00,a,
329,24,5.80,100.00,a,3.00
330,24,3.80,,a,
331,24,1.20,100.00,a,
332,24,0.00,0.00,i,
333,24,0.00,0.00,u,
334,24,0.00,0.00,u,
335,24,1.20,100.00,a,
336,24,0.20,,a,
337,24,3.80,100.00,a,1.00
338,24,0.00,50.00,d,
339,24,0.00,,a,
340,24,0.00,,a,
341,24,2.20,,a,
342,24,2.00,100.00,a,
343,24,3.50,100.00,a,3.00
344,24,0.60,75.00,d,
345,24,1.50,100.00,a,
346,24,0.00,,a,
347,24,1.20,100.00,a,
348,24,3.20,100.00,a,
349,24,0.00,0.00,u,
350,24,5.80,,a,
351,24,0.80,100.00,a,
352,24,0.00,0.00,u,
353,24,0.00,75.00,d,
354,24,4.00,100.00,a,
355,24,0.00,0.00,u,
356,24,3.20,,a,
357,24,0.00,0.00,u,
358,24,0.80,100.00,a,
359,24,0.00,0.00,u,
360,24,0.00,0.00,u,
361,24,0.00,0.00,u,
362,24,0.20,100.00,a,2.00
363,24,0.00,0.00,u,
364,24,0.00,0.00,u,
365,24,0.50,25.00,d,1.00
366,24,3.80,100.00,a,
367,24,0.00,,a,
368,24,0.00,,a,
369,24,0.00,,a,
370,24,0.00,0.00,i,
371,24,3.80,,a,
372,24,0.50,,a,
373,24,5.20,,a,
374,24,5.00,100.00,a,
375,24,0.00,0.00,i,
376,24,0.20,75.00,d,
377,24,0.00,0.00,u,
378,24,0.00,100.00,a,
379,24,0.00,,a,
380,24,0.00,,a,
381,24,2.50,100.00,a,1.00
382,24,6.80,100.00,a,
383,24,0.00,0.00,u,
384,24,2.80,100.00,a,3.00
385,24,0.50,100.00,a,
386,24,1.20,100.00,a,4.00
387,24,5.20,100.00,a,
388,24,1.80,100.00,a,
389,24,0.20,100.00,a,
390,24,2.50,100.00,a,
391,24,0.00,0.00,i,
392,24,0.50,100.00,a,
393,24,0.00,0.00,i,
394,24,0.00,0.00,u,
395,24,0.00,0.00,u,
396,24,0.00,,a,
397,24,0.00,0.00,u,
398,24,0.00,0.00,i,
399,24,0.00,0.00,u,
400,24,0.00,,a,
401,24,0.00,100.00,a,
402,24,0.80,100.00,a,
403,24,0.00,0.00,i,
404,24,0.00,0.00,u,
405,24,0.80,,a,
406,24,2.80,100.00,a,
407,24,3.50,100.00,a,4.00
408,24,0.00,50.00,d,
409,24,0.00,0.00,i,
410,24,0.20,100.00,a,
411,24,1.80,100.00,a,
412,24,0.00,0.00,u,
413,24,2.80,100.00,a,2.00
414,24,1.20,100.00,a,
415,24,0.00,0.00,i,
416,24,2.80,75.00,d,
417,24,2.40,75.00,d,
418,24,0.00,0.00,i,3.00
419,24,0.00,0.00,i,
420,24,0.00,0.00,u,
421,24,2.50,100.00,a,
422,24,0.00,0.00,i,
423,24,1.00,100.00,a,
424,24,0.00,100.00,a,
425,24,0.00,0.00,u,
426,24,0.00,,a,
427,24,1.80,,a,
428,24,0.00,100.00,a,
429,24,0.00,0.00,u,
430,24,3.50,100.00,a,1.00
431,24,0.00,,a,
432,24,0.00,0.00,u,
433,24,0.00,0.00,u,
434,24,0.00,,a,
435,24,0.00,,a,
436,24,0.00,0.00,i,
437,24,2.20,100.00,a,
438,24,0.50,100.00,a,
439,24,0.00,,a,
440,24,2.20,100.00,a,
441,24,0.00,0.00,i,
442,24,2.80,100.00,a,
443,24,2.00,,a,
444,24,0.50,,a,
445,24,0.00,0.00,u,
446,24,0.00,,a,
447,24,0.20,100.00,a,
448,24,0.00,,a,
449,24,8.00,100.00,a,1.00
450,24,6.00,100.00,a,
451,24,0.00,0.00,u,
452,24,1.80,100.00,a,
453,24,0.50,,a,
454,24,0.00,0.00,u,
455,24,0.10,25.00,d,
456,24,1.50,100.00,a,
457,24,5.50,100.00,a,
458,24,3.20,100.00,a,
459,24,1.00,,a,
460,24,0.00,0.00,u,
461,24,0.00,,a,
462,24,0.00,,a,
463,24,0.00,,a,
464,24,0.00,0.00,u,
465,24,0.00,0.00,u,
466,24,0.20,100.00,a,
467,24,0.00,,a,
468,24,0.00,0.00,u,
469,24,3.00,100.00,a,
470,24,3.50,100.00,a,
471,24,0.00,,a,
472,24,0.00,0.00,u,
473,24,4.20,100.00,a,
474,24,0.00,0.00,i,4.00
475,24,3.00,100.00,a,
476,24,0.20,100.00,a,
477,24,0.00,0.00,i,
478,24,2.00,100.00,a,
479,24,0.00,0.00,i,
480,24,0.00,0.00,u,
481,24,0.20,,a,
482,24,0.00,0.00,u,
483,24,0.00,,a,
484,24,0.00,0.00,u,
485,24,2.20,75.00,d,2.00
486,24,1.00,100.00,a,
487,24,5.50,,a,
488,24,2.60,75.00,d,
489,24,0.50,100.00,a,
490,24,0.00,0.00,i,
491,24,2.20,100.00,a,
492,24,0.00,0.00,u,
493,24,0.50,100.00,a,
494,24,0.80,100.00,a,
495,24,0.00,0.00,u,
496,24,0.00,0.00,u,
497,24,1.40,75.00,d,
498,24,0.00,0.00,u,
499,24,0.00,0.00,i,
500,24,0.20,100.00,a,
501,24,0.00,,a,
502,24,4.30,75.00,d,
503,24,0.00,0.00,u,
504,24,0.00,0.00,u,
505,24,5.70,,a,
506,24,6.00,100.00,a,
507,24,6.00,100.00,a,
508,24,0.00,0.00,s,
509,24,0.00,0.00,u,
510,24,0.00,,a,
511,24,0.70,,a,
512,24,0.00,0.00,u,
513,24,0.00,,a,
514,24,0.00,100.00,a,
515,24,5.70,100.00,a,2.00
516,24,1.70,75.00,d,
517,24,5.70,,a,4.00
518,24,0.00,0.00,u,
519,24,2.30,100.00,a,
520,24,0.00,0.00,u,
521,24,3.30,100.00,a,
522,24,0.30,100.00,a,
523,24,0.00,100.00,a,
524,24,0.00,0.00,u,
525,24,0.00,0.00,i,1.00
526,24,4.30,100.00,a,3.00
527,24,2.00,100.00,a,
528,24,0.00,0.00,u,
529,24,-1.00,,a,
530,24,0.00,0.00,u,
531,24,3.00,100.00,a,
532,24,0.50,,a,
533,24,0.00,0.00,u,
534,24,0.00,0.00,u,
535,24,-0.20,100.00,a,
536,24,0.00,0.00,u,
537,24,0.00,0.00,u,
538,24,0.00,0.00,u,
539,24,-0.20,100.00,a,
540,24,0.00,0.00,u,
541,24,2.00,100.00,a,
542,24,0.00,0.00,u,
543,24,0.00,0.00,u,
544,24,2.50,100.00,a,1.00
545,24,0.00,0.00,u,
546,24,-1.00,100.00,a,
547,24,2.80,100.00,a,2.00
548,24,0.20,100.00,a,
549,24,0.00,0.00,u,
550,24,-1.00,,a,
551,24,-0.80,,a,
552,24,1.80,100.00,a,
553,24,1.20,100.00,a,
554,24,-1.00,,a,
555,24,0.00,0.00,u,
556,24,0.00,0.00,u,
557,24,-1.00,,a,
558,24,0.00,0.00,u,
559,24,0.00,0.00,u,
560,24,-0.50,100.00,a,
561,24,0.00,,a,3.00
562,24,-1.00,,a,
563,24,0.00,0.00,u,
564,24,0.00,0.00,u,
565,24,1.00,,a,
566,24,0.00,,a,
567,24,0.00,,a,
568,24,0.00,0.00,i,
569,24,5.50,100.00,a,
570,24,0.00,0.00,i,
571,24,0.00,0.00,i,
572,24,0.50,100.00,a,
573,24,0.60,75.00,d,
574,24,0.50,100.00,a,
575,24,1.80,100.00,a,
576,24,0.00,0.00,u,
577,24,0.00,0.00,u,
578,24,0.00,0.00,u,
579,24,0.00,0.00,u,
580,24,2.00,,a,
581,24,0.00,0.00,i,
582,24,0.00,0.00,i,
583,24,0.00,0.00,i,
584,24,3.50,,a,4.00
585,24,0.00,0.00,i,
586,24,0.00,0.00,i,
587,24,1.50,100.00,a,
588,24,3.00,100.00,a,
589,24,0.00,0.00,u,
590,24,0.00,0.00,u,
591,24,1.00,100.00,a,
592,24,0.00,0.00,u,
593,24,0.20,100.00,a,
594,24,0.00,0.00,u,
595,24,0.00,,a,
596,24,3.80,100.00,a,2.00
597,24,0.00,0.00,i,3.00
598,24,0.00,0.00,u,
599,24,0.00,0.00,u,
600,24,2.30,,a,
601,24,0.00,0.00,u,
602,24,0.00,0.00,u,
603,24,0.70,100.00,a,
604,24,0.00,0.00,u,
605,24,0.70,,a,
606,24,3.00,100.00,a,
607,24,0.00,0.00,u,
608,24,2.30,100.00,a,
609,24,0.00,0.00,s,
610,24,4.30,100.00,a,
611,24,0.00,0.00,u,
612,24,0.00,0.00,u,
613,24,2.30,100.00,a,
614,24,0.00,,a,
615,24,8.30,100.00,a,
616,24,0.00,0.00,u,
617,24,0.00,0.00,u,
618,24,0.00,0.00,u,
619,24,0.00,0.00,u,
620,24,0.00,0.00,u,
621,24,0.00,0.00,u,
622,24,0.00,0.00,u,
623,24,0.30,100.00,a,
624,24,7.70,,a,2.00
625,24,0.00,0.00,u,
626,24,0.00,0.00,u,
627,24,0.00,,a,
628,24,2.50,,a,
629,24,0.00,100.00,a,
630,24,0.00,,a,
631,24,0.80,100.00,a,
632,24,0.00,100.00,a,
633,24,2.80,100.00,a,
634,24,2.80,100.00,a,
635,24,1.00,100.00,a,
636,24,2.80,100.00,a,
637,24,0.00,0.00,i,
638,24,0.00,0.00,u,
639,24,0.00,0.00,u,
640,24,0.50,100.00,a,
641,24,0.00,0.00,u,
642,24,2.00,100.00,a,3.00
643,24,1.80,100.00,a,
644,24,0.20,100.00,a,
645,24,0.00,0.00,u,
646,24,3.20,100.00,a,
647,24,0.00,0.00,u,
648,24,0.00,0.00,u,
649,24,0.00,0.00,u,
650,24,0.00,0.00,u,
651,24,0.00,,a,
652,24,0.00,,a,
653,24,0.00,0.00,u,
654,24,1.80,100.00,a,
655,24,0.00,0.00,u,
656,24,0.00,0.00,u,
657,24,0.00,0.00,i,
658,24,0.00,,a,
659,24,0.00,,a,
660,24,0.80,25.00,d,
661,24,4.00,100.00,a,
662,24,1.00,100.00,a,
663,24,1.00,,a,
664,24,0.00,,a,
665,24,0.20,100.00,a,
666,24,3.80,100.00,a,2.00
667,24,0.00,100.00,a,
668,24,0.00,0.00,i,
669,24,0.70,100.00,a,
670,24,1.80,,a,
671,24,2.70,,a,
672,24,0.80,100.00,a,
673,24,3.20,100.00,a,
674,24,0.00,,a,
675,24,0.30,100.00,a,
676,24,2.80,100.00,a,
677,24,0.50,100.00,a,
678,24,0.00,0.00,u,
679,24,0.00,,a,
680,24,1.80,100.00,a,
681,24,5.00,100.00,a,
682,24,0.20,,a,
683,24,1.20,100.00,a,
684,24,2.20,,a,
685,24,0.80,100.00,a,
686,24,0.50,,a,
687,24,0.00,,a,
688,24,0.00,,a,
689,24,0.00,,a,
690,24,0.00,25.00,d,
691,24,3.50,100.00,a,
692,24,0.00,0.00,i,
693,24,0.70,,a,
694,24,4.50,,a,
695,24,2.00,,a,
696,24,0.00,0.00,u,
697,24,5.50,,a,
698,24,1.50,100.00,a,
699,24,0.70,100.00,a,
700,24,0.00,0.00,i,
701,24,0.00,0.00,u,
702,24,0.00,,a,
703,24,0.00,,a,
704,24,0.00,0.00,u,
705,24,0.00,,a,
706,24,4.50,,a,
707,24,0.50,,a,
708,24,7.00,100.00,a,
709,24,1.70,75.00,d,
710,24,0.00,,a,
711,24,1.00,,a,
712,24,3.50,100.00,a,
713,24,3.50,,a,
714,24,2.20,,a,3.00
715,24,0.00,0.00,i,
716,24,0.00,0.00,i,
717,24,4.20,100.00,a,
718,24,0.00,,a,
719,24,1.80,100.00,a,
720,24,1.80,,a,
721,24,0.50,100.00,a,
722,24,3.80,,a,
723,24,2.50,100.00,a,
724,24,-0.50,,a,
725,24,2.80,100.00,a,
726,24,1.20,100.00,a,
727,24,2.00,100.00,a,
728,24,1.00,100.00,a,
729,24,0.00,100.00,a,
730,24,4.00,100.00,a,
731,24,2.20,100.00,a,
732,24,0.50,,a,
733,24,2.80,,a,
734,24,0.00,100.00,a,
735,24,0.00,0.00,i,
736,24,3.20,,a,
737,24,0.00,,a,
738,24,0.00,25.00,d,
739,24,0.20,,a,
740,24,0.00,,a,
741,24,0.00,0.00,u,
742,24,0.00,,a,
743,24,0.00,,a,
744,24,0.00,,a,
745,24,0.20,,a,
746,24,0.00,,a,
747,24,0.00,,a,
748,24,0.00,0.00,i,
749,24,3.80,,a,
750,24,0.00,,a,
751,24,0.00,0.00,u,
752,24,0.00,,a,
753,24,0.00,,a,
754,24,0.20,,a,
755,24,0.20,100.00,a,
756,24,0.00,,a,
757,24,0.00,,a,
758,24,0.00,,a,
759,24,1.00,,a,
760,24,0.00,,a,
761,24,0.00,,a,
762,24,0.00,,a,
763,24,0.00,,a,
764,24,0.00,,a,
765,24,0.00,,a,
766,24,0.00,,a,
767,24,0.00,,a,
768,24,0.00,,a,
769,24,0.00,,a,
770,24,0.00,,a,
771,24,0.00,,a,
772,24,0.00,,a,
773,24,0.00,,a,
774,24,-1.00,,a,
775,24,0.00,0.00,u,
776,24,0.00,,a,
777,24,0.00,,a,
778,24,0.00,,a,
779,24,0.00,,a,
780,24,0.00,,a,
781,24,0.00,,a,
782,24,0.00,,a,
783,24,4.50,,a,
784,24,0.00,,a,
785,24,2.00,,a,
786,24,0.00,,a,
787,24,0.00,,a,
788,24,0.00,,a,
789,24,0.00,,a,
790,24,0.00,,a,
791,24,2.30,,a,
792,24,0.00,0.00,i,
793,24,0.00,,a,
794,24,1.20,,a,
795,24,0.00,,a,
796,24,3.70,,a,
797,24,0.00,,a,
798,24,0.00,,a,
799,24,0.00,,a,
800,24,0.00,0.00,i,
801,24,1.00,,a,
802,24,0.00,,a,
803,24,0.00,,a,
804,24,1.40,,a,
805,24,1.90,,a,
806,24,1.50,,a,
807,24,2.10,,a,
808,24,2.10,,a,
809,24,1.30,,a,
810,24,1.30,,a,
811,24,1.30,,a,
812,24,0.50,,a,
813,24,0.80,,a,
814,24,2.10,,a,
815,24,2.10,,a,
816,24,1.80,,a,
817,24,1.90,,a,
1,25,12.00,,a,
2,25,2.00,,a,
3,25,0.00,0.00,u,
4,25,2.00,,a,
5,25,13.60,100.00,a,
6,25,13.00,100.00,a,
7,25,5.60,100.00,a,
8,25,10.40,100.00,a,
9,25,0.00,0.00,u,
10,25,2.00,,a,
11,25,5.60,100.00,a,
12,25,0.00,0.00,u,
13,25,2.00,,a,
14,25,0.00,0.00,u,
15,25,2.00,,a,
16,25,1.80,50.00,d,1.00
17,25,3.20,50.00,d,3.00
18,25,10.40,100.00,a,
19,25,6.40,100.00,a,
20,25,6.00,75.00,d,4.00
21,25,8.00,100.00,a,
22,25,0.00,0.00,i,
23,25,0.00,0.00,u,
24,25,2.40,100.00,a,
25,25,0.00,0.00,u,
26,25,14.00,100.00,a,
27,25,0.00,0.00,n,
28,25,0.00,0.00,u,
29,25,0.00,0.00,u,
30,25,5.60,100.00,a,
31,25,6.00,100.00,a,
32,25,5.00,100.00,a,
33,25,0.00,,a,
34,25,0.00,0.00,u,
35,25,0.00,0.00,u,
36,25,3.00,100.00,a,
37,25,2.00,100.00,a,
38,25,3.00,100.00,a,
39,25,2.50,,a,
40,25,0.80,100.00,a,
41,25,2.50,100.00,a,
42,25,0.00,0.00,i,
43,25,0.00,0.00,u,
44,25,1.00,100.00,a,
45,25,0.00,0.00,u,
46,25,0.00,0.00,u,
47,25,5.50,100.00,a,
48,25,0.00,0.00,i,
49,25,0.80,100.00,a,
50,25,4.00,100.00,a,2.00
51,25,0.00,0.00,u,
52,25,0.80,100.00,a,
53,25,0.00,0.00,u,
54,25,0.00,0.00,i,
55,25,0.20,100.00,a,
56,25,0.00,0.00,u,
57,25,0.00,0.00,u,
58,25,0.00,0.00,i,
59,25,2.20,100.00,a,
60,25,0.00,0.00,u,
61,25,0.00,0.00,u,
62,25,0.00,0.00,u,
63,25,0.00,0.00,u,
64,25,3.00,100.00,a,3.00
65,25,0.00,0.00,u,
66,25,0.00,0.00,u,
67,25,4.00,,a,
68,25,0.00,0.00,u,
69,25,0.00,,a,
70,25,0.00,0.00,u,
71,25,0.00,0.00,u,
72,25,4.00,100.00,a,
73,25,2.00,100.00,a,
74,25,3.80,,a,
75,25,0.00,25.00,d,
76,25,0.00,,a,
77,25,5.50,,a,
78,25,0.00,0.00,u,
79,25,0.00,0.00,u,
80,25,0.00,0.00,i,
81,25,0.00,0.00,i,1.00
82,25,5.30,100.00,a,
83,25,4.50,100.00,a,
84,25,0.00,0.00,i,4.00
85,25,0.00,50.00,d,
86,25,0.20,100.00,a,
87,25,1.00,100.00,a,
88,25,3.80,100.00,a,
89,25,0.00,0.00,u,
90,25,6.00,100.00,a,
91,25,0.00,0.00,u,
92,25,0.00,0.00,u,
93,25,0.00,0.00,u,
94,25,0.00,0.00,u,
95,25,0.00,0.00,u,
96,25,0.00,0.00,u,
97,25,3.50,100.00,a,
98,25,0.80,100.00,a,
99,25,0.00,0.00,u,
100,25,3.00,,a,
101,25,2.20,100.00,a,
102,25,-1.00,,a,
103,25,0.00,0.00,u,
104,25,-1.00,,a,
105,25,-1.00,,a,
106,25,-0.20,,a,
107,25,0.00,,a,
108,25,2.00,100.00,a,
109,25,1.50,,a,
110,25,1.00,,a,
111,25,-1.00,100.00,a,
112,25,0.00,0.00,u,
113,25,1.50,100.00,a,
114,25,0.00,0.00,u,
115,25,0.00,0.00,u,
116,25,-0.20,100.00,a,
117,25,0.00,0.00,u,
118,25,0.00,0.00,u,
119,25,7.20,100.00,a,
120,25,0.00,0.00,s,3.00
121,25,0.50,100.00,a,
122,25,0.00,0.00,i,
123,25,0.00,0.00,i,4.00
124,25,-0.20,100.00,a,
125,25,3.00,100.00,a,
126,25,2.80,,a,5.00
127,25,0.00,0.00,u,
128,25,0.00,0.00,u,
129,25,0.80,100.00,a,
130,25,-0.50,,a,
131,25,0.00,0.00,u,
132,25,0.00,0.00,u,
133,25,0.00,0.00,u,
134,25,0.00,0.00,u,
135,25,1.50,100.00,a,
136,25,1.80,100.00,a,2.00
137,25,0.00,0.00,u,
138,25,0.00,,a,
139,25,2.20,,a,
140,25,0.00,,a,
141,25,0.00,0.00,u,
142,25,0.00,0.00,u,
143,25,2.50,,a,
144,25,0.00,0.00,u,
145,25,2.20,100.00,a,
146,25,3.20,100.00,a,
147,25,0.00,0.00,u,
148,25,1.80,,a,
149,25,0.00,100.00,a,
150,25,0.00,0.00,u,
151,25,1.70,75.00,d,
152,25,0.80,100.00,a,
153,25,0.00,0.00,i,
154,25,0.00,0.00,u,
155,25,0.00,0.00,u,
156,25,0.00,,a,
157,25,2.00,100.00,a,
158,25,1.20,100.00,a,
159,25,0.00,25.00,d,
160,25,1.00,100.00,a,
161,25,0.00,0.00,u,
162,25,0.00,0.00,u,
163,25,0.80,100.00,a,
164,25,0.20,100.00,a,
165,25,0.00,0.00,u,
166,25,0.00,0.00,i,
167,25,2.80,100.00,a,
168,25,0.20,100.00,a,
169,25,1.00,100.00,a,
170,25,0.50,100.00,a,1.00
171,25,0.00,0.00,u,
172,25,0.00,0.00,u,
173,25,0.00,25.00,d,
174,25,0.00,0.00,u,
175,25,0.00,0.00,u,
176,25,0.00,0.00,u,
177,25,0.00,0.00,u,
178,25,1.50,100.00,a,2.00
179,25,0.00,0.00,u,
180,25,0.00,0.00,i,
181,25,2.80,,a,
182,25,0.50,,a,
183,25,0.00,,a,
184,25,0.00,0.00,u,
185,25,0.00,,a,
186,25,0.00,0.00,i,
187,25,1.80,100.00,a,
188,25,0.00,0.00,u,
189,25,0.00,0.00,u,
190,25,0.20,,a,
191,25,2.20,100.00,a,
192,25,0.00,,a,
193,25,2.00,100.00,a,
194,25,0.00,0.00,i,
195,25,1.80,100.00,a,
196,25,0.00,0.00,u,
197,25,0.00,0.00,u,
198,25,2.20,100.00,a,
199,25,0.00,100.00,a,
200,25,1.80,100.00,a,
201,25,0.00,0.00,u,
202,25,0.50,100.00,a,3.00
203,25,0.00,,a,
204,25,0.00,0.00,u,
205,25,0.00,0.00,i,
206,25,3.80,,a,
207,25,1.00,100.00,a,
208,25,0.00,0.00,u,
209,25,0.50,,a,
210,25,0.80,,a,
211,25,0.00,0.00,u,
212,25,0.00,0.00,u,
213,25,0.00,0.00,u,
214,25,0.00,0.00,i,
215,25,0.80,100.00,a,1.00
216,25,0.00,0.00,i,
217,25,2.20,100.00,a,
218,25,-0.20,,a,2.00
219,25,0.00,0.00,u,
220,25,4.50,100.00,a,
221,25,0.00,75.00,d,
222,25,0.00,0.00,u,
223,25,0.00,,a,
224,25,5.00,100.00,a,
225,25,2.60,75.00,d,
226,25,4.80,100.00,a,
227,25,0.00,0.00,i,
228,25,1.00,100.00,a,
229,25,1.00,100.00,a,
230,25,1.80,100.00,a,
231,25,0.00,100.00,a,
232,25,0.60,75.00,d,
233,25,0.50,100.00,a,
234,25,0.00,0.00,u,
235,25,7.80,100.00,a,1.00
236,25,2.50,100.00,a,
237,25,6.00,100.00,a,2.00
238,25,3.20,100.00,a,3.00
239,25,0.00,0.00,i,
240,25,0.00,0.00,u,
241,25,3.80,100.00,a,
242,25,4.00,100.00,a,
243,25,0.20,,a,
244,25,0.00,0.00,i,
245,25,0.00,0.00,s,
246,25,1.50,100.00,a,
247,25,0.00,0.00,i,
248,25,0.00,0.00,u,
249,25,9.50,,a,
250,25,2.80,100.00,a,
251,25,0.00,0.00,u,
252,25,0.00,100.00,a,
253,25,3.20,,a,
254,25,0.00,100.00,a,
255,25,0.00,,a,
256,25,2.00,100.00,a,
257,25,3.80,,a,
258,25,2.20,,a,
259,25,0.20,100.00,a,
260,25,3.50,100.00,a,
261,25,4.50,100.00,a,
262,25,1.20,100.00,a,
263,25,0.00,100.00,a,
264,25,0.00,0.00,u,
265,25,0.00,0.00,i,
266,25,3.60,,a,
267,25,4.20,100.00,a,
268,25,0.00,0.00,i,
269,25,0.00,0.00,u,
270,25,2.50,100.00,a,
271,25,0.20,100.00,a,
272,25,4.20,100.00,a,
273,25,0.80,100.00,a,
274,25,0.00,,a,
275,25,0.00,0.00,u,
276,25,0.20,50.00,d,
277,25,0.00,0.00,u,
278,25,0.00,0.00,u,
279,25,0.00,0.00,u,
280,25,0.00,0.00,u,
281,25,0.00,,a,
282,25,0.00,0.00,u,
283,25,0.00,0.00,i,2.00
284,25,0.00,0.00,i,
285,25,0.00,0.00,u,
286,25,0.00,,a,
287,25,4.20,,a,
288,25,0.00,,a,
289,25,0.00,0.00,u,
290,25,0.80,100.00,a,
291,25,4.00,,a,
292,25,2.50,100.00,a,
293,25,5.20,,a,
294,25,0.00,100.00,a,
295,25,1.50,100.00,a,
296,25,2.80,100.00,a,
297,25,0.00,0.00,u,
298,25,0.00,,a,
299,25,1.50,100.00,a,1.00
300,25,1.50,,a,
301,25,0.20,100.00,a,
302,25,2.20,100.00,a,
303,25,3.50,,a,
304,25,0.20,100.00,a,
305,25,2.00,100.00,a,
306,25,0.00,,a,
307,25,0.00,,a,
308,25,0.00,0.00,u,
309,25,0.00,0.00,u,
310,25,5.20,,a,
311,25,2.50,,a,2.00
312,25,0.00,0.00,u,
313,25,0.00,0.00,u,
314,25,1.30,,a,
315,25,0.00,0.00,u,
316,25,0.50,100.00,a,
317,25,2.30,100.00,a,
318,25,-0.30,100.00,a,
319,25,1.50,,a,
320,25,-0.30,,a,
321,25,2.00,,a,
322,25,-0.30,100.00,a,
323,25,-0.50,,a,
324,25,1.50,100.00,a,
325,25,1.70,100.00,a,
326,25,0.20,,a,
327,25,0.00,0.00,u,
328,25,2.00,100.00,a,
329,25,3.50,100.00,a,3.00
330,25,1.30,,a,
331,25,0.00,0.00,i,
332,25,0.00,0.00,i,
333,25,0.00,0.00,u,
334,25,0.00,0.00,u,
335,25,0.70,100.00,a,
336,25,-0.50,,a,
337,25,3.30,100.00,a,1.00
338,25,-0.30,100.00,a,
339,25,0.00,,a,
340,25,0.00,,a,
341,25,3.00,,a,
342,25,4.00,100.00,a,
343,25,0.00,0.00,i,3.00
344,25,0.00,100.00,a,
345,25,1.50,100.00,a,
346,25,0.00,,a,
347,25,1.80,100.00,a,
348,25,4.00,100.00,a,
349,25,0.00,0.00,u,
350,25,3.00,,a,
351,25,0.50,100.00,a,
352,25,0.00,0.00,u,
353,25,0.20,100.00,a,
354,25,3.80,100.00,a,
355,25,0.00,0.00,u,
356,25,4.20,,a,
357,25,0.00,0.00,u,
358,25,0.50,100.00,a,
359,25,0.00,0.00,u,
360,25,0.00,0.00,u,
361,25,0.00,0.00,u,
362,25,0.20,100.00,a,2.00
363,25,0.00,0.00,u,
364,25,0.00,0.00,u,
365,25,1.80,100.00,a,1.00
366,25,2.00,100.00,a,
367,25,0.50,,a,
368,25,0.50,,a,
369,25,0.50,,a,
370,25,0.00,0.00,i,
371,25,2.30,,a,
372,25,1.00,,a,
373,25,4.30,,a,
374,25,4.00,100.00,a,
375,25,0.00,0.00,i,
376,25,0.40,75.00,d,
377,25,0.00,0.00,u,
378,25,0.50,100.00,a,
379,25,0.50,,a,
380,25,0.50,,a,
381,25,3.50,100.00,a,1.00
382,25,7.00,100.00,a,
383,25,0.00,0.00,u,
384,25,3.00,100.00,a,3.00
385,25,1.30,100.00,a,
386,25,1.70,100.00,a,4.00
387,25,0.00,0.00,s,
388,25,2.50,100.00,a,
389,25,0.20,100.00,a,
390,25,3.50,100.00,a,
391,25,0.00,0.00,i,
392,25,1.00,100.00,a,
393,25,0.00,0.00,i,
394,25,0.00,0.00,u,
395,25,0.00,0.00,u,
396,25,0.50,,a,
397,25,0.00,0.00,u,
398,25,0.00,0.00,i,
399,25,0.00,0.00,u,
400,25,0.20,,a,
401,25,0.50,100.00,a,
402,25,1.70,100.00,a,
403,25,0.00,0.00,i,
404,25,0.00,0.00,u,
405,25,1.00,,a,
406,25,2.10,50.00,d,
407,25,4.70,100.00,a,4.00
408,25,0.70,100.00,a,
409,25,0.10,25.00,d,
410,25,0.50,100.00,a,
411,25,2.50,100.00,a,
412,25,0.00,0.00,u,
413,25,3.70,100.00,a,2.00
414,25,1.30,100.00,a,
415,25,0.00,0.00,i,
416,25,5.50,100.00,a,
417,25,3.70,100.00,a,
418,25,0.00,0.00,i,3.00
419,25,0.00,0.00,i,
420,25,0.00,0.00,u,
421,25,3.70,100.00,a,
422,25,0.00,0.00,i,
423,25,0.50,100.00,a,
424,25,-0.30,100.00,a,
425,25,0.00,0.00,u,
426,25,0.00,,a,
427,25,1.70,,a,
428,25,0.50,100.00,a,
429,25,0.00,0.00,u,
430,25,5.30,100.00,a,1.00
431,25,0.00,,a,
432,25,0.00,0.00,u,
433,25,0.00,0.00,u,
434,25,0.00,,a,
435,25,0.00,,a,
436,25,0.00,0.00,i,
437,25,3.80,100.00,a,
438,25,0.80,100.00,a,
439,25,0.00,,a,
440,25,5.00,100.00,a,
441,25,0.00,0.00,i,
442,25,4.20,100.00,a,
443,25,3.20,,a,
444,25,0.20,,a,
445,25,0.00,0.00,u,
446,25,0.00,,a,
447,25,0.20,100.00,a,
448,25,0.00,,a,
449,25,8.80,100.00,a,1.00
450,25,6.20,100.00,a,
451,25,0.00,0.00,u,
452,25,2.20,100.00,a,
453,25,0.80,,a,
454,25,0.00,0.00,u,
455,25,0.10,25.00,d,
456,25,2.00,100.00,a,
457,25,5.20,100.00,a,
458,25,4.50,100.00,a,
459,25,0.80,,a,
460,25,0.00,0.00,u,
461,25,0.00,,a,
462,25,0.00,,a,
463,25,0.00,0.00,u,
464,25,0.00,0.00,u,
465,25,0.00,0.00,u,
466,25,0.20,100.00,a,
467,25,0.00,,a,
468,25,0.00,0.00,u,
469,25,3.00,100.00,a,
470,25,3.00,100.00,a,
471,25,0.00,,a,
472,25,0.00,0.00,u,
473,25,3.20,100.00,a,
474,25,0.00,0.00,i,4.00
475,25,3.80,100.00,a,
476,25,0.50,100.00,a,
477,25,0.00,0.00,i,
478,25,2.20,100.00,a,
479,25,0.00,0.00,i,
480,25,0.00,0.00,u,
481,25,0.20,,a,
482,25,0.00,0.00,u,
483,25,0.00,,a,
484,25,0.00,0.00,u,
485,25,2.10,75.00,d,2.00
486,25,1.20,100.00,a,
487,25,2.20,,a,
488,25,3.50,100.00,a,
489,25,0.20,100.00,a,
490,25,0.00,0.00,i,
491,25,2.50,100.00,a,
492,25,0.00,0.00,u,
493,25,0.80,100.00,a,
494,25,1.00,100.00,a,
495,25,0.00,0.00,u,
496,25,0.00,0.00,u,
497,25,0.60,75.00,d,
498,25,0.00,0.00,u,
499,25,0.00,0.00,i,
500,25,0.50,100.00,a,
501,25,0.00,,a,
502,25,0.00,0.00,i,
503,25,0.00,0.00,u,
504,25,0.00,0.00,u,
505,25,4.50,,a,
506,25,2.20,50.00,d,
507,25,4.80,100.00,a,
508,25,3.00,100.00,a,
509,25,0.00,0.00,u,
510,25,0.00,,a,
511,25,1.20,,a,
512,25,0.00,0.00,u,
513,25,0.20,,a,
514,25,0.00,100.00,a,
515,25,4.80,100.00,a,2.00
516,25,2.20,100.00,a,
517,25,5.20,,a,4.00
518,25,0.00,0.00,u,
519,25,2.00,100.00,a,
520,25,0.00,0.00,u,
521,25,2.80,100.00,a,
522,25,0.50,100.00,a,
523,25,0.00,100.00,a,
524,25,0.00,0.00,u,
525,25,0.00,0.00,i,1.00
526,25,3.50,100.00,a,3.00
527,25,1.50,100.00,a,
528,25,0.00,0.00,u,
529,25,-0.50,,a,
530,25,0.00,0.00,u,
531,25,3.50,100.00,a,
532,25,1.30,,a,
533,25,0.00,0.00,u,
534,25,0.00,0.00,u,
535,25,0.00,100.00,a,
536,25,0.00,0.00,u,
537,25,0.00,0.00,u,
538,25,0.00,0.00,u,
539,25,0.00,100.00,a,
540,25,0.00,0.00,u,
541,25,2.70,100.00,a,
542,25,0.00,0.00,u,
543,25,0.00,0.00,u,
544,25,3.30,100.00,a,1.00
545,25,0.00,0.00,u,
546,25,-0.50,100.00,a,
547,25,3.70,100.00,a,2.00
548,25,0.70,100.00,a,
549,25,0.00,0.00,u,
550,25,-0.50,,a,
551,25,-0.50,,a,
552,25,2.70,100.00,a,
553,25,2.30,100.00,a,
554,25,-0.50,,a,
555,25,0.00,0.00,u,
556,25,0.00,0.00,u,
557,25,-0.50,,a,
558,25,0.00,0.00,u,
559,25,0.00,0.00,u,
560,25,0.30,100.00,a,
561,25,0.30,,a,3.00
562,25,-0.50,,a,
563,25,0.00,0.00,u,
564,25,0.00,0.00,u,
565,25,1.50,,a,
566,25,0.00,,a,
567,25,0.00,,a,
568,25,0.00,0.00,i,
569,25,0.00,0.00,s,
570,25,0.00,0.00,i,
571,25,0.00,0.00,i,
572,25,0.50,100.00,a,
573,25,0.50,100.00,a,
574,25,0.00,0.00,i,
575,25,2.00,100.00,a,
576,25,0.00,0.00,u,
577,25,0.00,0.00,u,
578,25,0.00,0.00,u,
579,25,0.00,0.00,u,
580,25,1.80,,a,
581,25,0.00,0.00,i,
582,25,0.00,0.00,i,
583,25,0.00,0.00,i,
584,25,1.20,,a,4.00
585,25,0.00,0.00,i,
586,25,0.00,0.00,i,
587,25,1.80,100.00,a,
588,25,3.00,100.00,a,
589,25,0.00,0.00,u,
590,25,0.00,0.00,u,
591,25,1.20,100.00,a,
592,25,0.00,0.00,u,
593,25,0.80,100.00,a,
594,25,0.00,0.00,u,
595,25,0.00,,a,
596,25,4.20,100.00,a,2.00
597,25,0.00,0.00,i,3.00
598,25,0.00,0.00,u,
599,25,0.00,0.00,u,
600,25,1.80,,a,
601,25,0.00,0.00,u,
602,25,0.00,0.00,u,
603,25,2.80,100.00,a,
604,25,0.00,0.00,u,
605,25,0.50,,a,
606,25,4.20,100.00,a,
607,25,0.00,0.00,u,
608,25,2.00,100.00,a,
609,25,0.00,0.00,s,
610,25,5.20,100.00,a,
611,25,0.00,0.00,u,
612,25,0.00,0.00,u,
613,25,2.50,100.00,a,
614,25,0.00,100.00,a,
615,25,9.00,100.00,a,
616,25,0.00,0.00,u,
617,25,0.00,0.00,u,
618,25,0.00,0.00,u,
619,25,0.00,0.00,u,
620,25,0.00,0.00,u,
621,25,0.00,0.00,u,
622,25,0.00,0.00,u,
623,25,0.50,100.00,a,
624,25,6.20,,a,2.00
625,25,0.00,0.00,u,
626,25,0.00,0.00,u,
627,25,-1.00,,a,
628,25,4.60,,a,
629,25,-1.00,100.00,a,
630,25,0.00,,a,
631,25,0.00,0.00,u,
632,25,-1.00,100.00,a,
633,25,4.00,100.00,a,
634,25,3.40,100.00,a,
635,25,1.40,100.00,a,
636,25,4.00,100.00,a,
637,25,0.00,0.00,i,
638,25,0.00,0.00,u,
639,25,0.00,0.00,u,
640,25,0.00,100.00,a,
641,25,0.00,0.00,u,
642,25,2.20,75.00,d,3.00
643,25,1.50,75.00,d,
644,25,0.00,100.00,a,
645,25,0.00,0.00,u,
646,25,4.60,100.00,a,
647,25,0.00,0.00,u,
648,25,0.00,0.00,u,
649,25,0.00,0.00,u,
650,25,0.00,0.00,u,
651,25,-1.00,,a,
652,25,-1.00,,a,
653,25,0.00,0.00,u,
654,25,1.00,100.00,a,
655,25,0.00,0.00,u,
656,25,0.00,0.00,u,
657,25,0.00,0.00,i,
658,25,-1.00,,a,
659,25,0.20,,a,
660,25,0.00,0.00,i,
661,25,5.00,100.00,a,
662,25,2.00,100.00,a,
663,25,0.00,0.00,u,
664,25,-0.50,,a,
665,25,0.00,100.00,a,
666,25,12.40,100.00,a,2.00
667,25,0.00,100.00,a,
668,25,0.00,0.00,i,
669,25,0.80,100.00,a,
670,25,2.00,,a,
671,25,2.20,,a,
672,25,0.80,100.00,a,
673,25,1.20,100.00,a,
674,25,0.00,,a,
675,25,0.20,100.00,a,
676,25,2.20,100.00,a,
677,25,1.50,100.00,a,
678,25,0.00,0.00,u,
679,25,2.50,,a,
680,25,1.50,100.00,a,
681,25,2.00,100.00,a,
682,25,-0.60,,a,
683,25,1.70,100.00,a,
684,25,2.80,,a,
685,25,0.50,100.00,a,
686,25,1.00,,a,
687,25,0.00,,a,
688,25,0.00,,a,
689,25,0.00,,a,
690,25,0.00,25.00,d,
691,25,3.20,100.00,a,
692,25,0.00,0.00,i,
693,25,1.50,,a,
694,25,4.50,,a,
695,25,2.00,,a,
696,25,0.00,0.00,u,
697,25,5.80,,a,
698,25,3.00,100.00,a,
699,25,1.00,100.00,a,
700,25,0.00,0.00,i,
701,25,0.00,0.00,u,
702,25,0.00,,a,
703,25,0.00,,a,
704,25,0.00,0.00,u,
705,25,0.00,0.00,u,
706,25,6.20,,a,
707,25,0.50,,a,
708,25,7.20,100.00,a,
709,25,3.00,100.00,a,
710,25,0.00,,a,
711,25,2.00,,a,
712,25,3.00,100.00,a,
713,25,3.80,,a,
714,25,1.20,,a,3.00
715,25,0.00,0.00,i,
716,25,0.00,0.00,i,
717,25,3.50,100.00,a,
718,25,0.00,,a,
719,25,0.20,100.00,a,
720,25,5.40,,a,
721,25,0.20,100.00,a,
722,25,3.20,,a,
723,25,0.00,100.00,a,
724,25,0.00,,a,
725,25,5.60,100.00,a,
726,25,1.20,100.00,a,
727,25,2.30,100.00,a,
728,25,0.80,100.00,a,
729,25,0.00,0.00,u,
730,25,4.30,100.00,a,
731,25,1.70,100.00,a,
732,25,0.50,,a,
733,25,4.00,,a,
734,25,0.00,100.00,a,
735,25,0.00,0.00,i,
736,25,4.30,,a,
737,25,-0.50,,a,
738,25,0.00,25.00,d,
739,25,0.00,0.00,u,
740,25,0.00,0.00,u,
741,25,0.00,0.00,u,
742,25,0.50,,a,
743,25,0.00,,a,
744,25,0.00,,a,
745,25,0.20,,a,
746,25,0.50,,a,
747,25,0.00,,a,
748,25,0.00,0.00,i,
749,25,3.00,,a,
750,25,0.00,,a,
751,25,0.00,0.00,u,
752,25,0.00,,a,
753,25,0.00,,a,
754,25,0.20,,a,
755,25,0.00,100.00,a,
756,25,0.00,,a,
757,25,0.00,,a,
758,25,0.00,,a,
759,25,2.00,,a,
760,25,0.50,,a,
761,25,0.00,,a,
762,25,0.00,,a,
763,25,0.50,,a,
764,25,0.50,,a,
765,25,0.00,,a,
766,25,-1.00,,a,
767,25,-1.00,,a,
768,25,0.00,,a,
769,25,0.00,,a,
770,25,-0.50,,a,
771,25,0.20,,a,
772,25,0.00,,a,
773,25,0.00,,a,
774,25,-0.50,,a,
775,25,0.00,0.00,u,
776,25,0.00,,a,
777,25,0.00,0.00,u,
778,25,-1.00,,a,
779,25,0.00,,a,
780,25,0.00,,a,
781,25,0.00,,a,
782,25,0.00,,a,
783,25,4.80,,a,
784,25,0.00,,a,
785,25,1.80,,a,
786,25,-0.50,,a,
787,25,0.00,,a,
788,25,0.00,,a,
789,25,0.00,,a,
790,25,0.00,,a,
791,25,3.20,,a,
792,25,0.00,0.00,i,
793,25,0.00,,a,
794,25,0.70,,a,
795,25,0.50,,a,
796,25,3.20,,a,
797,25,-1.00,,a,
798,25,0.00,0.00,u,
799,25,0.00,,a,
800,25,0.00,0.00,i,
801,25,0.70,,a,
802,25,0.00,,a,
803,25,0.00,,a,
804,25,0.50,,a,
805,25,2.50,,a,
806,25,0.00,,a,
807,25,6.50,,a,
808,25,1.50,,a,
809,25,-1.00,,a,
810,25,-1.00,,a,
811,25,0.00,,a,
812,25,1.00,,a,
813,25,1.30,,a,
814,25,2.10,,a,
815,25,2.10,,a,
816,25,2.60,,a,
817,25,2.80,,a,
1,26,4.40,,a,
2,26,1.00,,a,
3,26,0.00,0.00,u,
4,26,1.00,,a,
5,26,5.40,100.00,a,
6,26,4.00,100.00,a,
7,26,2.80,100.00,a,
8,26,4.00,100.00,a,
9,26,0.00,0.00,u,
10,26,1.00,,a,
11,26,1.20,100.00,a,
12,26,0.00,0.00,u,
13,26,1.00,,a,
14,26,0.00,0.00,u,
15,26,1.00,,a,
16,26,4.00,100.00,a,1.00
17,26,2.10,75.00,d,3.00
18,26,6.80,100.00,a,
19,26,3.20,100.00,a,
20,26,3.80,100.00,a,4.00
21,26,5.60,100.00,a,
22,26,0.00,0.00,i,
23,26,0.00,0.00,u,
24,26,1.20,100.00,a,
25,26,0.00,0.00,u,
26,26,6.40,100.00,a,
27,26,0.00,100.00,a,
28,26,0.00,0.00,u,
29,26,0.00,0.00,u,
30,26,1.80,75.00,d,
31,26,2.40,100.00,a,
32,26,6.50,100.00,a,
33,26,0.00,0.00,s,
34,26,0.00,0.00,u,
35,26,0.00,0.00,u,
36,26,2.50,100.00,a,
37,26,1.80,100.00,a,
38,26,4.00,100.00,a,
39,26,4.00,,a,
40,26,3.80,100.00,a,
41,26,2.00,100.00,a,
42,26,0.00,100.00,a,
43,26,0.00,0.00,u,
44,26,2.50,100.00,a,
45,26,0.00,0.00,u,
46,26,0.00,0.00,u,
47,26,5.50,100.00,a,
48,26,0.00,0.00,i,
49,26,1.00,100.00,a,
50,26,3.80,100.00,a,2.00
51,26,0.00,0.00,u,
52,26,2.00,100.00,a,
53,26,0.00,0.00,u,
54,26,0.00,0.00,i,
55,26,0.50,100.00,a,
56,26,0.00,0.00,u,
57,26,0.00,0.00,u,
58,26,0.00,0.00,i,
59,26,3.00,100.00,a,
60,26,0.00,0.00,u,
61,26,0.00,0.00,u,
62,26,0.00,0.00,u,
63,26,0.00,0.00,u,
64,26,3.00,100.00,a,3.00
65,26,0.00,0.00,u,
66,26,0.00,0.00,u,
67,26,4.20,,a,
68,26,0.00,0.00,u,
69,26,0.00,,a,
70,26,0.00,0.00,u,
71,26,0.00,0.00,u,
72,26,3.80,100.00,a,
73,26,2.20,100.00,a,
74,26,4.50,,a,
75,26,0.00,75.00,d,
76,26,0.00,,a,
77,26,7.20,,a,
78,26,0.00,0.00,u,
79,26,0.00,0.00,u,
80,26,0.00,0.00,i,
81,26,0.00,0.00,i,1.00
82,26,8.30,100.00,a,
83,26,5.50,100.00,a,
84,26,0.00,50.00,d,4.00
85,26,0.00,100.00,a,
86,26,0.20,100.00,a,
87,26,1.20,100.00,a,
88,26,3.00,100.00,a,
89,26,0.00,0.00,u,
90,26,6.00,100.00,a,
91,26,0.00,0.00,u,
92,26,0.00,0.00,u,
93,26,0.00,0.00,u,
94,26,0.00,0.00,u,
95,26,0.00,0.00,u,
96,26,0.00,0.00,u,
97,26,3.20,100.00,a,
98,26,1.00,100.00,a,
99,26,0.00,0.00,u,
100,26,2.80,,a,
101,26,3.50,100.00,a,
102,26,0.00,,a,
103,26,0.00,0.00,u,
104,26,0.00,,a,
105,26,0.00,,a,
106,26,0.50,,a,
107,26,2.80,,a,
108,26,3.80,100.00,a,
109,26,2.80,,a,
110,26,2.20,,a,
111,26,0.00,100.00,a,
112,26,0.00,0.00,u,
113,26,4.00,100.00,a,
114,26,0.00,0.00,u,
115,26,0.00,0.00,u,
116,26,0.80,100.00,a,
117,26,0.00,0.00,u,
118,26,0.00,0.00,u,
119,26,7.00,100.00,a,
120,26,0.00,100.00,a,3.00
121,26,0.80,100.00,a,
122,26,0.00,0.00,i,
123,26,0.00,0.00,i,4.00
124,26,1.00,100.00,a,
125,26,4.00,100.00,a,
126,26,3.50,,a,5.00
127,26,0.00,0.00,u,
128,26,0.00,0.00,u,
129,26,1.80,100.00,a,
130,26,0.20,,a,
131,26,0.00,0.00,u,
132,26,0.00,0.00,u,
133,26,0.00,0.00,u,
134,26,0.00,0.00,u,
135,26,0.20,25.00,d,
136,26,2.80,100.00,a,2.00
137,26,0.00,0.00,u,
138,26,0.00,,a,
139,26,2.20,,a,
140,26,0.00,,a,
141,26,0.00,0.00,u,
142,26,0.00,0.00,u,
143,26,2.50,,a,
144,26,0.00,0.00,u,
145,26,2.20,100.00,a,
146,26,3.20,100.00,a,
147,26,0.00,0.00,u,
148,26,1.80,,a,
149,26,0.00,100.00,a,
150,26,0.00,0.00,u,
151,26,2.00,100.00,a,
152,26,0.50,100.00,a,
153,26,0.00,0.00,i,
154,26,0.00,0.00,u,
155,26,0.00,0.00,u,
156,26,0.00,,a,
157,26,2.20,100.00,a,
158,26,1.00,100.00,a,
159,26,0.00,75.00,d,
160,26,1.00,100.00,a,
161,26,0.00,0.00,u,
162,26,0.00,0.00,u,
163,26,0.20,100.00,a,
164,26,0.20,100.00,a,
165,26,0.00,0.00,u,
166,26,0.00,0.00,i,
167,26,2.50,100.00,a,
168,26,0.20,100.00,a,
169,26,1.20,100.00,a,
170,26,1.00,100.00,a,1.00
171,26,0.00,0.00,u,
172,26,0.00,0.00,u,
173,26,0.00,100.00,a,
174,26,0.00,0.00,u,
175,26,0.00,0.00,u,
176,26,0.00,0.00,u,
177,26,0.00,0.00,u,
178,26,1.80,100.00,a,2.00
179,26,0.00,0.00,u,
180,26,0.00,0.00,i,
181,26,1.00,,a,
182,26,0.50,,a,
183,26,-1.00,,a,
184,26,0.00,0.00,u,
185,26,-1.00,,a,
186,26,0.00,0.00,i,
187,26,0.50,100.00,a,
188,26,0.00,0.00,u,
189,26,0.00,0.00,u,
190,26,-1.00,,a,
191,26,1.50,100.00,a,
192,26,-1.00,,a,
193,26,1.00,100.00,a,
194,26,0.00,0.00,i,
195,26,-0.20,100.00,a,
196,26,0.00,0.00,u,
197,26,0.00,0.00,u,
198,26,0.00,0.00,i,
199,26,-0.20,100.00,a,
200,26,2.20,100.00,a,
201,26,0.00,0.00,u,
202,26,-0.20,100.00,a,3.00
203,26,-1.00,,a,
204,26,0.00,0.00,u,
205,26,0.00,0.00,i,
206,26,1.80,,a,
207,26,2.20,100.00,a,
208,26,0.00,0.00,u,
209,26,-0.20,,a,
210,26,-0.50,,a,
211,26,0.00,0.00,u,
212,26,0.00,0.00,u,
213,26,0.00,0.00,u,
214,26,0.00,0.00,i,
215,26,0.20,100.00,a,1.00
216,26,0.00,0.00,i,
217,26,1.20,100.00,a,
218,26,-1.00,,a,2.00
219,26,0.00,0.00,u,
220,26,3.00,100.00,a,
221,26,0.50,50.00,d,
222,26,0.00,0.00,u,
223,26,1.00,,a,
224,26,0.00,0.00,i,
225,26,2.80,100.00,a,
226,26,4.50,100.00,a,
227,26,0.00,0.00,i,
228,26,2.00,100.00,a,
229,26,2.00,100.00,a,
230,26,3.00,100.00,a,
231,26,1.00,100.00,a,
232,26,1.00,100.00,a,
233,26,1.20,100.00,a,
234,26,0.00,0.00,u,
235,26,9.50,100.00,a,1.00
236,26,3.00,100.00,a,
237,26,6.00,100.00,a,2.00
238,26,5.00,100.00,a,3.00
239,26,0.00,0.00,i,
240,26,0.00,0.00,u,
241,26,3.80,100.00,a,
242,26,4.00,100.00,a,
243,26,0.30,,a,
244,26,0.50,50.00,d,
245,26,0.00,0.00,s,
246,26,2.80,100.00,a,
247,26,0.00,0.00,i,
248,26,0.00,0.00,u,
249,26,11.00,,a,
250,26,3.00,100.00,a,
251,26,0.00,0.00,u,
252,26,1.00,100.00,a,
253,26,3.50,,a,
254,26,0.50,100.00,a,
255,26,0.50,,a,
256,26,2.70,100.00,a,
257,26,1.20,25.00,d,
258,26,3.00,,a,
259,26,0.70,100.00,a,
260,26,5.30,100.00,a,
261,26,4.50,100.00,a,
262,26,2.00,100.00,a,
263,26,0.50,100.00,a,
264,26,0.00,0.00,u,
265,26,0.50,100.00,a,
266,26,1.80,,a,
267,26,5.30,100.00,a,
268,26,0.00,0.00,i,
269,26,0.00,0.00,u,
270,26,2.00,100.00,a,
271,26,1.30,100.00,a,
272,26,0.00,0.00,i,
273,26,2.70,100.00,a,
274,26,0.50,,a,
275,26,0.00,0.00,u,
276,26,0.50,100.00,a,
277,26,0.00,0.00,u,
278,26,0.00,0.00,u,
279,26,0.00,0.00,u,
280,26,0.00,0.00,u,
281,26,0.50,,a,
282,26,0.00,0.00,u,
283,26,0.00,0.00,i,2.00
284,26,0.00,0.00,i,
285,26,0.00,0.00,u,
286,26,0.50,,a,
287,26,1.50,,a,
288,26,-0.50,,a,
289,26,0.00,0.00,u,
290,26,1.30,100.00,a,
291,26,1.70,,a,
292,26,0.70,100.00,a,
293,26,0.00,0.00,s,
294,26,-0.50,100.00,a,
295,26,1.30,100.00,a,
296,26,0.30,100.00,a,
297,26,0.00,0.00,u,
298,26,-0.50,,a,
299,26,3.30,100.00,a,1.00
300,26,-0.30,,a,
301,26,-0.30,100.00,a,
302,26,2.30,100.00,a,
303,26,2.50,,a,
304,26,-0.30,100.00,a,
305,26,1.00,100.00,a,
306,26,-0.50,,a,
307,26,-0.50,,a,
308,26,0.00,0.00,u,
309,26,0.00,0.00,u,
310,26,3.30,,a,
311,26,1.70,,a,2.00
312,26,0.00,0.00,u,
313,26,0.00,0.00,u,
314,26,1.20,,a,
315,26,0.00,0.00,u,
316,26,0.50,100.00,a,
317,26,2.80,100.00,a,
318,26,0.50,100.00,a,
319,26,1.80,,a,
320,26,0.00,,a,
321,26,1.80,,a,
322,26,0.50,100.00,a,
323,26,0.00,,a,
324,26,2.50,100.00,a,
325,26,1.80,100.00,a,
326,26,0.50,,a,
327,26,0.00,0.00,u,
328,26,2.80,100.00,a,
329,26,4.00,100.00,a,3.00
330,26,1.80,,a,
331,26,0.20,50.00,d,
332,26,0.00,50.00,d,
333,26,0.00,0.00,u,
334,26,0.00,0.00,u,
335,26,1.20,100.00,a,
336,26,0.20,,a,
337,26,3.50,100.00,a,1.00
338,26,0.50,100.00,a,
339,26,0.00,,a,
340,26,0.00,,a,
341,26,1.80,,a,
342,26,3.50,100.00,a,
343,26,2.50,100.00,a,3.00
344,26,0.80,100.00,a,
345,26,1.20,100.00,a,
346,26,0.00,,a,
347,26,0.20,100.00,a,
348,26,3.20,100.00,a,
349,26,0.00,0.00,u,
350,26,2.80,,a,
351,26,0.20,100.00,a,
352,26,0.00,0.00,u,
353,26,0.50,100.00,a,
354,26,2.50,100.00,a,
355,26,0.00,0.00,u,
356,26,4.00,,a,
357,26,0.00,0.00,u,
358,26,0.20,100.00,a,
359,26,0.00,0.00,u,
360,26,0.00,0.00,u,
361,26,0.00,0.00,u,
362,26,0.20,100.00,a,2.00
363,26,0.00,0.00,u,
364,26,0.00,0.00,u,
365,26,2.80,100.00,a,1.00
366,26,3.30,100.00,a,
367,26,0.50,,a,
368,26,0.50,,a,
369,26,0.50,,a,
370,26,0.00,0.00,i,
371,26,2.00,,a,
372,26,2.70,,a,
373,26,8.00,,a,
374,26,5.00,100.00,a,
375,26,0.00,0.00,i,
376,26,0.70,100.00,a,
377,26,0.00,0.00,u,
378,26,0.50,100.00,a,
379,26,0.50,,a,
380,26,0.50,,a,
381,26,5.00,100.00,a,1.00
382,26,5.30,100.00,a,
383,26,0.00,0.00,u,
384,26,3.30,100.00,a,3.00
385,26,1.30,100.00,a,
386,26,2.30,100.00,a,4.00
387,26,7.00,100.00,a,
388,26,1.50,100.00,a,
389,26,0.00,0.00,i,
390,26,4.30,100.00,a,
391,26,0.00,0.00,i,
392,26,0.00,0.00,i,
393,26,0.00,0.00,i,
394,26,0.00,0.00,u,
395,26,0.00,0.00,u,
396,26,0.50,,a,
397,26,0.00,0.00,u,
398,26,0.00,0.00,i,
399,26,0.00,0.00,u,
400,26,1.50,,a,
401,26,0.50,100.00,a,
402,26,3.70,100.00,a,
403,26,0.00,0.00,i,
404,26,0.00,0.00,u,
405,26,0.70,,a,
406,26,3.70,100.00,a,
407,26,5.70,100.00,a,4.00
408,26,2.30,100.00,a,
409,26,0.50,100.00,a,
410,26,0.50,100.00,a,
411,26,6.00,100.00,a,
412,26,0.00,0.00,u,
413,26,4.00,100.00,a,2.00
414,26,2.30,100.00,a,
415,26,0.50,100.00,a,
416,26,5.00,100.00,a,
417,26,3.70,100.00,a,
418,26,0.00,0.00,i,3.00
419,26,0.00,0.00,i,
420,26,0.00,0.00,u,
421,26,3.70,100.00,a,
422,26,0.00,0.00,i,
423,26,0.50,100.00,a,
424,26,0.50,100.00,a,
425,26,0.00,0.00,u,
426,26,-0.50,,a,
427,26,1.70,,a,
428,26,0.50,100.00,a,
429,26,0.00,0.00,u,
430,26,6.00,100.00,a,1.00
431,26,0.50,,a,
432,26,0.00,0.00,u,
433,26,0.00,0.00,u,
434,26,0.50,,a,
435,26,0.50,,a,
436,26,0.10,25.00,d,
437,26,2.70,100.00,a,
438,26,1.30,100.00,a,
439,26,0.50,,a,
440,26,4.50,100.00,a,
441,26,0.00,0.00,i,
442,26,3.70,100.00,a,
443,26,3.00,,a,
444,26,1.00,,a,
445,26,0.00,0.00,u,
446,26,0.50,,a,
447,26,0.50,100.00,a,
448,26,0.50,,a,
449,26,7.30,100.00,a,1.00
450,26,6.30,100.00,a,
451,26,0.00,0.00,u,
452,26,2.50,100.00,a,
453,26,1.50,,a,
454,26,0.00,0.00,u,
455,26,0.20,50.00,d,
456,26,2.20,100.00,a,
457,26,5.50,100.00,a,
458,26,4.70,100.00,a,
459,26,1.00,,a,
460,26,0.00,0.00,u,
461,26,0.50,,a,
462,26,0.50,,a,
463,26,0.00,0.00,u,
464,26,0.00,0.00,u,
465,26,0.00,0.00,u,
466,26,1.00,100.00,a,
467,26,0.50,,a,
468,26,0.00,0.00,u,
469,26,1.50,100.00,a,
470,26,1.00,100.00,a,
471,26,-0.50,,a,
472,26,0.00,0.00,u,
473,26,0.70,100.00,a,
474,26,0.00,0.00,i,4.00
475,26,1.90,75.00,d,
476,26,0.30,100.00,a,
477,26,0.00,0.00,i,
478,26,0.70,100.00,a,
479,26,0.00,0.00,i,
480,26,0.00,0.00,u,
481,26,-0.30,,a,
482,26,0.00,0.00,u,
483,26,-0.50,,a,
484,26,0.00,0.00,u,
485,26,2.70,100.00,a,2.00
486,26,1.00,100.00,a,
487,26,1.50,,a,
488,26,0.00,0.00,i,
489,26,0.00,100.00,a,
490,26,-0.50,100.00,a,
491,26,1.70,100.00,a,
492,26,0.00,0.00,u,
493,26,0.80,100.00,a,
494,26,1.00,100.00,a,
495,26,0.00,0.00,u,
496,26,0.00,0.00,u,
497,26,0.00,0.00,i,
498,26,0.00,0.00,u,
499,26,0.00,0.00,i,
500,26,0.30,100.00,a,
501,26,-0.50,,a,
502,26,0.00,0.00,i,
503,26,0.00,0.00,u,
504,26,0.00,0.00,u,
505,26,4.00,,a,
506,26,2.00,100.00,a,
507,26,4.70,100.00,a,
508,26,3.00,100.00,a,
509,26,0.00,0.00,u,
510,26,-0.50,,a,
511,26,2.70,,a,
512,26,0.00,0.00,u,
513,26,-0.30,,a,
514,26,0.00,0.00,i,
515,26,4.30,100.00,a,2.00
516,26,1.70,100.00,a,
517,26,4.70,,a,4.00
518,26,0.00,0.00,u,
519,26,0.70,100.00,a,
520,26,0.00,0.00,u,
521,26,2.30,100.00,a,
522,26,0.00,100.00,a,
523,26,-0.50,100.00,a,
524,26,0.00,0.00,u,
525,26,0.00,0.00,i,1.00
526,26,2.70,100.00,a,3.00
527,26,1.00,100.00,a,
528,26,0.00,0.00,u,
529,26,0.00,,a,
530,26,0.00,0.00,u,
531,26,4.00,100.00,a,
532,26,2.00,,a,
533,26,0.00,0.00,u,
534,26,0.00,0.00,u,
535,26,0.20,100.00,a,
536,26,0.00,0.00,u,
537,26,0.00,0.00,u,
538,26,0.00,0.00,u,
539,26,0.50,100.00,a,
540,26,0.00,0.00,u,
541,26,0.00,0.00,i,
542,26,0.00,0.00,u,
543,26,0.00,0.00,u,
544,26,4.20,100.00,a,1.00
545,26,0.00,0.00,u,
546,26,0.00,100.00,a,
547,26,2.80,100.00,a,2.00
548,26,1.00,100.00,a,
549,26,0.00,0.00,u,
550,26,0.00,,a,
551,26,0.00,,a,
552,26,2.50,100.00,a,
553,26,3.00,100.00,a,
554,26,0.00,,a,
555,26,0.00,0.00,u,
556,26,0.00,0.00,u,
557,26,0.00,,a,
558,26,0.00,0.00,u,
559,26,0.00,0.00,u,
560,26,1.00,100.00,a,
561,26,0.50,,a,3.00
562,26,0.00,,a,
563,26,0.00,0.00,u,
564,26,0.00,0.00,u,
565,26,0.80,,a,
566,26,-1.00,,a,
567,26,-1.00,,a,
568,26,0.00,0.00,i,
569,26,0.00,0.00,s,
570,26,0.00,0.00,i,
571,26,0.00,0.00,i,
572,26,0.20,100.00,a,
573,26,-0.80,100.00,a,
574,26,0.00,0.00,i,
575,26,1.80,100.00,a,
576,26,0.00,0.00,u,
577,26,0.00,0.00,u,
578,26,0.00,0.00,u,
579,26,0.00,0.00,u,
580,26,2.00,,a,
581,26,0.00,0.00,i,
582,26,0.00,0.00,i,
583,26,0.00,0.00,i,
584,26,0.00,,a,4.00
585,26,0.00,0.00,i,
586,26,0.00,0.00,i,
587,26,0.80,100.00,a,
588,26,0.00,0.00,i,
589,26,0.00,0.00,u,
590,26,0.00,0.00,u,
591,26,2.80,100.00,a,
592,26,0.00,0.00,u,
593,26,1.80,100.00,a,
594,26,0.00,0.00,u,
595,26,-1.00,,a,
596,26,3.50,100.00,a,2.00
597,26,0.00,0.00,i,3.00
598,26,0.00,0.00,u,
599,26,0.00,0.00,u,
600,26,1.00,,a,
601,26,0.00,0.00,u,
602,26,0.00,0.00,u,
603,26,4.20,100.00,a,
604,26,0.00,0.00,u,
605,26,0.20,,a,
606,26,3.80,100.00,a,
607,26,0.00,0.00,u,
608,26,1.80,100.00,a,
609,26,0.50,100.00,a,
610,26,4.80,100.00,a,
611,26,0.00,0.00,u,
612,26,0.00,0.00,u,
613,26,4.00,100.00,a,
614,26,-0.80,100.00,a,
615,26,7.20,100.00,a,
616,26,0.00,0.00,u,
617,26,0.00,0.00,u,
618,26,0.00,0.00,u,
619,26,0.00,0.00,u,
620,26,0.00,0.00,u,
621,26,0.00,0.00,u,
622,26,0.00,0.00,u,
623,26,0.00,0.00,s,
624,26,6.80,,a,2.00
625,26,0.00,0.00,u,
626,26,0.00,0.00,u,
627,26,-0.50,,a,
628,26,2.90,,a,
629,26,-0.50,100.00,a,
630,26,-0.50,,a,
631,26,0.00,0.00,u,
632,26,-0.50,100.00,a,
633,26,1.90,100.00,a,
634,26,1.50,100.00,a,
635,26,0.70,100.00,a,
636,26,2.10,100.00,a,
637,26,-0.40,75.00,d,
638,26,0.00,0.00,u,
639,26,0.00,0.00,u,
640,26,-0.10,100.00,a,
641,26,0.00,0.00,u,
642,26,0.00,0.00,i,3.00
643,26,0.70,100.00,a,
644,26,0.10,100.00,a,
645,26,0.00,0.00,u,
646,26,2.10,100.00,a,
647,26,0.00,0.00,u,
648,26,0.00,0.00,u,
649,26,0.00,0.00,u,
650,26,0.00,0.00,u,
651,26,0.70,,a,
652,26,-0.50,,a,
653,26,0.00,0.00,u,
654,26,4.50,100.00,a,
655,26,0.00,0.00,u,
656,26,0.00,0.00,u,
657,26,0.00,0.00,i,
658,26,-0.50,,a,
659,26,0.50,,a,
660,26,2.50,100.00,a,
661,26,5.00,100.00,a,
662,26,1.80,100.00,a,
663,26,0.00,0.00,u,
664,26,0.00,,a,
665,26,0.00,100.00,a,
666,26,5.60,100.00,a,2.00
667,26,-0.50,100.00,a,
668,26,0.00,100.00,a,
669,26,0.30,100.00,a,
670,26,2.50,,a,
671,26,1.00,,a,
672,26,1.50,100.00,a,
673,26,0.50,100.00,a,
674,26,-0.50,,a,
675,26,-0.30,100.00,a,
676,26,2.00,100.00,a,
677,26,1.70,100.00,a,
678,26,0.00,0.00,u,
679,26,3.00,,a,
680,26,0.00,0.00,i,
681,26,4.50,100.00,a,
682,26,-0.10,,a,
683,26,2.50,100.00,a,
684,26,2.70,,a,
685,26,0.20,100.00,a,
686,26,0.70,,a,
687,26,0.00,,a,
688,26,0.00,,a,
689,26,-0.50,,a,
690,26,0.50,100.00,a,
691,26,2.80,100.00,a,
692,26,0.00,0.00,i,
693,26,1.50,,a,
694,26,4.00,,a,
695,26,-0.30,,a,
696,26,0.00,0.00,u,
697,26,6.80,,a,
698,26,0.00,0.00,i,
699,26,1.80,100.00,a,
700,26,0.00,0.00,i,
701,26,0.00,0.00,u,
702,26,0.00,,a,
703,26,0.00,,a,
704,26,0.00,0.00,u,
705,26,0.00,0.00,u,
706,26,4.00,,a,
707,26,0.00,,a,
708,26,5.80,100.00,a,
709,26,1.70,100.00,a,
710,26,0.00,,a,
711,26,1.00,,a,
712,26,1.50,100.00,a,
713,26,3.50,,a,
714,26,0.50,,a,3.00
715,26,0.00,0.00,i,
716,26,0.00,0.00,i,
717,26,2.20,100.00,a,
718,26,0.20,,a,
719,26,0.50,100.00,a,
720,26,2.50,,a,
721,26,0.00,100.00,a,
722,26,0.80,,a,
723,26,0.50,100.00,a,
724,26,0.80,,a,
725,26,5.40,100.00,a,
726,26,0.00,100.00,a,
727,26,0.00,0.00,i,
728,26,-0.50,100.00,a,
729,26,0.00,0.00,u,
730,26,3.00,100.00,a,
731,26,2.20,100.00,a,
732,26,1.30,,a,
733,26,3.50,,a,
734,26,-0.50,100.00,a,
735,26,0.00,0.00,i,
736,26,5.50,,a,
737,26,0.00,,a,
738,26,0.00,25.00,d,
739,26,0.00,0.00,u,
740,26,0.00,0.00,u,
741,26,0.00,0.00,u,
742,26,0.50,,a,
743,26,1.00,,a,
744,26,0.00,,a,
745,26,-0.80,,a,
746,26,0.50,,a,
747,26,0.00,,a,
748,26,0.00,0.00,i,
749,26,1.50,,a,
750,26,-1.00,,a,
751,26,0.00,0.00,u,
752,26,0.00,,a,
753,26,-0.50,,a,
754,26,0.00,,a,
755,26,0.50,100.00,a,
756,26,0.00,,a,
757,26,0.00,,a,
758,26,0.00,,a,
759,26,1.00,,a,
760,26,0.50,,a,
761,26,0.00,,a,
762,26,0.50,,a,
763,26,0.50,,a,
764,26,0.50,,a,
765,26,-0.50,,a,
766,26,-0.50,,a,
767,26,-0.50,,a,
768,26,0.00,,a,
769,26,0.50,,a,
770,26,0.00,,a,
771,26,0.70,,a,
772,26,-0.50,,a,
773,26,0.50,,a,
774,26,0.00,,a,
775,26,0.00,0.00,u,
776,26,-1.00,,a,
777,26,0.00,0.00,u,
778,26,-0.50,,a,
779,26,-0.50,,a,
780,26,0.50,,a,
781,26,0.00,,a,
782,26,0.00,,a,
783,26,4.50,,a,
784,26,-1.00,,a,
785,26,0.00,0.00,i,
786,26,0.00,,a,
787,26,0.00,,a,
788,26,0.50,,a,
789,26,1.00,,a,
790,26,-1.00,,a,
791,26,3.50,,a,
792,26,0.00,0.00,i,
793,26,0.50,,a,
794,26,0.40,75.00,d,
795,26,0.80,,a,
796,26,2.20,,a,
797,26,0.00,,a,
798,26,0.00,0.00,u,
799,26,0.00,,a,
800,26,0.00,100.00,a,
801,26,0.80,,a,
802,26,0.00,,a,
803,26,1.00,,a,
804,26,-0.70,,a,
805,26,1.80,,a,
806,26,0.00,,a,
807,26,6.30,,a,
808,26,1.30,,a,
809,26,-0.50,,a,
810,26,0.00,,a,
811,26,-1.00,,a,
812,26,0.00,,a,
813,26,1.50,,a,
814,26,0.00,,a,
815,26,4.00,,a,
816,26,1.50,100.00,a,
817,26,2.20,,a,
1,27,4.30,,a,
2,27,0.50,,a,
3,27,0.00,0.00,u,
4,27,0.50,,a,
5,27,5.10,100.00,a,
6,27,3.70,100.00,a,
7,27,2.30,100.00,a,
8,27,3.90,100.00,a,
9,27,0.00,0.00,u,
10,27,0.50,,a,
11,27,0.40,75.00,d,
12,27,0.00,0.00,u,
13,27,0.50,,a,
14,27,0.00,0.00,u,
15,27,0.50,,a,
16,27,3.10,75.00,d,1.00
17,27,2.30,100.00,a,3.00
18,27,6.30,100.00,a,
19,27,2.90,100.00,a,
20,27,3.30,100.00,a,4.00
21,27,5.70,100.00,a,
22,27,0.00,0.00,i,
23,27,0.00,0.00,u,
24,27,0.70,100.00,a,
25,27,0.00,0.00,u,
26,27,6.10,100.00,a,
27,27,0.50,100.00,a,
28,27,0.00,0.00,u,
29,27,0.00,0.00,u,
30,27,1.40,75.00,d,
31,27,1.70,100.00,a,
32,27,5.30,100.00,a,
33,27,0.50,100.00,a,
34,27,0.00,0.00,u,
35,27,0.00,0.00,u,
36,27,2.00,100.00,a,
37,27,1.50,100.00,a,
38,27,4.70,100.00,a,
39,27,3.70,,a,
40,27,4.50,100.00,a,
41,27,1.00,100.00,a,
42,27,0.70,100.00,a,
43,27,0.00,0.00,u,
44,27,3.00,100.00,a,
45,27,0.00,0.00,u,
46,27,0.00,0.00,u,
47,27,4.50,100.00,a,
48,27,0.00,0.00,i,
49,27,1.70,100.00,a,
50,27,1.70,100.00,a,2.00
51,27,0.00,0.00,u,
52,27,2.80,75.00,d,
53,27,0.00,0.00,u,
54,27,0.00,0.00,i,
55,27,1.30,100.00,a,
56,27,0.00,0.00,u,
57,27,0.00,0.00,u,
58,27,0.00,0.00,i,
59,27,2.70,100.00,a,
60,27,0.00,0.00,u,
61,27,0.00,0.00,u,
62,27,0.00,0.00,u,
63,27,0.00,0.00,u,
64,27,2.00,100.00,a,3.00
65,27,0.00,0.00,u,
66,27,0.00,0.00,u,
67,27,6.20,,a,
68,27,0.00,0.00,u,
69,27,0.00,,a,
70,27,0.00,0.00,u,
71,27,0.00,0.00,u,
72,27,4.20,100.00,a,
73,27,2.20,100.00,a,
74,27,5.20,,a,
75,27,0.00,75.00,d,
76,27,0.00,,a,
77,27,7.20,,a,
78,27,0.00,0.00,u,
79,27,0.00,0.00,u,
80,27,0.00,0.00,i,
81,27,0.00,0.00,i,1.00
82,27,7.30,100.00,a,
83,27,6.30,100.00,a,
84,27,0.20,100.00,a,4.00
85,27,1.20,100.00,a,
86,27,0.50,100.00,a,
87,27,1.20,100.00,a,
88,27,0.50,25.00,d,
89,27,0.00,0.00,u,
90,27,6.00,100.00,a,
91,27,0.00,0.00,u,
92,27,0.00,0.00,u,
93,27,0.00,0.00,u,
94,27,0.00,0.00,u,
95,27,0.00,0.00,u,
96,27,0.00,0.00,u,
97,27,1.80,100.00,a,
98,27,1.00,100.00,a,
99,27,0.00,0.00,u,
100,27,3.00,,a,
101,27,4.30,100.00,a,
102,27,0.50,,a,
103,27,0.00,0.00,u,
104,27,0.50,,a,
105,27,0.50,,a,
106,27,1.00,,a,
107,27,3.00,,a,
108,27,4.30,100.00,a,
109,27,3.00,,a,
110,27,1.90,75.00,d,
111,27,0.50,100.00,a,
112,27,0.00,0.00,u,
113,27,5.00,100.00,a,
114,27,0.00,0.00,u,
115,27,0.00,0.00,u,
116,27,1.00,75.00,d,
117,27,0.00,0.00,u,
118,27,0.00,0.00,u,
119,27,6.00,100.00,a,
120,27,0.30,100.00,a,3.00
121,27,1.30,100.00,a,
122,27,0.00,0.00,i,
123,27,0.00,0.00,i,4.00
124,27,1.70,100.00,a,
125,27,4.30,100.00,a,
126,27,4.00,,a,5.00
127,27,0.00,0.00,u,
128,27,0.00,0.00,u,
129,27,1.50,100.00,a,
130,27,1.00,,a,
131,27,0.00,0.00,u,
132,27,0.00,0.00,u,
133,27,0.00,0.00,u,
134,27,0.00,0.00,u,
135,27,0.80,100.00,a,
136,27,3.30,100.00,a,2.00
137,27,0.00,0.00,u,
138,27,0.00,,a,
139,27,3.80,,a,
140,27,0.00,,a,
141,27,0.00,0.00,u,
142,27,0.00,0.00,u,
143,27,1.20,,a,
144,27,0.00,0.00,u,
145,27,2.20,100.00,a,
146,27,4.00,100.00,a,
147,27,0.00,0.00,u,
148,27,3.50,,a,
149,27,0.00,100.00,a,
150,27,0.00,0.00,u,
151,27,4.00,100.00,a,
152,27,0.80,100.00,a,
153,27,0.00,0.00,i,
154,27,0.00,0.00,u,
155,27,0.00,0.00,u,
156,27,0.00,,a,
157,27,2.50,100.00,a,
158,27,0.80,100.00,a,
159,27,0.00,75.00,d,
160,27,0.80,100.00,a,
161,27,0.00,0.00,u,
162,27,0.00,0.00,u,
163,27,1.80,100.00,a,
164,27,0.20,100.00,a,3.00
165,27,0.00,0.00,u,
166,27,1.10,75.00,d,
167,27,1.80,100.00,a,
168,27,-0.30,100.00,a,
169,27,3.20,100.00,a,
170,27,1.50,100.00,a,1.00
171,27,0.00,0.00,u,
172,27,0.00,0.00,u,
173,27,0.50,100.00,a,
174,27,0.00,0.00,u,
175,27,0.00,0.00,u,
176,27,0.00,0.00,u,
177,27,0.00,0.00,u,
178,27,3.50,100.00,a,2.00
179,27,0.00,0.00,u,
180,27,0.00,0.00,i,
181,27,1.00,,a,
182,27,0.50,,a,
183,27,-0.50,,a,
184,27,0.00,0.00,u,
185,27,-0.50,,a,
186,27,0.00,0.00,i,
187,27,0.30,100.00,a,
188,27,0.00,0.00,u,
189,27,0.00,0.00,u,
190,27,-0.50,,a,
191,27,1.70,100.00,a,
192,27,-0.50,,a,
193,27,1.70,100.00,a,
194,27,0.00,0.00,i,
195,27,0.30,100.00,a,
196,27,0.00,0.00,u,
197,27,0.00,0.00,u,
198,27,0.00,0.00,i,
199,27,1.30,100.00,a,
200,27,2.70,100.00,a,
201,27,0.00,0.00,u,
202,27,0.50,100.00,a,3.00
203,27,-0.50,,a,
204,27,0.00,0.00,u,
205,27,0.00,0.00,i,
206,27,2.30,,a,
207,27,2.70,100.00,a,
208,27,0.00,0.00,u,
209,27,0.50,,a,
210,27,0.30,,a,
211,27,0.00,0.00,u,
212,27,0.00,0.00,u,
213,27,0.00,0.00,u,
214,27,0.00,0.00,i,
215,27,3.00,100.00,a,1.00
216,27,0.00,0.00,i,
217,27,0.50,100.00,a,
218,27,-0.30,,a,2.00
219,27,0.00,0.00,u,
220,27,1.30,100.00,a,
221,27,-0.20,50.00,d,
222,27,0.00,0.00,u,
223,27,-0.50,,a,
224,27,0.00,0.00,i,
225,27,1.30,100.00,a,
226,27,2.50,100.00,a,
227,27,0.00,0.00,i,
228,27,1.70,100.00,a,
229,27,-0.50,100.00,a,
230,27,0.00,0.00,s,
231,27,-0.30,100.00,a,
232,27,-0.30,100.00,a,
233,27,0.00,100.00,a,
234,27,0.00,0.00,u,
235,27,8.70,100.00,a,1.00
236,27,2.70,100.00,a,
237,27,3.00,100.00,a,2.00
238,27,0.20,75.00,d,3.00
239,27,0.00,0.00,i,
240,27,0.00,0.00,u,
241,27,2.30,100.00,a,
242,27,5.20,100.00,a,
243,27,1.00,,a,
244,27,-0.50,100.00,a,
245,27,0.00,0.00,s,
246,27,1.00,100.00,a,
247,27,0.00,0.00,i,
248,27,0.00,0.00,u,
249,27,8.30,,a,
250,27,1.50,100.00,a,
251,27,0.00,0.00,u,
252,27,-0.50,100.00,a,
253,27,6.30,,a,
254,27,-0.50,100.00,a,
255,27,-0.50,,a,
256,27,3.70,100.00,a,
257,27,2.60,75.00,d,
258,27,4.50,,a,
259,27,-0.50,100.00,a,
260,27,4.30,100.00,a,
261,27,3.30,100.00,a,
262,27,1.30,100.00,a,
263,27,-0.50,100.00,a,
264,27,0.00,0.00,u,
265,27,-0.50,100.00,a,
266,27,4.10,,a,
267,27,4.30,100.00,a,3.00
268,27,0.00,0.00,i,
269,27,0.00,0.00,u,
270,27,0.70,100.00,a,
271,27,0.50,100.00,a,
272,27,0.00,0.00,i,
273,27,2.50,100.00,a,
274,27,-0.50,,a,
275,27,0.00,0.00,u,
276,27,-0.50,100.00,a,4.00
277,27,0.00,0.00,u,
278,27,0.00,0.00,u,
279,27,0.00,0.00,u,
280,27,0.00,0.00,u,
281,27,-0.50,,a,
282,27,0.00,0.00,u,
283,27,0.00,0.00,i,2.00
284,27,0.00,0.00,i,
285,27,0.00,0.00,u,
286,27,-0.50,,a,
287,27,1.50,,a,
288,27,0.00,75.00,d,
289,27,0.00,0.00,u,
290,27,2.00,100.00,a,
291,27,1.50,,a,
292,27,0.80,100.00,a,
293,27,1.50,100.00,a,
294,27,0.00,100.00,a,
295,27,2.20,100.00,a,
296,27,0.20,100.00,a,
297,27,0.00,0.00,u,
298,27,0.00,,a,
299,27,3.80,100.00,a,1.00
300,27,0.00,,a,
301,27,0.10,25.00,d,
302,27,1.80,100.00,a,
303,27,3.00,,a,2.00
304,27,0.80,100.00,a,
305,27,1.80,100.00,a,
306,27,0.00,,a,
307,27,0.00,,a,
308,27,0.00,0.00,u,
309,27,0.00,0.00,u,
310,27,2.00,,a,
311,27,2.20,,a,3.00
312,27,0.00,0.00,u,
313,27,0.00,0.00,u,
314,27,1.00,,a,
315,27,0.00,0.00,u,
316,27,0.20,75.00,d,
317,27,1.80,100.00,a,
318,27,2.20,100.00,a,
319,27,1.00,,a,
320,27,0.00,,a,
321,27,1.00,,a,
322,27,1.50,100.00,a,
323,27,0.00,,a,
324,27,5.20,100.00,a,
325,27,1.80,100.00,a,
326,27,0.00,,a,
327,27,0.00,0.00,u,
328,27,3.00,100.00,a,
329,27,3.50,100.00,a,3.00
330,27,2.50,,a,
331,27,0.50,100.00,a,
332,27,0.00,50.00,d,
333,27,0.00,0.00,u,
334,27,0.00,0.00,u,
335,27,0.20,100.00,a,
336,27,0.20,,a,
337,27,5.80,100.00,a,1.00
338,27,0.80,100.00,a,
339,27,-0.50,,a,
340,27,-0.50,,a,
341,27,1.30,,a,
342,27,2.70,100.00,a,
343,27,1.50,100.00,a,
344,27,0.30,100.00,a,
345,27,-0.30,100.00,a,
346,27,-0.50,,a,
347,27,0.00,100.00,a,
348,27,2.70,100.00,a,
349,27,0.00,0.00,u,
350,27,2.00,,a,
351,27,-0.30,100.00,a,
352,27,0.00,0.00,u,
353,27,0.00,100.00,a,
354,27,3.00,100.00,a,
355,27,0.00,0.00,u,
356,27,3.30,,a,
357,27,0.00,0.00,u,
358,27,-0.50,100.00,a,
359,27,0.00,0.00,u,
360,27,0.00,0.00,u,
361,27,0.00,0.00,u,
362,27,-0.30,100.00,a,3.00
363,27,0.00,0.00,u,
364,27,0.00,0.00,u,
365,27,2.50,100.00,a,2.00
366,27,4.70,100.00,a,
367,27,0.50,,a,
368,27,0.50,,a,
369,27,0.50,,a,
370,27,0.20,50.00,d,
371,27,3.50,,a,
372,27,2.70,,a,
373,27,8.50,,a,
374,27,7.30,100.00,a,
375,27,0.00,0.00,i,
376,27,1.00,100.00,a,
377,27,0.00,0.00,u,
378,27,0.50,100.00,a,
379,27,0.50,,a,
380,27,0.50,,a,
381,27,4.50,100.00,a,1.00
382,27,3.50,75.00,d,
383,27,0.00,0.00,u,
384,27,3.50,100.00,a,3.00
385,27,1.50,100.00,a,
386,27,5.30,100.00,a,4.00
387,27,4.50,100.00,a,2.00
388,27,2.00,100.00,a,
389,27,0.00,0.00,i,
390,27,4.70,100.00,a,
391,27,0.00,0.00,i,
392,27,0.00,0.00,i,
393,27,0.00,0.00,i,
394,27,0.00,0.00,u,
395,27,0.00,0.00,u,
396,27,0.50,,a,
397,27,0.00,0.00,u,
398,27,0.00,0.00,i,
399,27,0.00,0.00,u,
400,27,2.80,,a,
401,27,0.50,100.00,a,
402,27,4.30,100.00,a,
403,27,0.00,0.00,i,
404,27,0.00,0.00,u,
405,27,0.70,,a,
406,27,2.50,100.00,a,
407,27,3.50,100.00,a,4.00
408,27,2.30,100.00,a,
409,27,0.50,100.00,a,
410,27,0.50,100.00,a,
411,27,8.70,100.00,a,
412,27,0.00,0.00,u,
413,27,2.50,100.00,a,2.00
414,27,2.30,100.00,a,
415,27,0.50,100.00,a,
416,27,3.70,100.00,a,
417,27,3.30,100.00,a,
418,27,0.20,50.00,d,3.00
419,27,0.00,0.00,i,
420,27,0.00,0.00,u,
421,27,4.50,100.00,a,
422,27,0.00,0.00,i,
423,27,0.50,100.00,a,
424,27,0.80,100.00,a,
425,27,0.00,0.00,u,
426,27,0.20,,a,5.00
427,27,1.00,,a,
428,27,0.50,100.00,a,
429,27,0.00,0.00,u,
430,27,7.30,100.00,a,1.00
431,27,0.50,,a,
432,27,0.00,0.00,u,
433,27,0.00,0.00,u,
434,27,0.50,,a,
435,27,0.50,,a,
436,27,0.10,25.00,d,
437,27,1.50,50.00,d,
438,27,1.00,100.00,a,
439,27,0.50,,a,
440,27,6.00,100.00,a,
441,27,0.00,0.00,i,
442,27,4.70,100.00,a,
443,27,4.30,,a,
444,27,2.50,,a,
445,27,0.00,0.00,u,
446,27,0.50,,a,
447,27,0.70,100.00,a,
448,27,0.50,,a,
449,27,6.50,100.00,a,1.00
450,27,4.70,100.00,a,
451,27,0.00,0.00,u,
452,27,2.30,100.00,a,
453,27,0.00,,a,
454,27,0.00,0.00,u,
455,27,0.20,50.00,d,
456,27,2.70,100.00,a,
457,27,6.30,100.00,a,
458,27,4.30,100.00,a,
459,27,1.00,,a,
460,27,0.00,0.00,u,
461,27,0.50,,a,
462,27,0.50,,a,
463,27,0.00,0.00,u,
464,27,0.00,0.00,u,
465,27,0.00,0.00,u,
466,27,1.00,100.00,a,
467,27,0.50,,a,
468,27,0.00,0.00,u,
469,27,1.80,100.00,a,
470,27,0.70,100.00,a,
471,27,0.00,,a,
472,27,0.00,0.00,u,
473,27,2.80,100.00,a,
474,27,0.00,0.00,i,
475,27,2.20,100.00,a,
476,27,1.20,100.00,a,
477,27,0.00,0.00,i,
478,27,1.00,100.00,a,
479,27,0.00,0.00,i,
480,27,0.00,0.00,u,
481,27,0.20,,a,
482,27,0.00,0.00,u,
483,27,0.00,,a,
484,27,0.00,0.00,u,
485,27,3.20,100.00,a,1.00
486,27,1.80,100.00,a,
487,27,1.50,,a,
488,27,0.00,0.00,i,2.00
489,27,0.80,100.00,a,
490,27,0.00,100.00,a,
491,27,1.80,100.00,a,
492,27,0.00,0.00,u,
493,27,0.30,100.00,a,
494,27,1.20,100.00,a,
495,27,0.00,0.00,u,
496,27,0.00,0.00,u,
497,27,0.00,0.00,i,
498,27,0.00,0.00,u,
499,27,0.00,0.00,i,
500,27,1.00,100.00,a,
501,27,0.00,,a,
502,27,0.00,0.00,i,
503,27,0.00,0.00,u,
504,27,0.00,0.00,u,
505,27,3.50,,a,
506,27,1.00,100.00,a,
507,27,2.80,100.00,a,
508,27,2.50,100.00,a,
509,27,0.00,0.00,u,
510,27,0.00,,a,
511,27,3.00,,a,
512,27,0.00,0.00,u,
513,27,0.20,,a,
514,27,0.00,0.00,i,
515,27,3.80,100.00,a,2.00
516,27,2.20,100.00,a,
517,27,5.20,,a,4.00
518,27,0.00,0.00,u,
519,27,0.80,100.00,a,
520,27,0.00,0.00,u,
521,27,2.50,100.00,a,
522,27,0.50,100.00,a,
523,27,0.00,100.00,a,
524,27,0.00,0.00,u,
525,27,0.00,0.00,i,1.00
526,27,1.50,100.00,a,3.00
527,27,0.00,100.00,a,
528,27,0.00,0.00,u,
529,27,0.00,,a,
530,27,0.00,0.00,u,
531,27,4.50,100.00,a,
532,27,2.20,,a,
533,27,0.00,0.00,u,
534,27,0.00,0.00,u,
535,27,0.00,0.00,i,
536,27,0.00,0.00,u,
537,27,0.00,0.00,u,
538,27,0.00,0.00,u,
539,27,0.20,100.00,a,
540,27,0.00,0.00,u,
541,27,0.00,0.00,i,
542,27,0.00,0.00,u,
543,27,0.00,0.00,u,
544,27,4.80,100.00,a,1.00
545,27,0.00,0.00,u,
546,27,0.00,100.00,a,
547,27,4.80,100.00,a,2.00
548,27,0.00,0.00,i,
549,27,0.00,0.00,u,
550,27,0.00,,a,
551,27,0.00,,a,
552,27,2.20,100.00,a,
553,27,2.80,100.00,a,
554,27,0.00,,a,
555,27,0.00,0.00,u,
556,27,0.00,0.00,u,
557,27,0.00,,a,
558,27,0.00,0.00,u,
559,27,0.00,0.00,u,
560,27,1.00,100.00,a,
561,27,0.20,,a,
562,27,0.00,,a,
563,27,0.00,0.00,u,
564,27,0.00,0.00,u,
565,27,1.50,,a,
566,27,0.00,,a,
567,27,0.00,,a,
568,27,0.00,100.00,a,
569,27,0.00,0.00,s,
570,27,0.00,100.00,a,
571,27,0.00,0.00,i,
572,27,1.50,100.00,a,
573,27,0.00,100.00,a,
574,27,0.00,0.00,i,
575,27,1.00,100.00,a,
576,27,0.00,0.00,u,
577,27,0.00,0.00,u,
578,27,0.00,0.00,u,
579,27,0.00,0.00,u,
580,27,0.70,,a,
581,27,0.00,0.00,i,
582,27,0.00,0.00,i,3.00
583,27,0.00,0.00,i,
584,27,1.00,,a,
585,27,0.00,0.00,i,
586,27,0.00,0.00,i,
587,27,1.50,100.00,a,
588,27,0.00,0.00,i,
589,27,0.00,0.00,u,
590,27,0.00,0.00,u,
591,27,3.80,100.00,a,
592,27,0.00,0.00,u,
593,27,3.80,100.00,a,
594,27,0.00,0.00,u,
595,27,0.00,,a,
596,27,4.20,100.00,a,2.00
597,27,0.20,100.00,a,5.00
598,27,0.00,0.00,u,
599,27,0.00,0.00,u,
600,27,0.00,,a,
601,27,0.00,0.00,u,
602,27,0.00,0.00,u,
603,27,5.70,100.00,a,
604,27,0.00,0.00,u,
605,27,-0.50,,a,
606,27,4.30,100.00,a,
607,27,0.00,0.00,u,
608,27,0.00,100.00,a,
609,27,-0.50,100.00,a,
610,27,5.30,100.00,a,
611,27,0.00,0.00,u,
612,27,0.00,0.00,u,
613,27,3.50,100.00,a,
614,27,0.70,100.00,a,
615,27,5.50,100.00,a,
616,27,0.00,0.00,u,
617,27,0.00,0.00,u,
618,27,0.00,0.00,u,
619,27,0.00,0.00,u,
620,27,0.00,0.00,u,
621,27,0.00,0.00,u,
622,27,0.00,0.00,u,
623,27,0.00,0.00,s,
624,27,4.30,,a,2.00
625,27,0.00,0.00,u,
626,27,0.00,0.00,u,
627,27,-0.50,,a,
628,27,3.10,,a,
629,27,-0.50,100.00,a,
630,27,0.00,,a,
631,27,0.00,0.00,u,
632,27,-0.50,100.00,a,
633,27,2.50,100.00,a,
634,27,2.30,100.00,a,
635,27,0.50,100.00,a,
636,27,2.30,100.00,a,
637,27,-0.50,100.00,a,
638,27,0.00,0.00,u,
639,27,0.00,0.00,u,
640,27,-0.10,100.00,a,
641,27,0.00,0.00,u,
642,27,0.00,25.00,d,3.00
643,27,1.10,100.00,a,
644,27,0.70,100.00,a,
645,27,0.00,0.00,u,
646,27,1.70,100.00,a,
647,27,0.00,0.00,u,
648,27,0.00,0.00,u,
649,27,0.00,0.00,u,
650,27,0.00,0.00,u,
651,27,0.70,,a,
652,27,-0.50,,a,
653,27,0.00,0.00,u,
654,27,3.70,100.00,a,
655,27,0.00,0.00,u,
656,27,0.00,0.00,u,
657,27,0.00,0.00,i,
658,27,-0.50,,a,
659,27,0.00,,a,
660,27,2.70,100.00,a,
661,27,5.30,100.00,a,
662,27,1.50,100.00,a,
663,27,0.00,0.00,u,
664,27,0.00,,a,
665,27,-0.50,100.00,a,
666,27,7.50,100.00,a,2.00
667,27,0.00,100.00,a,
668,27,0.20,100.00,a,
669,27,1.00,100.00,a,
670,27,2.50,,a,
671,27,0.50,,a,
672,27,-0.30,100.00,a,
673,27,2.50,100.00,a,
674,27,0.00,,a,
675,27,0.20,100.00,a,
676,27,2.30,100.00,a,
677,27,2.30,100.00,a,
678,27,0.00,0.00,u,
679,27,5.00,,a,
680,27,0.00,0.00,i,
681,27,6.30,100.00,a,
682,27,0.10,,a,
683,27,2.50,100.00,a,
684,27,3.80,,a,
685,27,0.20,100.00,a,
686,27,0.70,,a,
687,27,0.00,,a,
688,27,0.50,,a,
689,27,0.00,,a,
690,27,-0.50,100.00,a,
691,27,2.30,100.00,a,1.00
692,27,0.00,0.00,i,
693,27,2.50,,a,
694,27,0.00,0.00,i,
695,27,0.10,,a,
696,27,0.00,0.00,u,
697,27,5.00,,a,
698,27,0.00,0.00,i,
699,27,2.70,100.00,a,
700,27,0.00,0.00,i,
701,27,0.00,0.00,u,
702,27,0.50,,a,
703,27,0.50,,a,
704,27,0.00,0.00,u,
705,27,0.00,0.00,u,
706,27,1.70,,a,
707,27,0.20,,a,
708,27,4.50,100.00,a,
709,27,0.00,0.00,s,
710,27,0.50,,a,
711,27,0.50,,a,
712,27,1.00,100.00,a,
713,27,3.20,,a,
714,27,1.00,,a,3.00
715,27,0.00,0.00,i,
716,27,0.00,0.00,i,
717,27,2.80,100.00,a,4.00
718,27,0.50,,a,
719,27,0.70,100.00,a,
720,27,2.30,,a,5.00
721,27,0.00,100.00,a,
722,27,0.30,,a,
723,27,0.70,100.00,a,
724,27,1.00,,a,
725,27,5.70,100.00,a,
726,27,2.80,100.00,a,
727,27,0.80,50.00,d,
728,27,0.00,100.00,a,
729,27,0.00,0.00,u,
730,27,0.00,0.00,i,
731,27,1.70,75.00,d,
732,27,0.00,,a,
733,27,5.30,,a,
734,27,0.20,100.00,a,
735,27,0.00,100.00,a,
736,27,4.70,,a,
737,27,0.00,,a,
738,27,-0.10,25.00,d,
739,27,0.00,0.00,u,
740,27,0.00,0.00,u,
741,27,0.00,0.00,u,
742,27,0.50,,a,
743,27,-0.50,,a,
744,27,0.00,,a,
745,27,0.20,,a,
746,27,0.50,,a,
747,27,-0.50,,a,
748,27,0.00,0.00,i,
749,27,1.50,,a,
750,27,0.00,,a,
751,27,0.00,0.00,u,
752,27,-0.50,,a,
753,27,0.00,,a,
754,27,0.50,,a,
755,27,0.50,100.00,a,
756,27,0.00,,a,
757,27,0.50,,a,
758,27,-0.30,,a,
759,27,0.50,,a,
760,27,0.50,,a,
761,27,0.00,,a,
762,27,-0.50,,a,
763,27,0.50,,a,
764,27,0.50,,a,
765,27,0.00,,a,
766,27,-0.50,,a,
767,27,-0.50,,a,
768,27,0.50,,a,
769,27,0.50,,a,
770,27,0.00,,a,
771,27,0.70,,a,
772,27,0.00,,a,
773,27,-0.50,,a,
774,27,0.00,,a,
775,27,0.00,0.00,u,
776,27,-0.50,,a,
777,27,0.00,0.00,u,
778,27,-0.50,,a,
779,27,0.00,,a,
780,27,-0.50,,a,
781,27,0.50,,a,
782,27,0.00,,a,
783,27,4.80,,a,
784,27,-0.50,,a,
785,27,0.00,0.00,i,
786,27,0.00,,a,
787,27,-0.50,,a,
788,27,0.50,,a,
789,27,-0.50,,a,
790,27,0.00,,a,
791,27,2.50,,a,
792,27,0.70,100.00,a,
793,27,-0.50,,a,
794,27,0.40,75.00,d,
795,27,0.80,,a,
796,27,3.20,,a,
797,27,0.50,,a,
798,27,0.00,0.00,u,
799,27,0.00,,a,
800,27,0.00,0.00,i,
801,27,0.50,,a,
802,27,-0.50,,a,
803,27,-0.50,,a,
804,27,0.20,,a,
805,27,2.00,,a,
806,27,0.00,,a,
807,27,5.50,,a,
808,27,3.30,,a,
809,27,-0.50,,a,
810,27,0.50,,a,
811,27,0.00,,a,
812,27,0.00,,a,
813,27,1.70,,a,
814,27,0.30,,a,
815,27,4.20,,a,
816,27,1.30,100.00,a,
817,27,2.00,,a,
818,27,1.30,,a,
1,28,4.20,,a,
2,28,1.00,,a,
3,28,0.00,0.00,u,
4,28,1.00,,a,
5,28,5.80,100.00,a,
6,28,5.00,100.00,a,
7,28,2.60,100.00,a,
8,28,5.00,100.00,a,
9,28,0.00,0.00,u,
10,28,1.00,,a,
11,28,0.80,75.00,d,
12,28,0.00,0.00,u,
13,28,1.00,,a,
14,28,0.00,0.00,u,
15,28,1.00,,a,
16,28,5.00,100.00,a,1.00
17,28,1.50,75.00,d,3.00
18,28,4.00,100.00,a,
19,28,2.80,100.00,a,
20,28,3.40,100.00,a,4.00
21,28,4.90,75.00,d,
22,28,0.00,0.00,i,
23,28,0.00,0.00,u,
24,28,1.40,100.00,a,
25,28,0.00,0.00,u,
26,28,5.00,100.00,a,
27,28,0.00,0.00,i,
28,28,0.00,0.00,u,
29,28,0.00,0.00,u,
30,28,2.20,100.00,a,
31,28,1.20,100.00,a,
32,28,3.50,100.00,a,
33,28,-0.50,100.00,a,
34,28,0.00,0.00,u,
35,28,0.00,0.00,u,
36,28,0.70,100.00,a,
37,28,0.70,100.00,a,
38,28,3.10,100.00,a,
39,28,2.30,,a,
40,28,2.70,100.00,a,
41,28,0.10,100.00,a,
42,28,-0.30,100.00,a,
43,28,0.00,0.00,u,
44,28,1.50,100.00,a,
45,28,0.00,0.00,u,
46,28,0.00,0.00,u,
47,28,3.10,100.00,a,
48,28,0.00,0.00,i,
49,28,0.50,100.00,a,
50,28,0.70,100.00,a,2.00
51,28,0.00,0.00,u,
52,28,4.50,100.00,a,
53,28,0.00,0.00,u,
54,28,0.00,0.00,i,
55,28,0.30,100.00,a,
56,28,0.00,0.00,u,
57,28,0.00,0.00,u,
58,28,0.00,0.00,i,
59,28,1.70,100.00,a,
60,28,0.00,0.00,u,
61,28,0.00,0.00,u,
62,28,0.00,0.00,u,
63,28,0.00,0.00,u,
64,28,1.10,100.00,a,3.00
65,28,0.00,0.00,u,
66,28,0.00,0.00,u,
67,28,4.50,,a,
68,28,0.00,0.00,u,
69,28,0.00,,a,
70,28,0.00,0.00,u,
71,28,0.00,0.00,u,
72,28,3.20,100.00,a,
73,28,0.80,100.00,a,
74,28,4.80,,a,
75,28,0.00,75.00,d,
76,28,0.00,,a,
77,28,6.00,,a,
78,28,0.00,0.00,u,
79,28,0.00,0.00,u,
80,28,0.00,0.00,i,
81,28,0.00,0.00,i,1.00
82,28,7.50,100.00,a,
83,28,5.60,100.00,a,
84,28,2.00,100.00,a,4.00
85,28,1.50,100.00,a,
86,28,0.80,100.00,a,
87,28,1.00,100.00,a,
88,28,0.00,0.00,i,
89,28,0.00,0.00,u,
90,28,3.50,100.00,a,
91,28,0.00,0.00,u,
92,28,0.00,0.00,u,
93,28,0.00,0.00,u,
94,28,0.00,0.00,u,
95,28,0.00,0.00,u,
96,28,0.00,0.00,u,
97,28,2.10,75.00,d,
98,28,1.00,100.00,a,
99,28,0.00,0.00,u,
100,28,1.80,,a,
101,28,3.00,100.00,a,
102,28,0.00,,a,
103,28,0.00,0.00,u,
104,28,0.00,,a,
105,28,0.20,,a,
106,28,0.40,,a,
107,28,2.20,,a,
108,28,3.20,100.00,a,
109,28,2.80,,a,
110,28,1.40,100.00,a,
111,28,0.00,100.00,a,
112,28,0.00,0.00,u,
113,28,4.80,100.00,a,
114,28,0.00,0.00,u,
115,28,0.00,0.00,u,
116,28,0.00,0.00,i,
117,28,0.00,0.00,u,
118,28,0.00,0.00,u,
119,28,5.30,100.00,a,
120,28,1.20,100.00,a,3.00
121,28,4.20,100.00,a,
122,28,0.00,0.00,i,
123,28,0.00,0.00,i,4.00
124,28,1.20,100.00,a,
125,28,0.00,0.00,i,
126,28,3.20,,a,5.00
127,28,0.00,0.00,u,
128,28,0.00,0.00,u,
129,28,1.00,100.00,a,
130,28,0.60,,a,
131,28,0.00,0.00,u,
132,28,0.00,0.00,u,
133,28,0.00,0.00,u,
134,28,0.00,0.00,u,
135,28,0.30,100.00,a,
136,28,3.40,100.00,a,2.00
137,28,0.00,0.00,u,
138,28,-1.00,,a,
139,28,2.80,,a,
140,28,-1.00,,a,
141,28,0.00,0.00,u,
142,28,0.00,0.00,u,
143,28,0.20,,a,
144,28,0.00,0.00,u,
145,28,0.00,100.00,a,
146,28,2.20,100.00,a,
147,28,0.00,0.00,u,
148,28,2.50,,a,
149,28,-1.00,100.00,a,
150,28,0.00,0.00,u,
151,28,3.50,100.00,a,
152,28,-0.20,100.00,a,
153,28,0.00,0.00,i,
154,28,0.00,0.00,u,
155,28,0.00,0.00,u,
156,28,-1.00,,a,
157,28,1.20,100.00,a,
158,28,-0.50,100.00,a,
159,28,-0.80,100.00,a,
160,28,-0.50,100.00,a,
161,28,0.00,0.00,u,
162,28,0.00,0.00,u,
163,28,2.00,100.00,a,
164,28,-0.80,100.00,a,3.00
165,28,0.00,0.00,u,
166,28,-0.80,75.00,d,
167,28,0.00,100.00,a,
168,28,0.00,100.00,a,
169,28,4.50,100.00,a,
170,28,0.80,100.00,a,1.00
171,28,0.00,0.00,u,
172,28,0.00,0.00,u,
173,28,-0.20,100.00,a,
174,28,0.00,0.00,u,
175,28,0.00,0.00,u,
176,28,0.00,0.00,u,
177,28,0.00,0.00,u,
178,28,4.20,100.00,a,2.00
179,28,0.00,0.00,u,
180,28,0.00,0.00,i,
181,28,-0.20,,a,
182,28,0.50,,a,
183,28,-0.50,,a,
184,28,0.00,0.00,u,
185,28,-0.50,,a,
186,28,0.00,0.00,i,
187,28,0.10,100.00,a,
188,28,0.00,0.00,u,
189,28,0.00,0.00,u,
190,28,-0.50,,a,
191,28,1.30,100.00,a,
192,28,-0.50,,a,
193,28,1.50,100.00,a,
194,28,0.00,0.00,i,
195,28,0.10,100.00,a,
196,28,0.00,0.00,u,
197,28,0.00,0.00,u,
198,28,0.00,0.00,i,
199,28,1.30,100.00,a,
200,28,4.10,100.00,a,
201,28,0.00,0.00,u,
202,28,0.50,100.00,a,3.00
203,28,-0.50,,a,
204,28,0.00,0.00,u,
205,28,0.00,0.00,i,
206,28,1.30,75.00,d,
207,28,4.10,100.00,a,
208,28,0.00,0.00,u,
209,28,0.50,,a,
210,28,0.30,,a,
211,28,0.00,0.00,u,
212,28,0.00,0.00,u,
213,28,0.00,0.00,u,
214,28,0.00,0.00,i,
215,28,3.50,100.00,a,1.00
216,28,0.00,0.00,i,
217,28,0.30,100.00,a,
218,28,-0.10,,a,2.00
219,28,0.00,0.00,u,
220,28,2.30,100.00,a,
221,28,0.50,100.00,a,
222,28,0.00,0.00,u,
223,28,0.50,,a,
224,28,0.80,50.00,d,
225,28,3.50,100.00,a,
226,28,3.00,100.00,a,
227,28,0.00,0.00,i,
228,28,2.70,100.00,a,
229,28,0.50,100.00,a,
230,28,1.00,100.00,a,
231,28,1.00,100.00,a,
232,28,1.00,100.00,a,
233,28,1.00,100.00,a,
234,28,0.00,0.00,u,
235,28,9.50,100.00,a,1.00
236,28,0.00,0.00,s,
237,28,2.30,100.00,a,2.00
238,28,0.30,25.00,d,3.00
239,28,0.00,0.00,i,
240,28,0.00,0.00,u,
241,28,3.50,100.00,a,
242,28,6.70,100.00,a,
243,28,1.50,,a,
244,28,0.70,100.00,a,
245,28,0.00,0.00,s,
246,28,2.50,100.00,a,
247,28,0.20,50.00,d,
248,28,0.00,0.00,u,
249,28,7.30,,a,
250,28,1.50,100.00,a,
251,28,0.00,0.00,u,
252,28,0.50,100.00,a,
253,28,6.00,,a,
254,28,0.00,100.00,a,
255,28,0.00,,a,
256,28,3.60,100.00,a,
257,28,0.00,0.00,s,
258,28,4.20,,a,
259,28,0.00,100.00,a,
260,28,4.70,100.00,a,
261,28,3.20,100.00,a,
262,28,1.60,100.00,a,
263,28,0.00,100.00,a,
264,28,0.00,0.00,u,
265,28,0.00,100.00,a,
266,28,4.80,,a,
267,28,4.20,100.00,a,3.00
268,28,0.00,0.00,i,
269,28,0.00,0.00,u,
270,28,1.20,100.00,a,
271,28,1.00,100.00,a,
272,28,0.00,0.00,i,
273,28,2.80,100.00,a,
274,28,0.00,,a,
275,28,0.00,0.00,u,
276,28,0.00,100.00,a,4.00
277,28,0.00,0.00,u,
278,28,0.00,0.00,u,
279,28,0.00,0.00,u,
280,28,0.00,0.00,u,
281,28,0.00,,a,
282,28,0.00,0.00,u,
283,28,0.00,0.00,i,2.00
284,28,0.00,0.00,i,
285,28,0.00,0.00,u,
286,28,0.00,,a,
287,28,2.00,,a,
288,28,0.50,100.00,a,
289,28,0.00,0.00,u,
290,28,4.50,100.00,a,
291,28,2.30,,a,
292,28,2.00,100.00,a,
293,28,1.00,100.00,a,
294,28,0.00,0.00,i,
295,28,2.50,100.00,a,
296,28,0.50,100.00,a,
297,28,0.00,0.00,u,
298,28,0.50,,a,
299,28,4.70,100.00,a,1.00
300,28,2.00,,a,
301,28,0.00,0.00,i,
302,28,2.30,100.00,a,
303,28,4.00,,a,2.00
304,28,1.30,100.00,a,
305,28,2.00,100.00,a,
306,28,0.50,,a,
307,28,0.50,,a,
308,28,0.00,0.00,u,
309,28,0.00,0.00,u,
310,28,3.50,,a,
311,28,3.30,,a,3.00
312,28,0.00,0.00,u,
313,28,0.00,0.00,u,
314,28,1.20,,a,
315,28,0.00,0.00,u,
316,28,0.20,100.00,a,
317,28,1.00,75.00,d,
318,28,2.00,100.00,a,
319,28,0.80,,a,
320,28,0.20,,a,
321,28,1.00,,a,
322,28,1.60,100.00,a,
323,28,0.00,,a,
324,28,6.20,100.00,a,
325,28,1.80,100.00,a,
326,28,0.80,,a,
327,28,0.00,0.00,u,
328,28,3.20,100.00,a,
329,28,3.90,75.00,d,3.00
330,28,2.40,,a,
331,28,0.40,100.00,a,
332,28,0.00,100.00,a,
333,28,0.00,0.00,u,
334,28,0.00,0.00,u,
335,28,0.40,100.00,a,
336,28,0.20,,a,
337,28,5.00,100.00,a,1.00
338,28,0.80,100.00,a,
339,28,0.00,,a,
340,28,0.00,,a,
341,28,2.20,,a,
342,28,3.80,100.00,a,
343,28,2.00,100.00,a,
344,28,1.00,100.00,a,
345,28,0.20,100.00,a,
346,28,0.00,,a,
347,28,1.20,100.00,a,
348,28,2.40,75.00,d,
349,28,0.00,0.00,u,
350,28,2.50,,a,
351,28,0.20,100.00,a,
352,28,0.00,0.00,u,
353,28,0.80,100.00,a,
354,28,4.00,100.00,a,
355,28,0.00,0.00,u,
356,28,4.00,,a,
357,28,0.00,0.00,u,
358,28,0.00,100.00,a,
359,28,0.00,0.00,u,
360,28,0.00,0.00,u,
361,28,0.00,0.00,u,
362,28,0.20,100.00,a,3.00
363,28,0.00,0.00,u,
364,28,0.00,0.00,u,
365,28,3.20,100.00,a,2.00
366,28,5.20,100.00,a,
367,28,1.00,,a,
368,28,1.00,,a,
369,28,1.00,,a,
370,28,2.00,100.00,a,
371,28,3.00,,a,
372,28,3.20,,a,
373,28,9.80,,a,
374,28,5.20,100.00,a,
375,28,0.00,0.00,i,
376,28,1.80,100.00,a,
377,28,0.00,0.00,u,
378,28,1.00,100.00,a,
379,28,1.00,,a,
380,28,1.00,,a,
381,28,4.20,100.00,a,1.00
382,28,0.60,25.00,d,
383,28,0.00,0.00,u,
384,28,4.50,100.00,a,3.00
385,28,1.80,100.00,a,
386,28,7.80,100.00,a,4.00
387,28,4.80,100.00,a,2.00
388,28,2.20,100.00,a,
389,28,0.00,0.00,i,
390,28,5.50,100.00,a,
391,28,0.00,0.00,i,
392,28,0.00,0.00,i,
393,28,0.00,0.00,i,
394,28,0.00,0.00,u,
395,28,0.00,0.00,u,
396,28,1.20,,a,
397,28,0.00,0.00,u,
398,28,0.00,0.00,i,
399,28,0.00,0.00,u,
400,28,0.40,25.00,d,
401,28,0.50,100.00,a,
402,28,5.70,100.00,a,
403,28,0.00,0.00,i,
404,28,0.00,0.00,u,
405,28,0.90,,a,
406,28,2.10,100.00,a,
407,28,4.50,100.00,a,4.00
408,28,3.70,100.00,a,
409,28,0.50,100.00,a,
410,28,0.50,100.00,a,
411,28,6.20,75.00,d,
412,28,0.00,0.00,u,
413,28,2.70,100.00,a,2.00
414,28,1.90,100.00,a,
415,28,0.50,100.00,a,
416,28,3.70,100.00,a,
417,28,3.30,100.00,a,
418,28,0.50,100.00,a,3.00
419,28,0.00,0.00,i,
420,28,0.00,0.00,u,
421,28,4.30,100.00,a,
422,28,0.00,0.00,i,
423,28,0.50,100.00,a,
424,28,1.60,100.00,a,
425,28,0.00,0.00,u,
426,28,-0.30,,a,5.00
427,28,1.10,,a,
428,28,0.50,100.00,a,
429,28,0.00,0.00,u,
430,28,4.40,75.00,d,1.00
431,28,0.50,,a,
432,28,0.00,0.00,u,
433,28,0.00,0.00,u,
434,28,0.50,,a,
435,28,0.50,,a,
436,28,0.00,0.00,i,
437,28,1.20,50.00,d,
438,28,2.30,100.00,a,
439,28,0.50,,a,
440,28,5.10,100.00,a,
441,28,0.00,0.00,i,
442,28,3.20,75.00,d,
443,28,2.80,75.00,d,
444,28,2.50,,a,
445,28,0.00,0.00,u,
446,28,0.50,,a,
447,28,0.70,100.00,a,
448,28,0.50,,a,
449,28,7.90,100.00,a,1.00
450,28,4.90,100.00,a,
451,28,0.00,0.00,u,
452,28,2.10,100.00,a,
453,28,1.00,,a,
454,28,0.00,0.00,u,
455,28,0.10,25.00,d,
456,28,1.50,100.00,a,
457,28,5.90,100.00,a,
458,28,3.90,100.00,a,
459,28,0.90,,a,
460,28,0.00,0.00,u,
461,28,0.50,,a,
462,28,0.50,,a,
463,28,0.00,0.00,u,
464,28,0.00,0.00,u,
465,28,0.00,0.00,u,
466,28,1.10,100.00,a,
467,28,0.50,,a,
468,28,0.00,0.00,u,
469,28,1.30,100.00,a,
470,28,0.50,100.00,a,
471,28,-0.50,,a,
472,28,0.00,0.00,u,
473,28,1.70,100.00,a,
474,28,0.00,0.00,i,
475,28,1.70,100.00,a,
476,28,0.50,100.00,a,
477,28,0.00,0.00,i,
478,28,0.50,100.00,a,
479,28,0.00,0.00,i,
480,28,0.00,0.00,u,
481,28,-0.50,,a,
482,28,0.00,0.00,u,
483,28,-0.50,,a,
484,28,0.00,0.00,u,
485,28,1.70,100.00,a,1.00
486,28,1.00,100.00,a,
487,28,0.70,,a,
488,28,0.00,0.00,i,2.00
489,28,1.50,100.00,a,
490,28,0.70,100.00,a,
491,28,2.30,100.00,a,
492,28,0.00,0.00,u,
493,28,0.50,100.00,a,
494,28,0.30,100.00,a,
495,28,0.00,0.00,u,
496,28,0.00,0.00,u,
497,28,0.00,0.00,i,
498,28,0.00,0.00,u,
499,28,0.00,0.00,i,
500,28,0.50,100.00,a,
501,28,-0.50,,a,
502,28,0.10,100.00,a,
503,28,0.00,0.00,u,
504,28,0.00,0.00,u,
505,28,2.50,,a,
506,28,0.50,100.00,a,
507,28,1.90,100.00,a,
508,28,1.50,100.00,a,
509,28,0.00,0.00,u,
510,28,-0.30,,a,
511,28,1.90,,a,
512,28,0.00,0.00,u,
513,28,-0.30,,a,
514,28,0.00,0.00,i,
515,28,4.30,100.00,a,2.00
516,28,1.70,100.00,a,
517,28,3.90,,a,4.00
518,28,0.00,0.00,u,
519,28,0.10,100.00,a,
520,28,0.00,0.00,u,
521,28,1.90,100.00,a,
522,28,-0.10,100.00,a,
523,28,-0.50,100.00,a,
524,28,0.00,0.00,u,
525,28,0.00,0.00,i,1.00
526,28,1.70,100.00,a,3.00
527,28,-0.30,100.00,a,
528,28,0.00,0.00,u,
529,28,0.00,,a,
530,28,0.00,0.00,u,
531,28,4.40,100.00,a,
532,28,2.20,,a,
533,28,0.00,0.00,u,
534,28,0.00,0.00,u,
535,28,0.00,0.00,i,
536,28,0.00,0.00,u,
537,28,0.00,0.00,u,
538,28,0.00,0.00,u,
539,28,0.20,100.00,a,
540,28,0.00,0.00,u,
541,28,0.00,0.00,i,
542,28,0.00,0.00,u,
543,28,0.00,0.00,u,
544,28,4.80,100.00,a,1.00
545,28,0.00,0.00,u,
546,28,0.00,100.00,a,
547,28,4.20,100.00,a,2.00
548,28,0.00,0.00,i,
549,28,0.00,0.00,u,
550,28,0.00,,a,
551,28,0.00,,a,
552,28,2.00,100.00,a,
553,28,2.60,100.00,a,
554,28,0.00,,a,
555,28,0.00,0.00,u,
556,28,0.00,0.00,u,
557,28,0.00,,a,
558,28,0.00,0.00,u,
559,28,0.00,0.00,u,
560,28,1.00,100.00,a,
561,28,2.00,,a,
562,28,0.00,,a,
563,28,0.00,0.00,u,
564,28,0.00,0.00,u,
565,28,1.40,,a,
566,28,0.00,,a,
567,28,0.00,,a,
568,28,0.00,100.00,a,
569,28,0.00,0.00,s,
570,28,0.20,100.00,a,
571,28,0.00,0.00,i,
572,28,1.80,100.00,a,
573,28,0.00,75.00,d,
574,28,0.00,0.00,i,
575,28,0.80,100.00,a,
576,28,0.00,0.00,u,
577,28,0.00,0.00,u,
578,28,0.00,0.00,u,
579,28,0.00,0.00,u,
580,28,1.80,,a,
581,28,0.00,0.00,i,
582,28,0.00,0.00,i,3.00
583,28,0.00,0.00,i,
584,28,1.00,,a,
585,28,0.00,0.00,i,
586,28,0.00,0.00,i,
587,28,1.60,100.00,a,
588,28,0.00,0.00,i,
589,28,0.00,0.00,u,
590,28,0.00,0.00,u,
591,28,4.00,100.00,a,
592,28,0.00,0.00,u,
593,28,3.20,100.00,a,
594,28,0.00,0.00,u,
595,28,0.00,,a,
596,28,3.80,100.00,a,2.00
597,28,1.20,100.00,a,5.00
598,28,0.00,0.00,u,
599,28,0.00,0.00,u,
600,28,0.00,,a,
601,28,0.00,0.00,u,
602,28,0.00,0.00,u,
603,28,6.80,100.00,a,
604,28,0.00,0.00,u,
605,28,0.00,,a,
606,28,4.50,100.00,a,
607,28,0.00,0.00,u,
608,28,0.50,100.00,a,
609,28,0.00,100.00,a,
610,28,4.00,100.00,a,
611,28,0.00,0.00,u,
612,28,0.00,0.00,u,
613,28,5.20,100.00,a,
614,28,0.90,100.00,a,
615,28,4.50,100.00,a,
616,28,0.00,0.00,u,
617,28,0.00,0.00,u,
618,28,0.00,0.00,u,
619,28,0.00,0.00,u,
620,28,0.00,0.00,u,
621,28,0.00,0.00,u,
622,28,0.00,0.00,u,
623,28,0.00,0.00,s,
624,28,4.50,,a,2.00
625,28,0.00,0.00,u,
626,28,0.00,0.00,u,
627,28,-1.00,,a,
628,28,4.00,,a,
629,28,-1.00,100.00,a,
630,28,0.50,,a,
631,28,0.00,0.00,u,
632,28,-1.00,100.00,a,
633,28,2.80,100.00,a,
634,28,3.60,100.00,a,
635,28,1.00,100.00,a,
636,28,2.60,100.00,a,
637,28,0.60,100.00,a,
638,28,0.00,0.00,u,
639,28,0.00,0.00,u,
640,28,-0.80,100.00,a,
641,28,0.00,0.00,u,
642,28,-0.80,100.00,a,3.00
643,28,1.00,100.00,a,
644,28,0.40,100.00,a,
645,28,0.00,0.00,u,
646,28,3.40,100.00,a,
647,28,0.00,0.00,u,
648,28,0.00,0.00,u,
649,28,0.00,0.00,u,
650,28,0.00,0.00,u,
651,28,0.20,,a,
652,28,-1.00,,a,
653,28,0.00,0.00,u,
654,28,4.20,100.00,a,
655,28,0.00,0.00,u,
656,28,0.00,0.00,u,
657,28,-1.00,100.00,a,
658,28,-1.00,,a,
659,28,0.50,,a,
660,28,3.20,100.00,a,
661,28,6.20,100.00,a,
662,28,2.00,100.00,a,
663,28,0.00,0.00,u,
664,28,0.00,,a,
665,28,0.00,100.00,a,
666,28,7.00,100.00,a,2.00
667,28,0.50,100.00,a,
668,28,0.60,100.00,a,
669,28,0.50,100.00,a,
670,28,2.40,,a,
671,28,0.80,,a,
672,28,0.70,100.00,a,
673,28,2.40,100.00,a,
674,28,-0.50,,a,
675,28,-0.30,100.00,a,
676,28,1.90,100.00,a,
677,28,2.40,100.00,a,
678,28,0.00,0.00,u,
679,28,5.50,,a,
680,28,0.00,0.00,i,
681,28,6.70,100.00,a,
682,28,-0.60,,a,
683,28,2.80,100.00,a,
684,28,3.50,,a,
685,28,0.00,100.00,a,
686,28,1.50,,a,
687,28,0.00,,a,
688,28,-0.50,,a,
689,28,-0.50,,a,
690,28,0.00,100.00,a,
691,28,2.80,100.00,a,1.00
692,28,0.00,0.00,i,
693,28,1.70,,a,
694,28,0.00,0.00,i,
695,28,0.80,,a,
696,28,0.00,0.00,u,
697,28,4.00,,a,
698,28,0.00,0.00,i,
699,28,1.50,100.00,a,
700,28,0.80,75.00,d,
701,28,0.00,0.00,u,
702,28,-0.50,,a,
703,28,-0.50,,a,
704,28,0.00,0.00,u,
705,28,0.00,0.00,u,
706,28,2.10,75.00,d,
707,28,0.50,,a,
708,28,4.50,100.00,a,
709,28,0.80,100.00,a,
710,28,-0.50,,a,
711,28,1.00,,a,
712,28,1.40,100.00,a,
713,28,2.50,,a,
714,28,0.50,,a,3.00
715,28,0.00,0.00,i,
716,28,0.00,0.00,i,
717,28,2.40,100.00,a,4.00
718,28,1.20,,a,
719,28,-0.30,100.00,a,
720,28,1.60,,a,5.00
721,28,0.00,100.00,a,
722,28,0.30,,a,
723,28,1.60,100.00,a,
724,28,1.60,,a,
725,28,5.00,100.00,a,
726,28,2.40,100.00,a,
727,28,1.40,100.00,a,
728,28,0.50,100.00,a,
729,28,0.00,0.00,u,
730,28,0.00,0.00,i,
731,28,0.00,0.00,i,
732,28,0.40,,a,
733,28,4.70,,a,
734,28,-0.10,100.00,a,
735,28,0.20,100.00,a,
736,28,4.90,,a,
737,28,0.00,,a,
738,28,0.00,25.00,d,
739,28,0.00,0.00,u,
740,28,0.00,0.00,u,
741,28,0.00,0.00,u,
742,28,0.50,,a,
743,28,0.50,,a,
744,28,-1.00,,a,
745,28,0.20,,a,
746,28,1.00,,a,
747,28,0.20,,a,
748,28,0.00,0.00,i,
749,28,1.00,,a,
750,28,0.00,,a,
751,28,0.00,0.00,u,
752,28,0.00,,a,
753,28,-0.50,,a,
754,28,-0.50,,a,
755,28,0.50,100.00,a,
756,28,0.00,,a,
757,28,-0.50,,a,
758,28,0.50,,a,
759,28,1.00,,a,
760,28,1.00,,a,
761,28,-1.00,,a,
762,28,0.00,,a,
763,28,0.50,,a,
764,28,0.50,,a,
765,28,-0.50,,a,
766,28,-1.00,,a,
767,28,-1.00,,a,
768,28,-0.50,,a,
769,28,0.50,,a,
770,28,0.00,,a,
771,28,0.70,,a,
772,28,-0.50,,a,
773,28,0.00,,a,
774,28,0.00,,a,
775,28,0.00,0.00,u,
776,28,-0.50,,a,
777,28,0.00,0.00,u,
778,28,-1.00,,a,
779,28,0.50,,a,
780,28,0.00,,a,
781,28,-0.50,,a,
782,28,0.00,,a,
783,28,2.00,,a,
784,28,-0.50,,a,
785,28,0.00,0.00,i,
786,28,0.00,,a,
787,28,0.00,,a,
788,28,0.50,,a,
789,28,0.50,,a,
790,28,0.00,,a,
791,28,4.20,,a,
792,28,-0.10,100.00,a,
793,28,0.00,,a,
794,28,0.40,75.00,d,
795,28,-0.20,,a,
796,28,2.80,,a,
797,28,0.00,,a,
798,28,0.00,0.00,u,
799,28,0.00,,a,
800,28,0.00,0.00,i,
801,28,0.20,,a,
802,28,0.00,,a,
803,28,0.50,,a,
804,28,0.40,,a,
805,28,1.10,,a,
806,28,0.00,,a,
807,28,5.00,,a,
808,28,1.90,,a,
809,28,-1.00,,a,
810,28,0.00,,a,
811,28,0.00,,a,
812,28,0.00,,a,
813,28,1.50,,a,
814,28,0.00,,a,
815,28,3.00,,a,
816,28,0.60,100.00,a,
817,28,1.80,,a,
818,28,0.00,,a,
819,28,1.40,,a,
1,29,4.20,,a,
2,29,1.00,,a,
3,29,0.00,0.00,u,
4,29,1.00,,a,
5,29,6.80,100.00,a,
6,29,3.60,100.00,a,
7,29,1.60,100.00,a,
8,29,6.40,100.00,a,
9,29,0.00,0.00,u,
10,29,1.00,,a,
11,29,1.00,100.00,a,
12,29,0.00,0.00,u,
13,29,1.00,,a,
14,29,0.00,0.00,u,
15,29,1.00,,a,
16,29,6.80,100.00,a,1.00
17,29,1.00,50.00,d,3.00
18,29,3.80,100.00,a,
19,29,2.20,100.00,a,
20,29,1.80,75.00,d,4.00
21,29,6.20,100.00,a,
22,29,0.00,0.00,i,
23,29,0.00,0.00,u,
24,29,1.40,100.00,a,
25,29,0.00,0.00,u,
26,29,3.60,100.00,a,
27,29,0.40,75.00,d,
28,29,0.00,0.00,u,
29,29,0.00,0.00,u,
30,29,1.40,100.00,a,
31,29,1.00,100.00,a,
32,29,1.20,100.00,a,
33,29,-0.50,100.00,a,
34,29,0.00,0.00,u,
35,29,0.00,0.00,u,
36,29,-0.20,75.00,d,
37,29,0.20,100.00,a,
38,29,2.20,100.00,a,
39,29,0.50,,a,
40,29,0.20,100.00,a,
41,29,-0.20,100.00,a,
42,29,-0.20,100.00,a,
43,29,0.00,0.00,u,
44,29,-0.20,100.00,a,
45,29,0.00,0.00,u,
46,29,0.00,0.00,u,
47,29,1.20,100.00,a,
48,29,0.00,0.00,i,
49,29,1.80,100.00,a,
50,29,0.80,100.00,a,2.00
51,29,0.00,0.00,u,
52,29,2.80,100.00,a,
53,29,0.00,0.00,u,
54,29,-0.50,100.00,a,
55,29,0.50,100.00,a,
56,29,0.00,0.00,u,
57,29,0.00,0.00,u,
58,29,0.00,0.00,i,
59,29,1.50,100.00,a,
60,29,0.00,0.00,u,
61,29,0.00,0.00,u,
62,29,0.00,0.00,u,
63,29,0.00,0.00,u,
64,29,1.20,100.00,a,3.00
65,29,0.00,0.00,u,
66,29,0.00,0.00,u,
67,29,6.50,,a,
68,29,0.00,0.00,u,
69,29,0.50,,a,
70,29,0.00,0.00,u,
71,29,0.00,0.00,u,
72,29,7.20,100.00,a,
73,29,0.80,100.00,a,
74,29,6.50,,a,
75,29,0.50,100.00,a,
76,29,0.50,,a,
77,29,5.80,,a,
78,29,0.00,0.00,u,
79,29,0.00,0.00,u,
80,29,0.00,0.00,i,
81,29,0.00,0.00,i,1.00
82,29,6.80,100.00,a,
83,29,3.30,100.00,a,
84,29,3.80,100.00,a,4.00
85,29,3.80,100.00,a,
86,29,1.20,100.00,a,
87,29,1.80,100.00,a,
88,29,0.00,0.00,i,
89,29,0.00,0.00,u,
90,29,4.20,100.00,a,
91,29,0.00,0.00,u,
92,29,0.00,0.00,u,
93,29,0.00,0.00,u,
94,29,0.00,0.00,u,
95,29,0.00,0.00,u,
96,29,0.00,0.00,u,
97,29,3.80,100.00,a,
98,29,1.50,100.00,a,
99,29,0.00,0.00,u,
100,29,2.20,,a,
101,29,3.00,100.00,a,
102,29,0.50,,a,
103,29,0.00,0.00,u,
104,29,0.50,,a,
105,29,0.70,,a,
106,29,2.30,,a,
107,29,3.00,,a,
108,29,3.50,100.00,a,
109,29,0.00,0.00,i,
110,29,2.30,100.00,a,
111,29,0.50,100.00,a,
112,29,0.00,0.00,u,
113,29,5.70,100.00,a,
114,29,0.00,0.00,u,
115,29,0.00,0.00,u,
116,29,0.00,0.00,i,
117,29,0.00,0.00,u,
118,29,0.00,0.00,u,
119,29,3.50,100.00,a,
120,29,3.30,100.00,a,3.00
121,29,6.30,100.00,a,
122,29,0.00,0.00,i,
123,29,0.00,0.00,i,4.00
124,29,2.30,100.00,a,
125,29,0.00,0.00,i,
126,29,2.70,,a,5.00
127,29,0.00,0.00,u,
128,29,0.00,0.00,u,
129,29,1.50,100.00,a,
130,29,1.00,,a,
131,29,0.00,0.00,u,
132,29,0.00,0.00,u,
133,29,0.00,0.00,u,
134,29,0.00,0.00,u,
135,29,-0.20,100.00,a,
136,29,3.50,100.00,a,2.00
137,29,0.00,0.00,u,
138,29,0.00,,a,
139,29,4.00,,a,
140,29,0.00,,a,
141,29,0.00,0.00,u,
142,29,0.00,0.00,u,
143,29,0.30,,a,
144,29,0.00,0.00,u,
145,29,0.70,100.00,a,
146,29,2.30,100.00,a,
147,29,0.00,0.00,u,
148,29,3.70,,a,
149,29,0.00,100.00,a,
150,29,0.00,0.00,u,
151,29,5.00,100.00,a,
152,29,1.00,100.00,a,
153,29,0.00,0.00,i,
154,29,0.00,0.00,u,
155,29,0.00,0.00,u,
156,29,0.00,,a,
157,29,1.30,75.00,d,
158,29,1.30,100.00,a,
159,29,0.30,100.00,a,
160,29,0.30,100.00,a,
161,29,0.00,0.00,u,
162,29,0.00,0.00,u,
163,29,4.30,100.00,a,
164,29,0.00,100.00,a,3.00
165,29,0.00,0.00,u,
166,29,0.00,100.00,a,
167,29,1.30,100.00,a,
168,29,0.00,100.00,a,
169,29,6.70,100.00,a,
170,29,1.70,100.00,a,1.00
171,29,0.00,0.00,u,
172,29,0.00,0.00,u,
173,29,2.30,100.00,a,
174,29,0.00,0.00,u,
175,29,0.00,0.00,u,
176,29,0.00,0.00,u,
177,29,0.00,0.00,u,
178,29,6.30,100.00,a,2.00
179,29,0.00,0.00,u,
180,29,0.00,0.00,i,
181,29,0.00,,a,
182,29,0.50,,a,
183,29,-0.50,,a,
184,29,0.00,0.00,u,
185,29,-0.50,,a,
186,29,0.00,0.00,i,
187,29,0.80,100.00,a,
188,29,0.00,0.00,u,
189,29,0.00,0.00,u,
190,29,-0.50,,a,
191,29,0.50,100.00,a,
192,29,-0.50,,a,
193,29,0.50,100.00,a,
194,29,0.00,0.00,i,
195,29,0.20,100.00,a,
196,29,0.00,0.00,u,
197,29,0.00,0.00,u,
198,29,0.00,0.00,i,
199,29,2.50,100.00,a,
200,29,4.80,100.00,a,
201,29,0.00,0.00,u,
202,29,0.20,100.00,a,3.00
203,29,-0.50,,a,
204,29,0.00,0.00,u,
205,29,0.00,0.00,i,
206,29,0.10,75.00,d,
207,29,3.80,100.00,a,
208,29,0.00,0.00,u,
209,29,0.50,,a,
210,29,0.50,,a,
211,29,0.00,0.00,u,
212,29,0.00,0.00,u,
213,29,0.00,0.00,u,
214,29,-0.40,75.00,d,
215,29,3.40,75.00,d,1.00
216,29,0.00,0.00,i,
217,29,0.20,100.00,a,
218,29,0.50,,a,2.00
219,29,0.00,0.00,u,
220,29,1.80,100.00,a,
221,29,1.50,100.00,a,
222,29,0.00,0.00,u,
223,29,0.50,,a,
224,29,0.80,100.00,a,
225,29,5.20,100.00,a,
226,29,2.20,100.00,a,
227,29,0.00,0.00,i,
228,29,4.50,100.00,a,
229,29,0.50,100.00,a,
230,29,0.80,100.00,a,
231,29,1.20,100.00,a,
232,29,1.50,100.00,a,
233,29,0.80,100.00,a,
234,29,0.00,0.00,u,
235,29,4.80,100.00,a,1.00
236,29,0.00,0.00,s,
237,29,2.80,100.00,a,2.00
238,29,0.00,0.00,i,3.00
239,29,0.50,100.00,a,
240,29,0.00,0.00,u,
241,29,3.20,100.00,a,
242,29,5.30,100.00,a,
243,29,-0.30,,a,
244,29,1.20,100.00,a,
245,29,0.00,0.00,s,
246,29,2.20,100.00,a,
247,29,0.50,100.00,a,
248,29,0.00,0.00,u,
249,29,9.80,,a,
250,29,1.50,100.00,a,
251,29,0.00,0.00,u,
252,29,0.50,100.00,a,
253,29,7.30,,a,
254,29,0.00,100.00,a,
255,29,0.00,,a,
256,29,2.80,75.00,d,
257,29,1.00,100.00,a,
258,29,4.70,,a,
259,29,0.00,100.00,a,
260,29,3.50,100.00,a,
261,29,3.70,100.00,a,
262,29,2.70,100.00,a,
263,29,0.30,100.00,a,
264,29,0.00,0.00,u,
265,29,0.00,100.00,a,
266,29,5.20,,a,
267,29,6.30,100.00,a,3.00
268,29,0.00,0.00,i,
269,29,0.00,0.00,u,
270,29,0.70,100.00,a,
271,29,1.30,100.00,a,
272,29,0.00,100.00,a,
273,29,4.70,100.00,a,
274,29,0.00,,a,
275,29,0.00,0.00,u,
276,29,0.00,100.00,a,4.00
277,29,0.00,0.00,u,
278,29,0.00,0.00,u,
279,29,0.00,0.00,u,
280,29,0.00,0.00,u,
281,29,0.00,,a,
282,29,0.00,0.00,u,
283,29,0.00,100.00,a,2.00
284,29,0.00,0.00,i,
285,29,0.00,0.00,u,
286,29,0.00,,a,
287,29,2.00,,a,
288,29,-1.00,100.00,a,
289,29,0.00,0.00,u,
290,29,4.70,100.00,a,
291,29,5.30,,a,
292,29,2.00,100.00,a,
293,29,1.30,100.00,a,
294,29,-0.20,25.00,d,
295,29,0.30,100.00,a,
296,29,-1.00,100.00,a,
297,29,0.00,0.00,u,
298,29,-1.00,,a,
299,29,3.00,100.00,a,1.00
300,29,2.70,,a,
301,29,-0.20,25.00,d,
302,29,1.30,100.00,a,
303,29,5.00,,a,2.00
304,29,0.00,100.00,a,
305,29,0.00,100.00,a,
306,29,-1.00,,a,
307,29,-1.00,,a,
308,29,0.00,0.00,u,
309,29,0.00,0.00,u,
310,29,2.00,,a,
311,29,3.00,,a,3.00
312,29,0.00,0.00,u,
313,29,0.00,0.00,u,
314,29,2.30,,a,
315,29,0.00,0.00,u,
316,29,0.30,100.00,a,
317,29,1.30,100.00,a,
318,29,3.00,100.00,a,
319,29,0.70,,a,
320,29,1.00,,a,
321,29,0.70,,a,
322,29,2.70,100.00,a,
323,29,0.00,,a,
324,29,8.30,100.00,a,
325,29,1.70,100.00,a,
326,29,0.10,75.00,d,
327,29,0.00,0.00,u,
328,29,2.30,100.00,a,
329,29,5.00,75.00,d,3.00
330,29,3.30,,a,
331,29,1.30,100.00,a,
332,29,0.00,100.00,a,
333,29,0.00,0.00,u,
334,29,0.00,0.00,u,
335,29,1.30,100.00,a,
336,29,0.00,,a,
337,29,4.70,100.00,a,1.00
338,29,1.00,100.00,a,
339,29,0.00,,a,
340,29,0.00,,a,
341,29,2.30,,a,
342,29,1.70,100.00,a,
343,29,2.00,100.00,a,
344,29,0.70,100.00,a,
345,29,0.00,100.00,a,
346,29,0.00,,a,
347,29,1.70,100.00,a,
348,29,2.70,100.00,a,
349,29,0.00,0.00,u,
350,29,2.30,,a,
351,29,0.30,100.00,a,
352,29,0.00,0.00,u,
353,29,0.70,100.00,a,
354,29,4.70,100.00,a,
355,29,0.00,0.00,u,
356,29,2.00,,a,
357,29,0.00,0.00,u,
358,29,0.00,100.00,a,
359,29,0.00,0.00,u,
360,29,0.00,0.00,u,
361,29,0.00,0.00,u,
362,29,0.70,100.00,a,3.00
363,29,0.00,0.00,u,
364,29,0.00,0.00,u,
365,29,1.00,100.00,a,2.00
366,29,2.80,75.00,d,
367,29,0.50,,a,
368,29,0.50,,a,
369,29,0.50,,a,
370,29,4.20,100.00,a,
371,29,4.80,,a,
372,29,0.80,,a,
373,29,6.80,,a,
374,29,4.50,100.00,a,
375,29,0.00,0.00,i,
376,29,1.20,100.00,a,
377,29,0.00,0.00,u,
378,29,0.50,100.00,a,
379,29,0.50,,a,
380,29,0.50,,a,
381,29,5.20,100.00,a,1.00
382,29,0.50,100.00,a,
383,29,0.00,0.00,u,
384,29,4.50,100.00,a,3.00
385,29,0.90,75.00,d,
386,29,8.50,100.00,a,4.00
387,29,4.50,100.00,a,2.00
388,29,1.80,100.00,a,
389,29,-0.50,100.00,a,
390,29,3.20,100.00,a,
391,29,0.00,0.00,i,
392,29,0.00,0.00,i,
393,29,0.00,0.00,i,
394,29,0.00,0.00,u,
395,29,0.00,0.00,u,
396,29,0.80,,a,
397,29,0.00,0.00,u,
398,29,0.00,0.00,i,
399,29,0.00,0.00,u,
400,29,0.20,25.00,d,
401,29,0.50,100.00,a,
402,29,6.20,100.00,a,
403,29,0.00,0.00,i,
404,29,0.00,0.00,u,
405,29,0.80,,a,
406,29,1.20,100.00,a,
407,29,4.20,100.00,a,4.00
408,29,3.80,100.00,a,
409,29,0.50,100.00,a,
410,29,0.10,25.00,d,
411,29,8.20,100.00,a,
412,29,0.00,0.00,u,
413,29,2.80,100.00,a,2.00
414,29,1.50,100.00,a,
415,29,0.80,100.00,a,
416,29,2.50,100.00,a,
417,29,3.50,100.00,a,
418,29,0.80,100.00,a,3.00
419,29,0.00,0.00,i,
420,29,0.00,0.00,u,
421,29,6.50,100.00,a,
422,29,0.10,25.00,d,
423,29,0.50,100.00,a,
424,29,2.30,100.00,a,
425,29,0.00,0.00,u,
426,29,0.30,,a,5.00
427,29,0.80,,a,
428,29,0.50,100.00,a,
429,29,0.00,0.00,u,
430,29,3.20,100.00,a,1.00
431,29,0.50,,a,
432,29,0.00,0.00,u,
433,29,0.00,0.00,u,
434,29,0.50,,a,
435,29,0.50,,a,
436,29,0.00,0.00,i,
437,29,0.00,0.00,i,
438,29,3.20,100.00,a,
439,29,0.50,,a,
440,29,3.50,100.00,a,
441,29,0.00,0.00,i,
442,29,3.80,100.00,a,
443,29,3.20,100.00,a,
444,29,3.50,,a,
445,29,0.00,0.00,u,
446,29,0.50,,a,
447,29,0.80,100.00,a,
448,29,0.80,,a,
449,29,8.20,100.00,a,1.00
450,29,3.80,100.00,a,
451,29,0.00,0.00,u,
452,29,1.50,100.00,a,
453,29,2.80,,a,
454,29,0.00,0.00,u,
455,29,0.40,75.00,d,
456,29,0.00,0.00,n,
457,29,6.20,100.00,a,
458,29,2.80,100.00,a,
459,29,0.80,,a,
460,29,0.00,0.00,u,
461,29,0.50,,a,
462,29,0.50,,a,
463,29,0.00,0.00,u,
464,29,0.00,0.00,u,
465,29,0.00,0.00,u,
466,29,1.20,100.00,a,
467,29,0.50,,a,
468,29,0.00,0.00,u,
469,29,0.50,100.00,a,
470,29,0.80,100.00,a,
471,29,-0.50,,a,
472,29,0.00,0.00,u,
473,29,2.80,100.00,a,
474,29,0.00,0.00,i,
475,29,-0.20,100.00,a,
476,29,0.80,100.00,a,
477,29,-0.50,100.00,a,
478,29,1.80,100.00,a,
479,29,0.00,0.00,i,
480,29,0.00,0.00,u,
481,29,-0.50,,a,
482,29,0.00,0.00,u,
483,29,-0.50,,a,
484,29,0.00,0.00,u,
485,29,3.20,100.00,a,1.00
486,29,1.20,100.00,a,
487,29,0.20,,a,
488,29,0.00,0.00,i,2.00
489,29,2.20,100.00,a,
490,29,1.50,100.00,a,
491,29,2.80,100.00,a,
492,29,0.00,0.00,u,
493,29,0.30,100.00,a,
494,29,-0.20,100.00,a,
495,29,0.00,0.00,u,
496,29,0.00,0.00,u,
497,29,0.00,0.00,i,
498,29,0.00,0.00,u,
499,29,0.00,0.00,i,
500,29,2.50,100.00,a,
501,29,-0.50,,a,
502,29,1.00,100.00,a,
503,29,0.00,0.00,u,
504,29,0.00,0.00,u,
505,29,1.70,,a,
506,29,1.70,100.00,a,
507,29,1.00,100.00,a,
508,29,1.70,100.00,a,
509,29,0.00,0.00,u,
510,29,0.50,75.00,d,
511,29,0.30,,a,
512,29,0.00,0.00,u,
513,29,0.00,,a,
514,29,0.00,0.00,i,
515,29,6.30,100.00,a,2.00
516,29,3.00,100.00,a,
517,29,6.00,,a,4.00
518,29,0.00,0.00,u,
519,29,1.00,100.00,a,
520,29,0.00,0.00,u,
521,29,2.30,100.00,a,
522,29,0.30,100.00,a,
523,29,0.00,100.00,a,
524,29,0.00,0.00,u,
525,29,0.00,0.00,i,1.00
526,29,4.00,100.00,a,3.00
527,29,0.70,100.00,a,
528,29,0.00,0.00,u,
529,29,0.00,,a,
530,29,0.00,0.00,u,
531,29,5.70,100.00,a,
532,29,3.70,,a,
533,29,0.00,0.00,u,
534,29,0.00,0.00,u,
535,29,0.00,75.00,d,
536,29,0.00,0.00,u,
537,29,0.00,0.00,u,
538,29,0.00,0.00,u,
539,29,1.70,100.00,a,
540,29,0.00,0.00,u,
541,29,0.00,0.00,i,
542,29,0.00,0.00,u,
543,29,0.00,0.00,u,
544,29,4.70,100.00,a,1.00
545,29,0.00,0.00,u,
546,29,0.00,100.00,a,
547,29,5.70,100.00,a,2.00
548,29,0.00,0.00,i,
549,29,0.00,0.00,u,
550,29,0.00,,a,
551,29,0.30,,a,
552,29,2.00,100.00,a,
553,29,0.70,100.00,a,
554,29,0.00,,a,
555,29,0.00,0.00,u,
556,29,0.00,0.00,u,
557,29,0.00,,a,
558,29,0.00,0.00,u,
559,29,0.00,0.00,u,
560,29,2.00,100.00,a,
561,29,3.70,,a,
562,29,0.00,,a,
563,29,0.00,0.00,u,
564,29,0.00,0.00,u,
565,29,0.20,,a,
566,29,-0.50,,a,
567,29,-0.50,,a,
568,29,-0.20,100.00,a,
569,29,0.00,0.00,i,
570,29,0.80,100.00,a,
571,29,0.00,0.00,i,
572,29,1.20,100.00,a,
573,29,-0.50,100.00,a,
574,29,-0.10,25.00,d,
575,29,0.00,0.00,s,
576,29,0.00,0.00,u,
577,29,0.00,0.00,u,
578,29,0.00,0.00,u,
579,29,0.00,0.00,u,
580,29,2.00,,a,
581,29,0.00,0.00,i,
582,29,0.00,0.00,i,3.00
583,29,0.00,0.00,i,
584,29,0.80,,a,
585,29,0.00,0.00,i,
586,29,0.00,0.00,i,
587,29,0.00,0.00,i,
588,29,0.00,0.00,i,
589,29,0.00,0.00,u,
590,29,0.00,0.00,u,
591,29,3.20,100.00,a,
592,29,0.00,0.00,u,
593,29,1.50,100.00,a,
594,29,0.00,0.00,u,
595,29,-0.50,,a,
596,29,2.80,100.00,a,2.00
597,29,1.80,100.00,a,5.00
598,29,0.00,0.00,u,
599,29,0.00,0.00,u,
600,29,-0.50,,a,
601,29,0.00,0.00,u,
602,29,0.00,0.00,u,
603,29,5.50,100.00,a,
604,29,0.00,0.00,u,
605,29,-0.50,,a,
606,29,2.50,100.00,a,
607,29,0.00,0.00,u,
608,29,-0.40,75.00,d,
609,29,2.50,100.00,a,
610,29,3.80,100.00,a,
611,29,0.00,0.00,u,
612,29,0.00,0.00,u,
613,29,3.50,100.00,a,
614,29,1.80,100.00,a,
615,29,0.00,0.00,i,
616,29,0.00,0.00,u,
617,29,0.00,0.00,u,
618,29,0.00,0.00,u,
619,29,0.00,0.00,u,
620,29,0.00,0.00,u,
621,29,0.00,0.00,u,
622,29,0.00,0.00,u,
623,29,-0.50,100.00,a,
624,29,4.50,,a,2.00
625,29,0.00,0.00,u,
626,29,0.00,0.00,u,
627,29,-0.50,,a,
628,29,2.20,75.00,d,
629,29,-0.50,100.00,a,
630,29,-1.00,,a,
631,29,0.00,0.00,u,
632,29,-0.30,100.00,a,
633,29,4.00,100.00,a,
634,29,3.70,100.00,a,
635,29,3.30,100.00,a,
636,29,2.50,100.00,a,
637,29,1.50,100.00,a,
638,29,0.00,0.00,u,
639,29,0.00,0.00,u,
640,29,-0.50,100.00,a,
641,29,0.00,0.00,u,
642,29,-0.50,100.00,a,3.00
643,29,5.00,100.00,a,
644,29,1.30,100.00,a,
645,29,0.00,0.00,u,
646,29,4.00,100.00,a,
647,29,0.00,0.00,u,
648,29,0.00,0.00,u,
649,29,0.00,0.00,u,
650,29,0.00,0.00,u,
651,29,1.00,,a,
652,29,-0.50,,a,
653,29,0.00,0.00,u,
654,29,2.70,100.00,a,
655,29,0.00,0.00,u,
656,29,0.00,0.00,u,
657,29,-0.50,100.00,a,
658,29,-0.50,,a,
659,29,-0.50,,a,
660,29,5.70,100.00,a,
661,29,6.80,100.00,a,
662,29,3.00,100.00,a,
663,29,0.00,0.00,u,
664,29,0.00,,a,
665,29,0.00,100.00,a,
666,29,4.80,100.00,a,2.00
667,29,-1.00,100.00,a,
668,29,1.30,100.00,a,
669,29,0.50,75.00,d,
670,29,0.00,0.00,i,
671,29,0.20,,a,
672,29,1.20,100.00,a,
673,29,0.00,0.00,i,
674,29,0.50,,a,
675,29,0.00,100.00,a,
676,29,0.80,100.00,a,
677,29,3.00,100.00,a,
678,29,0.00,0.00,u,
679,29,5.80,,a,
680,29,-0.40,75.00,d,
681,29,6.50,100.00,a,
682,29,1.30,,a,
683,29,4.00,100.00,a,
684,29,2.20,,a,
685,29,0.50,100.00,a,
686,29,1.50,,a,
687,29,0.50,,a,
688,29,-0.50,,a,
689,29,-0.50,,a,
690,29,0.00,100.00,a,
691,29,1.50,75.00,d,1.00
692,29,0.00,0.00,i,
693,29,1.30,,a,
694,29,0.00,0.00,i,
695,29,3.00,,a,
696,29,0.00,0.00,u,
697,29,2.20,,a,
698,29,0.00,25.00,d,
699,29,2.80,100.00,a,
700,29,1.00,100.00,a,
701,29,0.00,0.00,u,
702,29,-0.50,,a,
703,29,-0.50,,a,
704,29,0.00,0.00,u,
705,29,0.00,0.00,u,
706,29,2.00,100.00,a,
707,29,-0.70,,a,
708,29,2.50,100.00,a,
709,29,0.50,100.00,a,
710,29,-0.50,,a,
711,29,1.00,,a,
712,29,1.30,100.00,a,
713,29,5.80,,a,
714,29,0.20,100.00,a,3.00
715,29,0.00,0.00,i,
716,29,0.00,0.00,i,
717,29,0.80,100.00,a,4.00
718,29,1.20,,a,
719,29,-0.50,100.00,a,
720,29,1.30,,a,5.00
721,29,0.50,100.00,a,
722,29,0.20,,a,
723,29,3.30,100.00,a,
724,29,2.00,,a,
725,29,6.60,100.00,a,
726,29,2.50,100.00,a,
727,29,1.00,100.00,a,
728,29,-1.00,100.00,a,
729,29,0.00,0.00,u,
730,29,0.20,75.00,d,
731,29,0.00,0.00,i,
732,29,0.30,,a,
733,29,4.80,,a,
734,29,0.70,100.00,a,
735,29,0.00,0.00,i,
736,29,4.20,,a,
737,29,0.00,,a,
738,29,-0.10,25.00,d,
739,29,0.00,0.00,u,
740,29,0.00,0.00,u,
741,29,0.00,0.00,u,
742,29,0.50,,a,
743,29,0.50,,a,
744,29,0.00,,a,
745,29,-0.50,,a,
746,29,0.50,,a,
747,29,-0.20,,a,
748,29,0.00,0.00,i,
749,29,1.50,,a,
750,29,-0.50,,a,
751,29,0.00,0.00,u,
752,29,-0.50,,a,
753,29,-0.50,,a,
754,29,-0.50,,a,
755,29,0.50,100.00,a,
756,29,0.50,,a,
757,29,-0.50,,a,
758,29,0.20,,a,
759,29,1.00,,a,
760,29,0.50,,a,
761,29,0.00,,a,
762,29,0.00,,a,
763,29,0.50,,a,
764,29,0.50,,a,
765,29,-0.50,,a,
766,29,-0.50,,a,
767,29,-0.50,,a,
768,29,-0.50,,a,
769,29,0.50,,a,
770,29,0.00,,a,
771,29,0.50,,a,
772,29,-0.50,,a,
773,29,0.00,,a,
774,29,0.00,,a,
775,29,0.00,0.00,u,
776,29,-0.50,,a,
777,29,0.00,0.00,u,
778,29,-0.50,,a,
779,29,-1.00,,a,
780,29,0.00,,a,
781,29,-0.50,,a,
782,29,0.50,,a,
783,29,3.30,,a,
784,29,-0.50,,a,
785,29,-0.50,100.00,a,
786,29,0.00,,a,
787,29,0.00,,a,
788,29,0.50,,a,
789,29,0.50,,a,
790,29,-0.50,,a,
791,29,3.20,,a,
792,29,0.20,100.00,a,
793,29,0.00,,a,
794,29,0.50,100.00,a,
795,29,0.30,,a,
796,29,0.60,75.00,d,
797,29,0.50,,a,
798,29,0.00,0.00,u,
799,29,0.50,,a,
800,29,0.00,0.00,i,
801,29,0.50,,a,
802,29,-0.50,,a,
803,29,0.50,,a,
804,29,-0.20,,a,
805,29,0.30,,a,
806,29,0.50,,a,
807,29,3.20,,a,
808,29,2.50,,a,
809,29,-0.50,,a,
810,29,0.50,,a,
811,29,-0.50,,a,
812,29,3.30,,a,
813,29,2.00,,a,
814,29,0.30,,a,
815,29,2.80,,a,
816,29,0.50,100.00,a,
817,29,1.70,,a,
818,29,-0.50,,a,
819,29,0.50,,a,
820,29,0.80,,a,
1,30,0.00,,a,
2,30,0.00,,a,
3,30,0.00,0.00,u,
4,30,0.00,,a,
5,30,0.00,100.00,a,
6,30,0.00,100.00,a,
7,30,0.00,100.00,a,
8,30,0.00,100.00,a,
9,30,0.00,0.00,u,
10,30,0.00,,a,
11,30,0.00,100.00,a,
12,30,0.00,0.00,u,
13,30,0.00,,a,
14,30,0.00,0.00,u,
15,30,0.00,,a,
16,30,0.00,100.00,a,1.00
17,30,0.00,75.00,d,3.00
18,30,0.00,100.00,a,
19,30,0.00,100.00,a,
20,30,0.00,100.00,a,4.00
21,30,0.00,100.00,a,
22,30,0.00,0.00,i,
23,30,0.00,0.00,u,
24,30,0.00,100.00,a,
25,30,0.00,0.00,u,
26,30,0.00,100.00,a,
27,30,0.20,100.00,a,
28,30,0.00,0.00,u,
29,30,0.00,0.00,u,
30,30,0.00,100.00,a,
31,30,0.00,100.00,a,
32,30,1.80,100.00,a,
33,30,0.00,100.00,a,
34,30,0.00,0.00,u,
35,30,0.00,0.00,u,
36,30,0.20,100.00,a,
37,30,1.50,100.00,a,
38,30,2.20,100.00,a,
39,30,1.00,,a,
40,30,1.20,100.00,a,
41,30,0.20,100.00,a,
42,30,0.50,100.00,a,
43,30,0.00,0.00,u,
44,30,0.50,100.00,a,
45,30,0.00,0.00,u,
46,30,0.00,0.00,u,
47,30,1.80,100.00,a,
48,30,0.00,0.00,i,
49,30,2.00,100.00,a,
50,30,1.80,100.00,a,2.00
51,30,0.00,0.00,u,
52,30,3.20,100.00,a,
53,30,0.00,0.00,u,
54,30,0.50,100.00,a,
55,30,3.80,100.00,a,
56,30,0.00,0.00,u,
57,30,0.00,0.00,u,
58,30,0.00,0.00,i,
59,30,2.00,100.00,a,
60,30,0.00,0.00,u,
61,30,0.00,0.00,u,
62,30,0.00,0.00,u,
63,30,0.00,0.00,u,
64,30,1.20,100.00,a,3.00
65,30,0.00,0.00,u,
66,30,0.00,0.00,u,
67,30,5.50,,a,
68,30,0.00,0.00,u,
69,30,-0.50,,a,
70,30,0.00,0.00,u,
71,30,0.00,0.00,u,
72,30,7.00,100.00,a,
73,30,1.70,100.00,a,
74,30,6.70,,a,
75,30,-0.50,100.00,a,
76,30,-0.50,,a,
77,30,5.50,,a,
78,30,0.00,0.00,u,
79,30,0.00,0.00,u,
80,30,0.00,0.00,i,
81,30,0.00,0.00,i,1.00
82,30,0.00,100.00,a,
83,30,4.50,100.00,a,
84,30,2.70,100.00,a,4.00
85,30,0.00,0.00,i,
86,30,0.30,100.00,a,
87,30,1.70,100.00,a,
88,30,0.00,0.00,i,
89,30,0.00,0.00,u,
90,30,3.50,100.00,a,
91,30,0.00,0.00,u,
92,30,0.00,0.00,u,
93,30,0.00,0.00,u,
94,30,0.00,0.00,u,
95,30,0.00,0.00,u,
96,30,0.00,0.00,u,
97,30,2.50,100.00,a,
98,30,0.50,100.00,a,
99,30,0.00,0.00,u,
100,30,1.30,,a,
101,30,2.20,100.00,a,
102,30,0.00,,a,
103,30,0.00,0.00,u,
104,30,0.00,,a,
105,30,0.20,,a,
106,30,1.80,,a,
107,30,1.50,,a,
108,30,2.00,100.00,a,
109,30,0.00,0.00,i,
110,30,3.20,100.00,a,
111,30,0.00,100.00,a,
112,30,0.00,0.00,u,
113,30,4.00,100.00,a,
114,30,0.00,0.00,u,
115,30,0.00,0.00,u,
116,30,0.00,0.00,i,
117,30,0.00,0.00,u,
118,30,0.00,0.00,u,
119,30,3.30,100.00,a,
120,30,3.20,100.00,a,3.00
121,30,6.00,100.00,a,
122,30,0.00,0.00,i,
123,30,0.00,0.00,i,4.00
124,30,2.00,100.00,a,
125,30,0.00,0.00,i,
126,30,2.50,,a,5.00
127,30,0.00,0.00,u,
128,30,0.00,0.00,u,
129,30,0.80,100.00,a,
130,30,0.50,,a,
131,30,0.00,0.00,u,
132,30,0.00,0.00,u,
133,30,0.00,0.00,u,
134,30,0.00,0.00,u,
135,30,0.20,100.00,a,
136,30,4.00,100.00,a,2.00
137,30,0.00,0.00,u,
138,30,-0.50,,a,
139,30,4.30,,a,
140,30,-0.50,,a,
141,30,0.00,0.00,u,
142,30,0.00,0.00,u,
143,30,-0.30,,a,
144,30,0.00,0.00,u,
145,30,0.30,100.00,a,
146,30,4.00,100.00,a,
147,30,0.00,0.00,u,
148,30,4.30,,a,
149,30,-0.50,100.00,a,
150,30,0.00,0.00,u,
151,30,5.50,100.00,a,
152,30,0.50,100.00,a,
153,30,0.00,0.00,i,
154,30,0.00,0.00,u,
155,30,0.00,0.00,u,
156,30,-0.50,,a,
157,30,0.50,75.00,d,
158,30,0.50,100.00,a,
159,30,-0.30,100.00,a,
160,30,2.00,100.00,a,
161,30,0.00,0.00,u,
162,30,0.00,0.00,u,
163,30,3.50,100.00,a,
164,30,-0.30,100.00,a,3.00
165,30,0.00,0.00,u,
166,30,-0.30,100.00,a,
167,30,0.50,100.00,a,
168,30,0.00,100.00,a,
169,30,5.50,100.00,a,
170,30,1.50,100.00,a,1.00
171,30,0.00,0.00,u,
172,30,0.00,0.00,u,
173,30,2.50,100.00,a,
174,30,0.00,0.00,u,
175,30,0.00,0.00,u,
176,30,0.00,0.00,u,
177,30,0.00,0.00,u,
178,30,4.70,100.00,a,2.00
179,30,0.00,0.00,u,
180,30,0.00,0.00,i,
181,30,-0.50,,a,
182,30,0.00,,a,
183,30,-0.50,,a,
184,30,0.00,0.00,u,
185,30,-0.50,,a,
186,30,0.00,0.00,i,
187,30,2.00,100.00,a,
188,30,0.00,0.00,u,
189,30,0.00,0.00,u,
190,30,-0.50,,a,
191,30,1.70,100.00,a,
192,30,1.00,,a,
193,30,1.70,100.00,a,
194,30,0.00,0.00,i,
195,30,0.30,100.00,a,
196,30,0.00,0.00,u,
197,30,0.00,0.00,u,
198,30,0.00,0.00,i,
199,30,2.00,100.00,a,
200,30,4.30,100.00,a,
201,30,0.00,0.00,u,
202,30,0.00,100.00,a,3.00
203,30,-0.50,,a,
204,30,0.00,0.00,u,
205,30,0.00,0.00,i,
206,30,0.30,100.00,a,
207,30,3.30,100.00,a,
208,30,0.00,0.00,u,
209,30,1.00,,a,
210,30,0.30,,a,
211,30,0.00,0.00,u,
212,30,0.00,0.00,u,
213,30,0.00,0.00,u,
214,30,-0.40,75.00,d,
215,30,3.70,100.00,a,1.00
216,30,0.00,0.00,i,
217,30,0.50,100.00,a,
218,30,0.30,,a,2.00
219,30,0.00,0.00,u,
220,30,2.30,100.00,a,
221,30,0.00,0.00,i,
222,30,0.00,0.00,u,
223,30,0.50,,a,
224,30,1.30,100.00,a,
225,30,0.00,0.00,i,
226,30,0.00,0.00,i,
227,30,0.00,0.00,i,
228,30,2.80,75.00,d,
229,30,0.40,75.00,d,
230,30,1.50,100.00,a,
231,30,1.00,100.00,a,
232,30,1.30,100.00,a,
233,30,0.70,100.00,a,
234,30,0.00,0.00,u,
235,30,4.30,100.00,a,1.00
236,30,2.30,100.00,a,
237,30,2.70,100.00,a,2.00
238,30,0.50,100.00,a,3.00
239,30,0.40,75.00,d,
240,30,0.00,0.00,u,
241,30,2.70,100.00,a,
242,30,4.70,100.00,a,
243,30,0.00,0.00,n,
244,30,1.30,100.00,a,
245,30,0.00,0.00,s,
246,30,1.70,100.00,a,
247,30,0.50,100.00,a,
248,30,0.00,0.00,u,
249,30,8.00,,a,
250,30,1.50,100.00,a,
251,30,0.00,0.00,u,
252,30,0.50,100.00,a,
253,30,0.00,,a,
254,30,0.00,100.00,a,
255,30,0.00,,a,
256,30,0.00,100.00,a,
257,30,0.00,100.00,a,
258,30,0.00,,a,
259,30,0.00,100.00,a,
260,30,0.00,100.00,a,
261,30,0.00,100.00,a,
262,30,0.00,100.00,a,
263,30,0.00,100.00,a,
264,30,0.00,0.00,u,
265,30,0.00,100.00,a,
266,30,0.00,,a,
267,30,0.00,100.00,a,3.00
268,30,0.00,0.00,i,
269,30,0.00,0.00,u,
270,30,0.00,100.00,a,
271,30,0.00,100.00,a,
272,30,0.00,100.00,a,
273,30,0.00,100.00,a,
274,30,0.00,,a,
275,30,0.00,0.00,u,
276,30,0.00,100.00,a,4.00
277,30,0.00,0.00,u,
278,30,0.00,0.00,u,
279,30,0.00,0.00,u,
280,30,0.00,0.00,u,
281,30,0.00,,a,
282,30,0.00,0.00,u,
283,30,0.00,100.00,a,2.00
284,30,0.00,0.00,i,
285,30,0.00,0.00,u,
286,30,0.00,,a,
287,30,2.30,,a,
288,30,-0.50,100.00,a,
289,30,0.00,0.00,u,
290,30,3.70,100.00,a,
291,30,3.20,75.00,d,
292,30,2.00,100.00,a,
293,30,2.00,100.00,a,
294,30,-0.50,100.00,a,
295,30,1.30,100.00,a,
296,30,-0.50,100.00,a,
297,30,0.00,0.00,u,
298,30,-0.50,,a,
299,30,3.00,100.00,a,1.00
300,30,3.00,,a,
301,30,-0.10,25.00,d,
302,30,2.30,100.00,a,
303,30,5.00,,a,2.00
304,30,1.00,100.00,a,
305,30,0.50,100.00,a,
306,30,-0.50,,a,
307,30,-0.50,,a,
308,30,0.00,0.00,u,
309,30,0.00,0.00,u,
310,30,2.00,,a,
311,30,3.00,,a,3.00
312,30,0.00,0.00,u,
313,30,0.00,0.00,u,
314,30,4.00,,a,
315,30,0.00,0.00,u,
316,30,2.00,100.00,a,
317,30,3.30,100.00,a,
318,30,5.00,100.00,a,
319,30,1.00,,a,
320,30,1.30,,a,
321,30,1.00,,a,
322,30,4.00,100.00,a,
323,30,0.50,,a,
324,30,7.50,100.00,a,
325,30,1.30,75.00,d,
326,30,0.80,100.00,a,
327,30,0.00,0.00,u,
328,30,2.50,100.00,a,
329,30,6.30,100.00,a,3.00
330,30,3.50,,a,
331,30,1.70,100.00,a,
332,30,0.70,100.00,a,
333,30,0.00,0.00,u,
334,30,0.00,0.00,u,
335,30,2.30,100.00,a,
336,30,0.50,,a,
337,30,4.50,100.00,a,1.00
338,30,1.50,100.00,a,
339,30,0.00,,a,
340,30,0.00,,a,
341,30,3.20,,a,
342,30,1.50,100.00,a,
343,30,3.50,100.00,a,
344,30,2.20,100.00,a,
345,30,0.00,100.00,a,
346,30,0.00,,a,
347,30,0.00,0.00,s,
348,30,4.00,100.00,a,
349,30,0.00,0.00,u,
350,30,2.00,,a,
351,30,0.20,100.00,a,
352,30,0.00,0.00,u,
353,30,0.50,100.00,a,
354,30,4.80,100.00,a,
355,30,0.00,0.00,u,
356,30,1.80,,a,
357,30,0.00,0.00,u,
358,30,0.00,100.00,a,
359,30,0.00,0.00,u,
360,30,0.00,0.00,u,
361,30,0.00,0.00,u,
362,30,0.50,100.00,a,3.00
363,30,0.00,0.00,u,
364,30,0.00,0.00,u,
365,30,1.00,100.00,a,2.00
366,30,4.00,100.00,a,
367,30,0.50,,a,
368,30,0.50,,a,
369,30,0.50,,a,
370,30,4.70,100.00,a,
371,30,3.70,,a,
372,30,1.30,,a,
373,30,5.70,,a,
374,30,3.50,100.00,a,
375,30,0.00,0.00,i,
376,30,1.50,100.00,a,
377,30,0.00,0.00,u,
378,30,0.50,100.00,a,
379,30,0.50,,a,
380,30,0.50,,a,
381,30,3.20,75.00,d,1.00
382,30,1.30,100.00,a,
383,30,0.00,0.00,u,
384,30,4.30,100.00,a,3.00
385,30,1.30,100.00,a,
386,30,8.50,100.00,a,4.00
387,30,6.30,100.00,a,2.00
388,30,1.70,100.00,a,
389,30,0.00,100.00,a,
390,30,3.00,100.00,a,
391,30,-0.50,100.00,a,
392,30,0.00,0.00,i,
393,30,0.00,0.00,i,
394,30,0.00,0.00,u,
395,30,0.00,0.00,u,
396,30,1.00,,a,
397,30,0.00,0.00,u,
398,30,0.00,0.00,i,
399,30,0.00,0.00,u,
400,30,0.80,100.00,a,
401,30,0.00,100.00,a,
402,30,0.00,100.00,a,
403,30,0.00,0.00,i,
404,30,0.00,0.00,u,
405,30,0.00,,a,
406,30,0.00,100.00,a,
407,30,0.00,100.00,a,4.00
408,30,0.00,100.00,a,
409,30,0.00,100.00,a,
410,30,0.00,100.00,a,
411,30,0.00,100.00,a,
412,30,0.00,0.00,u,
413,30,0.00,100.00,a,2.00
414,30,0.00,100.00,a,
415,30,0.00,100.00,a,
416,30,0.00,100.00,a,
417,30,0.00,100.00,a,
418,30,0.00,100.00,a,3.00
419,30,0.00,0.00,i,
420,30,0.00,0.00,u,
421,30,0.00,100.00,a,
422,30,0.00,100.00,a,
423,30,0.00,100.00,a,
424,30,3.00,100.00,a,
425,30,0.00,0.00,u,
426,30,0.50,,a,5.00
427,30,0.00,,a,
428,30,0.00,100.00,a,
429,30,0.00,0.00,u,
430,30,0.00,100.00,a,1.00
431,30,0.50,,a,
432,30,0.00,0.00,u,
433,30,0.00,0.00,u,
434,30,0.50,,a,
435,30,0.50,,a,
436,30,0.00,0.00,i,
437,30,0.00,0.00,i,
438,30,1.90,75.00,d,
439,30,0.50,,a,
440,30,3.30,100.00,a,
441,30,0.00,0.00,i,
442,30,3.30,100.00,a,
443,30,3.50,100.00,a,
444,30,3.50,,a,
445,30,0.00,0.00,u,
446,30,0.50,,a,
447,30,0.70,100.00,a,
448,30,0.70,,a,
449,30,8.70,100.00,a,1.00
450,30,5.00,100.00,a,
451,30,0.00,0.00,u,
452,30,1.70,100.00,a,
453,30,2.70,,a,
454,30,0.00,0.00,u,
455,30,0.50,100.00,a,
456,30,0.80,100.00,a,
457,30,6.30,100.00,a,
458,30,3.30,100.00,a,
459,30,1.00,,a,
460,30,0.00,0.00,u,
461,30,0.50,,a,
462,30,0.50,,a,
463,30,0.00,0.00,u,
464,30,0.00,0.00,u,
465,30,0.00,0.00,u,
466,30,1.00,100.00,a,
467,30,0.50,,a,
468,30,0.00,0.00,u,
469,30,0.80,100.00,a,
470,30,2.00,100.00,a,
471,30,0.00,,a,
472,30,0.00,0.00,u,
473,30,3.80,100.00,a,
474,30,0.00,0.00,i,
475,30,2.80,100.00,a,
476,30,1.20,100.00,a,
477,30,1.50,100.00,a,
478,30,1.80,100.00,a,
479,30,0.00,0.00,i,
480,30,0.00,0.00,u,
481,30,0.00,,a,
482,30,0.00,0.00,u,
483,30,0.00,,a,
484,30,0.00,0.00,u,
485,30,5.50,100.00,a,1.00
486,30,1.50,100.00,a,
487,30,1.20,,a,
488,30,0.00,0.00,i,2.00
489,30,2.80,100.00,a,
490,30,1.80,100.00,a,
491,30,1.90,75.00,d,
492,30,0.00,0.00,u,
493,30,0.20,100.00,a,
494,30,1.80,100.00,a,
495,30,0.00,0.00,u,
496,30,0.00,0.00,u,
497,30,0.00,0.00,i,
498,30,0.00,0.00,u,
499,30,0.00,0.00,i,
500,30,2.20,100.00,a,
501,30,0.00,,a,
502,30,2.20,100.00,a,
503,30,0.00,0.00,u,
504,30,0.00,0.00,u,
505,30,2.80,,a,
506,30,2.80,100.00,a,
507,30,3.20,100.00,a,
508,30,2.50,100.00,a,
509,30,0.00,0.00,u,
510,30,0.20,50.00,d,
511,30,0.20,,a,
512,30,0.00,0.00,u,
513,30,0.00,,a,
514,30,0.00,0.00,i,
515,30,5.50,100.00,a,2.00
516,30,2.50,100.00,a,
517,30,5.00,,a,4.00
518,30,0.00,0.00,u,
519,30,1.00,100.00,a,
520,30,0.00,0.00,u,
521,30,2.50,100.00,a,
522,30,0.50,100.00,a,
523,30,0.00,100.00,a,
524,30,0.00,0.00,u,
525,30,0.00,0.00,i,1.00
526,30,3.50,100.00,a,3.00
527,30,0.80,100.00,a,
528,30,0.00,0.00,u,
529,30,0.00,,a,
530,30,0.00,0.00,u,
531,30,3.90,75.00,d,
532,30,3.20,,a,
533,30,0.00,0.00,u,
534,30,0.00,0.00,u,
535,30,0.20,100.00,a,
536,30,0.00,0.00,u,
537,30,0.00,0.00,u,
538,30,0.00,0.00,u,
539,30,1.50,100.00,a,
540,30,0.00,0.00,u,
541,30,0.00,75.00,d,
542,30,0.00,0.00,u,
543,30,0.00,0.00,u,
544,30,4.00,100.00,a,1.00
545,30,0.00,0.00,u,
546,30,0.00,100.00,a,
547,30,3.20,75.00,d,2.00
548,30,0.00,0.00,i,
549,30,0.00,0.00,u,
550,30,0.00,,a,
551,30,0.80,,a,
552,30,2.00,100.00,a,
553,30,1.00,100.00,a,
554,30,0.00,,a,
555,30,0.00,0.00,u,
556,30,0.00,0.00,u,
557,30,0.00,,a,
558,30,0.00,0.00,u,
559,30,0.00,0.00,u,
560,30,1.50,100.00,a,
561,30,3.00,,a,
562,30,0.00,,a,
563,30,0.00,0.00,u,
564,30,0.00,0.00,u,
565,30,1.20,,a,
566,30,0.00,,a,
567,30,0.00,,a,
568,30,0.80,100.00,a,
569,30,0.00,100.00,a,
570,30,2.00,100.00,a,
571,30,0.00,0.00,i,
572,30,2.20,100.00,a,
573,30,1.00,100.00,a,
574,30,0.00,100.00,a,
575,30,-0.80,100.00,a,
576,30,0.00,0.00,u,
577,30,0.00,0.00,u,
578,30,0.00,0.00,u,
579,30,0.00,0.00,u,
580,30,0.00,,a,
581,30,0.00,0.00,i,
582,30,0.00,0.00,i,3.00
583,30,0.00,0.00,i,
584,30,1.50,,a,
585,30,0.00,0.00,i,
586,30,0.00,100.00,a,
587,30,0.00,0.00,i,
588,30,0.00,0.00,i,
589,30,0.00,0.00,u,
590,30,0.00,0.00,u,
591,30,3.20,100.00,a,
592,30,0.00,0.00,u,
593,30,2.50,100.00,a,
594,30,0.00,0.00,u,
595,30,0.20,,a,
596,30,2.20,75.00,d,2.00
597,30,4.00,100.00,a,5.00
598,30,0.00,0.00,u,
599,30,0.00,0.00,u,
600,30,0.00,,a,
601,30,0.00,0.00,u,
602,30,0.00,0.00,u,
603,30,5.00,100.00,a,
604,30,0.00,0.00,u,
605,30,0.00,,a,
606,30,5.20,100.00,a,
607,30,0.00,0.00,u,
608,30,0.00,75.00,d,
609,30,3.20,100.00,a,
610,30,3.80,100.00,a,
611,30,0.00,0.00,u,
612,30,0.00,0.00,u,
613,30,4.00,100.00,a,
614,30,2.50,100.00,a,
615,30,0.00,0.00,i,
616,30,0.00,0.00,u,
617,30,0.00,0.00,u,
618,30,0.00,0.00,u,
619,30,0.00,0.00,u,
620,30,0.00,0.00,u,
621,30,0.00,0.00,u,
622,30,0.00,0.00,u,
623,30,0.00,100.00,a,
624,30,5.20,,a,2.00
625,30,0.00,0.00,u,
626,30,0.00,0.00,u,
627,30,0.00,,a,
628,30,0.00,100.00,a,
629,30,0.00,100.00,a,
630,30,-0.50,,a,
631,30,0.00,0.00,u,
632,30,0.00,100.00,a,
633,30,0.00,100.00,a,
634,30,0.00,100.00,a,
635,30,0.00,100.00,a,
636,30,0.00,100.00,a,
637,30,0.00,100.00,a,
638,30,0.00,0.00,u,
639,30,0.00,0.00,u,
640,30,0.00,100.00,a,
641,30,0.00,0.00,u,
642,30,0.00,100.00,a,3.00
643,30,0.00,100.00,a,
644,30,0.00,100.00,a,
645,30,0.00,0.00,u,
646,30,0.00,100.00,a,
647,30,0.00,0.00,u,
648,30,0.00,0.00,u,
649,30,0.00,0.00,u,
650,30,0.00,0.00,u,
651,30,0.00,,a,
652,30,0.00,,a,
653,30,0.00,0.00,u,
654,30,0.00,100.00,a,
655,30,0.00,0.00,u,
656,30,0.00,0.00,u,
657,30,0.00,100.00,a,
658,30,0.00,,a,
659,30,0.00,,a,
660,30,5.50,100.00,a,
661,30,5.50,100.00,a,
662,30,0.00,100.00,a,
663,30,0.00,0.00,u,
664,30,0.50,,a,
665,30,0.00,100.00,a,
666,30,0.00,100.00,a,2.00
667,30,-0.50,100.00,a,
668,30,1.20,100.00,a,
669,30,0.80,100.00,a,
670,30,0.40,50.00,d,
671,30,0.50,,a,
672,30,1.30,100.00,a,
673,30,1.90,75.00,d,
674,30,2.50,,a,
675,30,0.00,100.00,a,
676,30,0.70,100.00,a,
677,30,0.00,100.00,a,
678,30,0.00,0.00,u,
679,30,5.50,,a,
680,30,-0.30,100.00,a,
681,30,6.30,100.00,a,
682,30,0.00,,a,
683,30,3.50,100.00,a,
684,30,4.20,,a,
685,30,-0.50,100.00,a,
686,30,2.00,,a,
687,30,-0.50,,a,
688,30,0.00,,a,
689,30,0.00,,a,
690,30,0.00,100.00,a,
691,30,1.50,100.00,a,1.00
692,30,0.00,0.00,i,
693,30,1.20,,a,
694,30,0.10,50.00,d,
695,30,0.00,,a,
696,30,0.00,0.00,u,
697,30,1.00,,a,
698,30,0.00,100.00,a,
699,30,2.80,100.00,a,
700,30,0.00,100.00,a,
701,30,0.00,0.00,u,
702,30,0.00,,a,
703,30,0.00,,a,
704,30,0.00,0.00,u,
705,30,0.00,0.00,u,
706,30,3.00,100.00,a,
707,30,-0.30,,a,
708,30,2.50,100.00,a,
709,30,0.00,100.00,a,
710,30,0.00,,a,
711,30,0.00,,a,
712,30,0.00,100.00,a,
713,30,3.70,,a,
714,30,1.00,100.00,a,3.00
715,30,0.00,0.00,i,
716,30,0.00,0.00,i,
717,30,1.20,100.00,a,4.00
718,30,1.20,,a,
719,30,0.00,100.00,a,
720,30,0.00,,a,5.00
721,30,-0.50,100.00,a,
722,30,0.00,,a,
723,30,0.00,100.00,a,
724,30,2.00,,a,
725,30,0.00,100.00,a,
726,30,3.20,100.00,a,
727,30,1.50,100.00,a,
728,30,-0.30,100.00,a,
729,30,0.00,0.00,u,
730,30,0.80,100.00,a,
731,30,0.00,0.00,i,
732,30,0.00,,a,
733,30,4.30,,a,
734,30,0.50,100.00,a,
735,30,0.00,0.00,i,
736,30,0.00,,a,
737,30,0.50,,a,
738,30,0.00,25.00,d,
739,30,0.00,0.00,u,
740,30,0.00,0.00,u,
741,30,0.00,0.00,u,
742,30,0.00,,a,
743,30,0.50,,a,
744,30,-0.50,,a,
745,30,0.00,,a,
746,30,0.50,,a,
747,30,0.20,,a,
748,30,0.00,0.00,i,
749,30,0.00,,a,
750,30,0.20,,a,
751,30,0.00,0.00,u,
752,30,0.00,,a,
753,30,0.00,,a,
754,30,0.00,,a,
755,30,0.50,100.00,a,
756,30,-0.50,,a,
757,30,0.00,,a,
758,30,0.80,,a,
759,30,0.00,,a,
760,30,0.50,,a,
761,30,-0.50,,a,
762,30,0.00,,a,
763,30,0.00,,a,
764,30,0.00,,a,
765,30,0.00,,a,
766,30,0.00,,a,
767,30,0.00,,a,
768,30,0.00,,a,
769,30,0.50,,a,
770,30,0.50,,a,
771,30,0.50,,a,
772,30,0.00,,a,
773,30,0.00,,a,
774,30,0.00,,a,
775,30,0.00,0.00,u,
776,30,-0.50,,a,
777,30,0.00,0.00,u,
778,30,0.00,,a,
779,30,-0.50,,a,
780,30,0.00,,a,
781,30,0.00,,a,
782,30,-0.50,,a,
783,30,4.00,,a,
784,30,-0.50,,a,
785,30,0.50,100.00,a,
786,30,0.50,,a,
787,30,0.00,,a,
788,30,0.50,,a,
789,30,0.50,,a,
790,30,0.00,,a,
791,30,3.20,,a,
792,30,0.50,100.00,a,
793,30,0.00,,a,
794,30,0.00,100.00,a,
795,30,-0.30,,a,
796,30,1.00,100.00,a,
797,30,0.00,,a,
798,30,0.00,0.00,u,
799,30,-0.50,,a,
800,30,0.00,0.00,i,
801,30,-0.50,,a,
802,30,0.00,,a,
803,30,0.50,,a,
804,30,0.50,,a,
805,30,0.20,,a,
806,30,-0.50,,a,
807,30,2.30,,a,
808,30,2.50,,a,
809,30,0.00,,a,
810,30,0.00,,a,
811,30,0.00,,a,
812,30,3.20,,a,
813,30,0.00,0.00,i,
814,30,0.20,,a,
815,30,3.00,,a,
816,30,0.00,100.00,a,
817,30,0.00,,a,
818,30,0.00,,a,
819,30,0.00,,a,
820,30,-0.50,,a,
821,30,1.30,,a,
822,30,1.30,,a,
1,31,8.00,,a,
2,31,1.00,,a,
3,31,0.00,0.00,u,
4,31,1.00,,a,
5,31,10.00,100.00,a,
6,31,12.00,100.00,a,
7,31,7.00,100.00,a,
8,31,1.50,75.00,d,
9,31,0.00,0.00,u,
10,31,1.00,,a,
11,31,1.00,100.00,a,
12,31,0.00,0.00,u,
13,31,1.00,,a,
14,31,0.00,0.00,u,
15,31,1.00,,a,
16,31,3.00,75.00,d,1.00
17,31,1.00,100.00,a,3.00
18,31,4.00,100.00,a,
19,31,5.00,100.00,a,
20,31,1.00,100.00,a,4.00
21,31,4.00,100.00,a,
22,31,0.00,0.00,i,
23,31,0.00,0.00,u,
24,31,1.00,100.00,a,
25,31,0.00,0.00,u,
26,31,4.00,100.00,a,
27,31,0.50,100.00,a,
28,31,0.00,0.00,u,
29,31,0.00,0.00,u,
30,31,3.00,100.00,a,
31,31,1.00,100.00,a,
32,31,4.00,100.00,a,
33,31,0.00,100.00,a,
34,31,0.00,0.00,u,
35,31,0.00,0.00,u,
36,31,3.00,100.00,a,
37,31,5.50,100.00,a,
38,31,3.50,100.00,a,
39,31,0.50,,a,
40,31,1.50,100.00,a,
41,31,3.00,100.00,a,
42,31,0.50,100.00,a,
43,31,0.00,0.00,u,
44,31,0.50,100.00,a,
45,31,0.00,0.00,u,
46,31,0.00,0.00,u,
47,31,4.00,100.00,a,
48,31,0.50,100.00,a,
49,31,1.00,100.00,a,
50,31,2.00,100.00,a,2.00
51,31,0.00,0.00,u,
52,31,2.50,100.00,a,
53,31,0.00,0.00,u,
54,31,6.00,100.00,a,
55,31,7.50,100.00,a,
56,31,0.00,0.00,u,
57,31,0.00,0.00,u,
58,31,0.00,0.00,i,
59,31,3.50,100.00,a,
60,31,0.00,0.00,u,
61,31,0.00,0.00,u,
62,31,0.00,0.00,u,
63,31,0.00,0.00,u,
64,31,4.50,100.00,a,3.00
65,31,0.00,0.00,u,
66,31,0.00,0.00,u,
67,31,3.00,,a,
68,31,0.00,0.00,u,
69,31,-1.00,,a,
70,31,0.00,0.00,u,
71,31,0.00,0.00,u,
72,31,4.50,100.00,a,
73,31,3.00,100.00,a,
74,31,6.50,,a,
75,31,-1.00,100.00,a,
76,31,-1.00,,a,
77,31,2.50,,a,
78,31,0.00,0.00,u,
79,31,0.00,0.00,u,
80,31,0.00,0.00,i,
81,31,0.00,0.00,i,1.00
82,31,2.00,100.00,a,
83,31,4.50,100.00,a,
84,31,1.50,100.00,a,4.00
85,31,-0.50,50.00,d,
86,31,0.00,100.00,a,
87,31,6.00,100.00,a,
88,31,-0.50,50.00,d,
89,31,0.00,0.00,u,
90,31,2.50,100.00,a,
91,31,0.00,0.00,u,
92,31,0.00,0.00,u,
93,31,0.00,0.00,u,
94,31,0.00,0.00,u,
95,31,0.00,0.00,u,
96,31,0.00,0.00,u,
97,31,2.50,100.00,a,
98,31,-0.50,100.00,a,
99,31,0.00,0.00,u,
100,31,1.90,75.00,d,2.00
101,31,5.00,100.00,a,
102,31,0.00,,a,
103,31,0.00,0.00,u,
104,31,0.00,,a,
105,31,0.00,,a,
106,31,3.00,,a,
107,31,5.00,,a,
108,31,0.00,100.00,a,
109,31,0.00,0.00,i,
110,31,7.00,100.00,a,
111,31,5.00,100.00,a,
112,31,0.00,0.00,u,
113,31,3.50,100.00,a,
114,31,0.00,0.00,u,
115,31,0.00,0.00,u,
116,31,0.00,50.00,d,
117,31,0.00,0.00,u,
118,31,0.00,0.00,u,
119,31,2.50,100.00,a,
120,31,2.50,100.00,a,3.00
121,31,1.00,100.00,a,
122,31,0.00,0.00,i,
123,31,0.00,0.00,i,4.00
124,31,3.50,100.00,a,
125,31,0.00,50.00,d,
126,31,3.50,,a,5.00
127,31,0.00,0.00,u,
128,31,0.00,0.00,u,
129,31,2.00,100.00,a,
130,31,0.00,,a,
131,31,0.00,0.00,u,
132,31,0.00,0.00,u,
133,31,0.00,0.00,u,
134,31,0.00,0.00,u,
135,31,0.50,100.00,a,
136,31,5.00,100.00,a,2.00
137,31,0.00,0.00,u,
138,31,0.50,,a,
139,31,5.50,,a,
140,31,0.50,,a,
141,31,0.00,0.00,u,
142,31,0.00,0.00,u,
143,31,0.50,,a,
144,31,0.00,0.00,u,
145,31,1.00,100.00,a,
146,31,0.00,0.00,s,
147,31,0.00,0.00,u,
148,31,5.50,,a,
149,31,0.50,100.00,a,
150,31,0.00,0.00,u,
151,31,7.00,100.00,a,
152,31,1.50,100.00,a,
153,31,0.00,0.00,i,
154,31,0.00,0.00,u,
155,31,0.00,0.00,u,
156,31,0.50,,a,
157,31,1.00,100.00,a,
158,31,1.00,100.00,a,
159,31,0.50,100.00,a,
160,31,5.50,100.00,a,
161,31,0.00,0.00,u,
162,31,0.00,0.00,u,
163,31,4.50,100.00,a,
164,31,1.00,100.00,a,3.00
165,31,0.00,0.00,u,
166,31,1.50,100.00,a,
167,31,1.00,100.00,a,
168,31,-0.50,100.00,a,
169,31,5.50,100.00,a,
170,31,3.00,100.00,a,1.00
171,31,0.00,0.00,u,
172,31,0.00,0.00,u,
173,31,3.50,100.00,a,
174,31,0.00,0.00,u,
175,31,0.00,0.00,u,
176,31,0.00,0.00,u,
177,31,0.00,0.00,u,
178,31,7.50,100.00,a,2.00
179,31,0.00,0.00,u,
180,31,0.00,0.00,i,
181,31,0.50,,a,
182,31,0.00,,a,
183,31,-0.50,,a,
184,31,0.00,0.00,u,
185,31,-0.50,,a,
186,31,0.00,0.00,i,
187,31,3.00,100.00,a,
188,31,0.00,0.00,u,
189,31,0.00,0.00,u,
190,31,-0.50,,a,
191,31,4.00,100.00,a,
192,31,3.00,,a,
193,31,3.00,100.00,a,
194,31,0.00,0.00,i,
195,31,0.00,100.00,a,
196,31,0.00,0.00,u,
197,31,0.00,0.00,u,
198,31,-0.50,100.00,a,
199,31,0.00,100.00,a,
200,31,2.00,100.00,a,
201,31,0.00,0.00,u,
202,31,-0.50,100.00,a,3.00
203,31,-0.50,,a,
204,31,0.00,0.00,u,
205,31,0.00,0.00,i,
206,31,0.50,100.00,a,
207,31,0.00,0.00,i,
208,31,0.00,0.00,u,
209,31,0.00,0.00,s,
210,31,0.00,,a,
211,31,0.00,0.00,u,
212,31,0.00,0.00,u,
213,31,0.00,0.00,u,
214,31,-0.40,75.00,d,
215,31,4.00,100.00,a,1.00
216,31,-0.10,25.00,d,
217,31,3.00,100.00,a,
218,31,0.00,,a,2.00
219,31,0.00,0.00,u,
220,31,2.50,100.00,a,
221,31,0.00,50.00,d,
222,31,0.00,0.00,u,
223,31,0.00,,a,
224,31,1.50,100.00,a,
225,31,0.50,50.00,d,
226,31,0.00,0.00,i,
227,31,0.00,0.00,i,
228,31,1.00,100.00,a,
229,31,0.00,100.00,a,
230,31,2.50,100.00,a,
231,31,0.00,100.00,a,
232,31,0.50,100.00,a,
233,31,0.00,100.00,a,
234,31,0.00,0.00,u,
235,31,2.00,100.00,a,1.00
236,31,1.00,100.00,a,
237,31,0.00,0.00,n,2.00
238,31,0.50,100.00,a,3.00
239,31,0.00,50.00,d,
240,31,0.00,0.00,u,
241,31,1.50,100.00,a,
242,31,2.50,100.00,a,
243,31,0.50,100.00,a,
244,31,1.00,100.00,a,
245,31,0.00,0.00,s,
246,31,0.50,100.00,a,
247,31,0.00,100.00,a,
248,31,0.00,0.00,u,
249,31,2.00,,a,
250,31,1.00,100.00,a,
251,31,0.00,0.00,u,
252,31,0.00,100.00,a,
253,31,0.00,,a,
254,31,7.00,100.00,a,
255,31,0.00,,a,
256,31,0.00,100.00,a,
257,31,9.00,100.00,a,
258,31,6.00,,a,
259,31,0.00,100.00,a,
260,31,2.00,100.00,a,
261,31,10.00,100.00,a,
262,31,0.00,100.00,a,
263,31,0.00,100.00,a,
264,31,0.00,0.00,u,
265,31,0.00,100.00,a,
266,31,2.00,50.00,d,
267,31,3.00,100.00,a,3.00
268,31,0.00,25.00,d,
269,31,0.00,0.00,u,
270,31,0.00,100.00,a,
271,31,1.00,100.00,a,
272,31,3.00,100.00,a,
273,31,1.00,100.00,a,
274,31,0.00,,a,
275,31,0.00,0.00,u,
276,31,0.00,100.00,a,4.00
277,31,0.00,0.00,u,
278,31,0.00,0.00,u,
279,31,0.00,0.00,u,
280,31,0.00,0.00,u,
281,31,0.00,,a,
282,31,0.00,0.00,u,
283,31,1.00,100.00,a,2.00
284,31,0.00,0.00,i,
285,31,0.00,0.00,u,
286,31,0.00,,a,
287,31,4.50,,a,
288,31,0.00,100.00,a,
289,31,0.00,0.00,u,
290,31,0.50,100.00,a,
291,31,3.00,100.00,a,
292,31,4.00,100.00,a,
293,31,4.50,100.00,a,
294,31,0.00,100.00,a,
295,31,5.50,100.00,a,
296,31,0.00,100.00,a,
297,31,0.00,0.00,u,
298,31,0.00,,a,
299,31,4.50,75.00,d,1.00
300,31,3.00,,a,
301,31,0.00,25.00,d,
302,31,6.00,100.00,a,
303,31,5.00,,a,2.00
304,31,2.00,100.00,a,
305,31,0.50,100.00,a,
306,31,0.00,,a,
307,31,0.00,,a,
308,31,0.00,0.00,u,
309,31,0.00,0.00,u,
310,31,1.00,,a,
311,31,9.00,,a,3.00
312,31,0.00,0.00,u,
313,31,0.00,0.00,u,
314,31,4.50,,a,
315,31,0.00,0.00,u,
316,31,2.50,100.00,a,
317,31,5.00,100.00,a,
318,31,5.00,100.00,a,
319,31,0.50,,a,
320,31,-0.50,,a,
321,31,-0.50,,a,
322,31,0.00,0.00,i,
323,31,-0.50,,a,
324,31,1.50,100.00,a,
325,31,0.00,100.00,a,
326,31,1.50,100.00,a,
327,31,0.00,0.00,u,
328,31,0.50,100.00,a,
329,31,5.50,100.00,a,3.00
330,31,3.00,,a,
331,31,0.00,100.00,a,
332,31,0.00,100.00,a,
333,31,0.00,0.00,u,
334,31,0.00,0.00,u,
335,31,7.50,100.00,a,
336,31,0.00,0.00,i,
337,31,3.00,100.00,a,1.00
338,31,1.00,100.00,a,
339,31,-0.50,,a,
340,31,-0.50,,a,
341,31,5.50,,a,
342,31,2.50,100.00,a,
343,31,6.00,100.00,a,
344,31,6.40,75.00,d,
345,31,-0.50,100.00,a,
346,31,-0.50,,a,
347,31,-1.10,75.00,d,
348,31,0.00,0.00,i,
349,31,0.00,0.00,u,
350,31,1.50,,a,
351,31,-0.50,100.00,a,
352,31,0.00,0.00,u,
353,31,0.00,0.00,i,
354,31,4.50,100.00,a,
355,31,0.00,0.00,u,
356,31,0.00,,a,
357,31,0.00,0.00,u,
358,31,0.00,100.00,a,
359,31,0.00,0.00,u,
360,31,0.00,0.00,u,
361,31,0.00,0.00,u,
362,31,-0.50,100.00,a,3.00
363,31,0.00,0.00,u,
364,31,0.00,0.00,u,
365,31,1.00,100.00,a,2.00
366,31,0.00,0.00,i,
367,31,1.50,,a,
368,31,0.50,,a,
369,31,0.50,,a,
370,31,3.50,100.00,a,
371,31,4.00,,a,
372,31,2.00,,a,
373,31,3.00,,a,
374,31,0.50,100.00,a,
375,31,0.00,0.00,i,
376,31,1.50,100.00,a,
377,31,0.00,0.00,u,
378,31,0.50,100.00,a,
379,31,0.50,,a,
380,31,0.50,,a,
381,31,1.00,100.00,a,1.00
382,31,3.00,100.00,a,
383,31,0.00,0.00,u,
384,31,3.00,100.00,a,3.00
385,31,1.00,100.00,a,
386,31,5.00,100.00,a,4.00
387,31,7.50,100.00,a,2.00
388,31,4.00,100.00,a,
389,31,0.00,100.00,a,
390,31,3.00,100.00,a,
391,31,-0.50,100.00,a,
392,31,0.00,0.00,i,
393,31,0.00,0.00,i,
394,31,0.00,0.00,u,
395,31,0.00,0.00,u,
396,31,1.00,,a,
397,31,0.00,0.00,u,
398,31,0.00,0.00,i,
399,31,0.00,0.00,u,
400,31,0.00,100.00,a,
401,31,0.00,100.00,a,
402,31,1.00,100.00,a,
403,31,0.00,0.00,i,
404,31,0.00,0.00,u,
405,31,0.00,,a,
406,31,2.00,100.00,a,
407,31,2.00,100.00,a,4.00
408,31,0.00,75.00,d,
409,31,0.00,75.00,d,
410,31,0.00,100.00,a,
411,31,2.00,100.00,a,
412,31,0.00,0.00,u,
413,31,3.00,100.00,a,2.00
414,31,1.00,100.00,a,
415,31,0.00,100.00,a,
416,31,9.00,100.00,a,
417,31,1.00,100.00,a,
418,31,1.00,100.00,a,3.00
419,31,0.00,0.00,i,
420,31,0.00,0.00,u,
421,31,4.00,100.00,a,
422,31,0.00,100.00,a,
423,31,0.00,100.00,a,
424,31,2.00,100.00,a,
425,31,0.00,0.00,u,
426,31,1.00,,a,5.00
427,31,1.00,,a,
428,31,0.00,100.00,a,
429,31,0.00,0.00,u,
430,31,2.00,100.00,a,1.00
431,31,0.50,,a,
432,31,0.00,0.00,u,
433,31,0.00,0.00,u,
434,31,0.50,,a,
435,31,0.50,,a,
436,31,0.00,0.00,i,
437,31,0.20,50.00,d,
438,31,0.50,100.00,a,
439,31,0.50,,a,
440,31,2.00,100.00,a,
441,31,0.00,0.00,i,
442,31,0.00,0.00,s,
443,31,4.00,100.00,a,
444,31,2.50,,a,
445,31,0.00,0.00,u,
446,31,0.50,,a,
447,31,1.00,100.00,a,
448,31,0.50,,a,
449,31,12.00,100.00,a,1.00
450,31,7.50,100.00,a,
451,31,0.00,0.00,u,
452,31,2.50,100.00,a,
453,31,1.00,,a,
454,31,0.00,0.00,u,
455,31,1.00,100.00,a,
456,31,0.80,25.00,d,
457,31,4.00,100.00,a,
458,31,3.50,100.00,a,
459,31,1.50,,a,
460,31,0.00,0.00,u,
461,31,0.50,,a,
462,31,0.50,,a,
463,31,0.00,0.00,u,
464,31,0.00,0.00,u,
465,31,0.00,0.00,u,
466,31,0.50,100.00,a,
467,31,0.50,,a,
468,31,0.00,0.00,u,
469,31,0.00,100.00,a,
470,31,3.50,100.00,a,
471,31,0.00,,a,
472,31,0.00,0.00,u,
473,31,3.00,100.00,a,
474,31,0.00,50.00,d,
475,31,1.40,25.00,d,
476,31,2.00,100.00,a,
477,31,3.50,100.00,a,
478,31,1.00,100.00,a,
479,31,0.00,0.00,i,
480,31,0.00,0.00,u,
481,31,0.00,,a,
482,31,0.00,0.00,u,
483,31,0.00,,a,
484,31,0.00,0.00,u,
485,31,10.50,100.00,a,1.00
486,31,1.50,100.00,a,
487,31,2.50,,a,
488,31,0.00,50.00,d,2.00
489,31,2.00,100.00,a,
490,31,2.00,100.00,a,
491,31,0.00,100.00,a,
492,31,0.00,0.00,u,
493,31,-0.50,100.00,a,
494,31,3.50,100.00,a,
495,31,0.00,0.00,u,
496,31,0.00,0.00,u,
497,31,0.00,50.00,d,
498,31,0.00,0.00,u,
499,31,0.50,100.00,a,
500,31,0.50,100.00,a,
501,31,0.00,,a,
502,31,6.50,100.00,a,
503,31,0.00,0.00,u,
504,31,0.00,0.00,u,
505,31,7.50,,a,
506,31,7.00,100.00,a,
507,31,8.00,100.00,a,
508,31,10.00,100.00,a,
509,31,0.00,0.00,u,
510,31,0.00,50.00,d,
511,31,0.00,,a,
512,31,0.00,0.00,u,
513,31,0.00,,a,
514,31,0.00,0.00,i,
515,31,5.50,100.00,a,2.00
516,31,3.50,100.00,a,
517,31,3.50,,a,4.00
518,31,0.00,0.00,u,
519,31,1.00,100.00,a,
520,31,0.00,0.00,u,
521,31,3.50,100.00,a,
522,31,1.00,100.00,a,
523,31,0.00,100.00,a,
524,31,0.00,0.00,u,
525,31,0.00,100.00,a,1.00
526,31,5.00,100.00,a,3.00
527,31,2.50,100.00,a,
528,31,0.00,0.00,u,
529,31,0.00,,a,
530,31,0.00,0.00,u,
531,31,1.50,75.00,d,
532,31,1.50,,a,
533,31,0.00,0.00,u,
534,31,0.00,0.00,u,
535,31,0.50,100.00,a,
536,31,0.00,0.00,u,
537,31,0.00,0.00,u,
538,31,0.00,0.00,u,
539,31,1.50,100.00,a,
540,31,0.00,0.00,u,
541,31,0.00,100.00,a,
542,31,0.00,0.00,u,
543,31,0.00,0.00,u,
544,31,3.50,100.00,a,1.00
545,31,0.00,0.00,u,
546,31,0.00,100.00,a,
547,31,0.50,100.00,a,2.00
548,31,0.00,0.00,i,
549,31,0.00,0.00,u,
550,31,0.00,,a,
551,31,2.50,,a,
552,31,1.50,100.00,a,
553,31,5.00,100.00,a,
554,31,0.00,,a,
555,31,0.00,0.00,u,
556,31,0.00,0.00,u,
557,31,0.00,,a,
558,31,0.00,0.00,u,
559,31,0.00,0.00,u,
560,31,0.00,100.00,a,
561,31,1.00,,a,
562,31,0.00,,a,
563,31,0.00,0.00,u,
564,31,0.00,0.00,u,
565,31,0.60,25.00,d,
566,31,0.00,,a,
567,31,0.00,,a,
568,31,1.50,100.00,a,
569,31,0.50,100.00,a,
570,31,3.50,100.00,a,
571,31,0.00,0.00,i,
572,31,2.00,100.00,a,
573,31,2.50,100.00,a,
574,31,-0.50,100.00,a,
575,31,0.50,100.00,a,
576,31,0.00,0.00,u,
577,31,0.00,0.00,u,
578,31,0.00,0.00,u,
579,31,0.00,0.00,u,
580,31,2.00,,a,
581,31,0.00,0.00,i,
582,31,0.00,50.00,d,3.00
583,31,0.00,0.00,i,
584,31,1.50,75.00,d,
585,31,0.00,50.00,d,
586,31,0.50,100.00,a,
587,31,0.00,0.00,i,
588,31,0.00,0.00,i,
589,31,0.00,0.00,u,
590,31,0.00,0.00,u,
591,31,2.00,100.00,a,
592,31,0.00,0.00,u,
593,31,2.20,75.00,d,
594,31,0.00,0.00,u,
595,31,0.50,,a,
596,31,2.00,100.00,a,2.00
597,31,5.50,100.00,a,5.00
598,31,0.00,0.00,u,
599,31,0.00,0.00,u,
600,31,0.50,100.00,a,
601,31,0.00,0.00,u,
602,31,0.00,0.00,u,
603,31,2.00,100.00,a,
604,31,0.00,0.00,u,
605,31,0.50,,a,
606,31,8.00,100.00,a,
607,31,0.00,0.00,u,
608,31,0.50,100.00,a,
609,31,1.90,75.00,d,
610,31,1.50,100.00,a,
611,31,0.00,0.00,u,
612,31,0.00,0.00,u,
613,31,3.50,100.00,a,
614,31,2.50,100.00,a,
615,31,0.40,75.00,d,
616,31,0.00,0.00,u,
617,31,0.00,0.00,u,
618,31,0.00,0.00,u,
619,31,0.00,0.00,u,
620,31,0.00,0.00,u,
621,31,0.00,0.00,u,
622,31,0.00,0.00,u,
623,31,1.00,100.00,a,
624,31,4.50,,a,2.00
625,31,0.00,0.00,u,
626,31,0.00,0.00,u,
627,31,0.00,0.00,i,
628,31,-0.50,100.00,a,
629,31,-0.50,100.00,a,
630,31,0.00,,a,
631,31,0.00,0.00,u,
632,31,0.00,0.00,i,
633,31,0.50,100.00,a,
634,31,0.50,100.00,a,
635,31,0.50,100.00,a,
636,31,0.50,100.00,a,
637,31,-0.50,100.00,a,
638,31,0.00,0.00,u,
639,31,0.00,0.00,u,
640,31,-0.50,100.00,a,
641,31,0.00,0.00,u,
642,31,-0.50,100.00,a,3.00
643,31,1.50,100.00,a,
644,31,4.50,100.00,a,
645,31,0.00,0.00,u,
646,31,6.50,100.00,a,
647,31,0.00,0.00,u,
648,31,0.00,0.00,u,
649,31,0.00,0.00,u,
650,31,0.00,0.00,u,
651,31,-0.50,,a,
652,31,-0.50,,a,
653,31,0.00,0.00,u,
654,31,1.00,100.00,a,
655,31,0.00,0.00,u,
656,31,0.00,0.00,u,
657,31,-0.50,100.00,a,
658,31,-0.50,,a,
659,31,0.50,,a,
660,31,0.00,0.00,i,
661,31,1.50,100.00,a,
662,31,2.00,100.00,a,
663,31,0.00,0.00,u,
664,31,-0.50,,a,
665,31,-0.50,100.00,a,
666,31,8.00,100.00,a,2.00
667,31,0.00,100.00,a,
668,31,2.50,100.00,a,
669,31,1.00,100.00,a,
670,31,0.00,75.00,d,
671,31,0.80,75.00,d,
672,31,1.00,100.00,a,
673,31,0.00,100.00,a,
674,31,4.50,,a,
675,31,0.00,100.00,a,
676,31,1.00,100.00,a,
677,31,3.00,100.00,a,
678,31,0.00,0.00,u,
679,31,3.00,,a,
680,31,0.00,100.00,a,
681,31,3.00,100.00,a,
682,31,-0.50,,a,
683,31,1.50,100.00,a,
684,31,4.50,,a,
685,31,-1.00,100.00,a,
686,31,2.50,,a,
687,31,-1.00,,a,
688,31,0.00,,a,
689,31,0.00,,a,
690,31,0.00,100.00,a,
691,31,0.50,100.00,a,1.00
692,31,0.00,0.00,i,
693,31,2.00,,a,
694,31,0.00,100.00,a,
695,31,0.50,,a,
696,31,0.00,0.00,u,
697,31,0.50,,a,
698,31,0.00,75.00,d,
699,31,1.00,100.00,a,
700,31,7.00,100.00,a,
701,31,0.00,0.00,u,
702,31,0.00,,a,
703,31,0.00,,a,
704,31,0.00,0.00,u,
705,31,0.00,0.00,u,
706,31,5.50,100.00,a,
707,31,0.00,,a,
708,31,2.00,100.00,a,
709,31,-0.50,100.00,a,
710,31,0.00,,a,
711,31,1.00,,a,
712,31,1.00,100.00,a,
713,31,-0.50,,a,
714,31,3.50,100.00,a,3.00
715,31,0.00,0.00,i,
716,31,0.00,0.00,i,
717,31,1.00,100.00,a,4.00
718,31,1.00,,a,
719,31,0.00,100.00,a,
720,31,4.50,,a,5.00
721,31,-1.00,100.00,a,
722,31,-0.50,,a,
723,31,11.00,100.00,a,
724,31,2.50,,a,
725,31,2.50,50.00,d,
726,31,2.50,100.00,a,
727,31,0.50,100.00,a,
728,31,1.00,100.00,a,
729,31,0.00,0.00,u,
730,31,5.00,100.00,a,
731,31,0.00,0.00,i,
732,31,0.00,,a,
733,31,2.50,,a,
734,31,0.00,100.00,a,
735,31,0.00,0.00,i,
736,31,2.00,,a,
737,31,-0.50,,a,
738,31,0.10,25.00,d,
739,31,0.00,0.00,u,
740,31,0.00,0.00,u,
741,31,0.00,0.00,u,
742,31,0.00,,a,
743,31,0.00,,a,
744,31,0.50,,a,
745,31,0.00,,a,
746,31,0.50,,a,
747,31,0.50,,a,
748,31,0.00,0.00,i,
749,31,0.50,,a,
750,31,0.50,,a,
751,31,0.00,0.00,u,
752,31,0.50,,a,
753,31,0.00,,a,
754,31,0.00,,a,
755,31,0.50,100.00,a,
756,31,-1.00,,a,
757,31,0.00,,a,
758,31,1.50,,a,
759,31,1.00,,a,
760,31,0.50,,a,
761,31,0.50,,a,
762,31,0.00,,a,
763,31,0.00,,a,
764,31,0.00,,a,
765,31,0.00,,a,
766,31,-0.50,,a,
767,31,-0.50,,a,
768,31,0.00,,a,
769,31,0.50,,a,
770,31,-0.50,,a,
771,31,0.50,,a,
772,31,0.00,,a,
773,31,0.00,,a,
774,31,0.00,,a,
775,31,0.00,0.00,u,
776,31,-0.50,,a,
777,31,0.00,0.00,u,
778,31,-0.50,,a,
779,31,0.00,,a,
780,31,0.00,,a,
781,31,0.00,,a,
782,31,-1.00,,a,
783,31,5.50,,a,
784,31,-0.50,,a,
785,31,2.50,100.00,a,
786,31,-0.50,,a,
787,31,-0.50,,a,
788,31,0.50,,a,
789,31,0.00,,a,
790,31,0.00,,a,
791,31,2.00,,a,
792,31,0.00,100.00,a,
793,31,0.00,,a,
794,31,0.00,100.00,a,
795,31,0.50,,a,
796,31,0.50,100.00,a,
797,31,0.00,,a,
798,31,0.00,0.00,u,
799,31,-1.00,,a,
800,31,0.00,0.00,i,
801,31,-1.00,,a,
802,31,0.50,,a,
803,31,0.00,,a,
804,31,0.50,,a,
805,31,0.00,,a,
806,31,-1.00,,a,
807,31,1.50,,a,
808,31,1.00,,a,
809,31,-0.50,,a,
810,31,0.00,,a,
811,31,0.00,,a,
812,31,3.00,,a,
813,31,0.00,0.00,i,
814,31,0.00,,a,
815,31,2.00,,a,
816,31,-0.50,100.00,a,
817,31,4.50,,a,
818,31,0.00,,a,
819,31,0.00,,a,
820,31,-0.50,,a,
821,31,0.00,,a,
822,31,0.00,,a,
823,31,1.40,,a,
824,31,1.40,,a,
825,31,2.00,,a,
1,32,1.50,,a,
2,32,0.50,,a,
3,32,0.00,0.00,u,
4,32,0.50,,a,
5,32,4.50,100.00,a,
6,32,1.50,100.00,a,
7,32,0.40,75.00,d,
8,32,0.40,75.00,d,
9,32,0.00,0.00,u,
10,32,1.50,,a,
11,32,1.50,100.00,a,
12,32,0.00,0.00,u,
13,32,0.50,,a,
14,32,0.00,0.00,u,
15,32,0.50,,a,
16,32,0.00,0.00,i,1.00
17,32,0.40,75.00,d,3.00
18,32,1.10,75.00,d,
19,32,1.50,100.00,a,
20,32,1.50,100.00,a,4.00
21,32,4.50,100.00,a,
22,32,0.00,0.00,i,
23,32,0.00,0.00,u,
24,32,0.50,100.00,a,
25,32,0.00,0.00,u,
26,32,2.50,100.00,a,
27,32,0.50,100.00,a,
28,32,0.00,0.00,u,
29,32,0.00,0.00,u,
30,32,1.50,100.00,a,
31,32,1.50,100.00,a,
32,32,3.00,100.00,a,
33,32,1.50,100.00,a,
34,32,0.00,0.00,u,
35,32,0.00,0.00,u,
36,32,3.50,100.00,a,
37,32,4.50,100.00,a,
38,32,3.00,100.00,a,
39,32,0.50,,a,
40,32,0.00,100.00,a,
41,32,4.00,100.00,a,
42,32,0.50,100.00,a,
43,32,0.00,0.00,u,
44,32,0.00,100.00,a,
45,32,0.00,0.00,u,
46,32,0.00,0.00,u,
47,32,5.50,100.00,a,
48,32,1.50,100.00,a,
49,32,0.50,100.00,a,
50,32,1.00,100.00,a,2.00
51,32,0.00,0.00,u,
52,32,1.50,100.00,a,
53,32,0.00,0.00,u,
54,32,5.50,100.00,a,
55,32,2.50,100.00,a,
56,32,0.00,0.00,u,
57,32,0.00,0.00,u,
58,32,0.00,0.00,i,
59,32,4.00,100.00,a,
60,32,0.00,0.00,u,
61,32,0.00,0.00,u,
62,32,0.00,0.00,u,
63,32,0.00,0.00,u,
64,32,5.50,100.00,a,3.00
65,32,0.00,0.00,u,
66,32,0.00,0.00,u,
67,32,4.00,,a,
68,32,0.00,0.00,u,
69,32,0.00,,a,
70,32,0.00,0.00,u,
71,32,0.00,0.00,u,
72,32,5.00,100.00,a,
73,32,1.00,100.00,a,
74,32,8.00,,a,
75,32,0.00,100.00,a,
76,32,0.00,,a,
77,32,2.00,,a,
78,32,0.00,0.00,u,
79,32,0.00,0.00,u,
80,32,0.00,100.00,a,
81,32,0.00,0.00,i,1.00
82,32,4.50,100.00,a,
83,32,1.50,100.00,a,
84,32,4.00,100.00,a,4.00
85,32,1.00,100.00,a,
86,32,2.00,100.00,a,
87,32,11.00,100.00,a,
88,32,0.00,25.00,d,
89,32,0.00,0.00,u,
90,32,14.00,100.00,a,
91,32,0.00,0.00,u,
92,32,0.00,0.00,u,
93,32,0.00,0.00,u,
94,32,0.00,0.00,u,
95,32,0.00,0.00,u,
96,32,0.00,0.00,u,
97,32,10.00,100.00,a,
98,32,1.00,100.00,a,
99,32,0.00,0.00,u,
100,32,11.00,100.00,a,2.00
101,32,5.50,100.00,a,
102,32,0.00,,a,
103,32,0.00,0.00,u,
104,32,0.00,,a,
105,32,0.00,,a,
106,32,4.50,,a,
107,32,3.50,,a,
108,32,0.00,100.00,a,
109,32,0.00,0.00,i,
110,32,5.00,100.00,a,
111,32,5.00,100.00,a,
112,32,0.00,0.00,u,
113,32,4.50,100.00,a,
114,32,0.00,0.00,u,
115,32,0.00,0.00,u,
116,32,0.00,100.00,a,
117,32,0.00,0.00,u,
118,32,0.00,0.00,u,
119,32,1.50,100.00,a,
120,32,4.00,100.00,a,3.00
121,32,0.50,100.00,a,
122,32,0.00,0.00,i,
123,32,0.00,0.00,i,4.00
124,32,0.00,0.00,i,
125,32,0.00,0.00,i,
126,32,3.50,,a,5.00
127,32,0.00,0.00,u,
128,32,0.00,0.00,u,
129,32,3.50,100.00,a,
130,32,0.00,,a,
131,32,0.00,0.00,u,
132,32,0.00,0.00,u,
133,32,0.00,0.00,u,
134,32,0.00,0.00,u,
135,32,1.00,100.00,a,
136,32,8.50,100.00,a,2.00
137,32,0.00,0.00,u,
138,32,-0.50,,a,
139,32,11.50,,a,
140,32,-0.50,,a,
141,32,0.00,0.00,u,
142,32,0.00,0.00,u,
143,32,9.50,,a,
144,32,0.00,0.00,u,
145,32,-0.50,100.00,a,
146,32,0.00,0.00,s,
147,32,0.00,0.00,u,
148,32,7.50,,a,
149,32,-0.50,100.00,a,
150,32,0.00,0.00,u,
151,32,8.50,100.00,a,
152,32,1.50,100.00,a,
153,32,0.00,0.00,i,
154,32,0.00,0.00,u,
155,32,0.00,0.00,u,
156,32,-0.50,,a,
157,32,1.50,100.00,a,
158,32,1.50,100.00,a,
159,32,-0.50,100.00,a,
160,32,3.50,100.00,a,
161,32,0.00,0.00,u,
162,32,0.00,0.00,u,
163,32,7.50,100.00,a,
164,32,-0.50,100.00,a,3.00
165,32,0.00,0.00,u,
166,32,8.50,100.00,a,
167,32,1.50,100.00,a,
168,32,0.50,100.00,a,
169,32,10.50,100.00,a,
170,32,0.40,25.00,d,1.00
171,32,0.00,0.00,u,
172,32,0.00,0.00,u,
173,32,18.50,100.00,a,
174,32,0.00,0.00,u,
175,32,0.00,0.00,u,
176,32,0.00,0.00,u,
177,32,0.00,0.00,u,
178,32,13.50,100.00,a,2.00
179,32,0.00,0.00,u,
180,32,0.00,0.00,i,
181,32,-0.50,,a,
182,32,0.50,,a,
183,32,-1.50,,a,
184,32,0.00,0.00,u,
185,32,-1.50,,a,
186,32,0.00,0.00,i,
187,32,0.50,100.00,a,
188,32,0.00,0.00,u,
189,32,0.00,0.00,u,
190,32,-0.50,,a,
191,32,3.50,100.00,a,
192,32,1.50,,a,
193,32,1.50,100.00,a,
194,32,0.00,0.00,i,
195,32,-0.50,100.00,a,
196,32,0.00,0.00,u,
197,32,0.00,0.00,u,
198,32,-1.50,100.00,a,
199,32,-1.50,100.00,a,
200,32,2.50,100.00,a,
201,32,0.00,0.00,u,
202,32,-0.50,100.00,a,3.00
203,32,-1.50,,a,
204,32,0.00,0.00,u,
205,32,0.00,0.00,i,
206,32,1.50,100.00,a,
207,32,-0.10,25.00,d,
208,32,0.00,0.00,u,
209,32,-2.50,100.00,a,
210,32,-0.50,,a,
211,32,0.00,0.00,u,
212,32,0.00,0.00,u,
213,32,0.00,0.00,u,
214,32,-0.50,100.00,a,
215,32,7.50,100.00,a,1.00
216,32,-0.80,50.00,d,
217,32,3.50,100.00,a,
218,32,-0.50,,a,2.00
219,32,0.00,0.00,u,
220,32,4.50,100.00,a,
221,32,0.10,25.00,d,
222,32,0.00,0.00,u,
223,32,0.50,,a,
224,32,1.50,100.00,a,
225,32,0.10,25.00,d,
226,32,0.40,75.00,d,
227,32,0.10,25.00,d,
228,32,2.50,100.00,a,
229,32,0.50,100.00,a,
230,32,5.50,100.00,a,
231,32,0.50,100.00,a,
232,32,1.50,100.00,a,
233,32,1.50,100.00,a,
234,32,0.00,0.00,u,
235,32,6.50,100.00,a,1.00
236,32,4.50,100.00,a,
237,32,2.50,100.00,a,2.00
238,32,2.50,100.00,a,3.00
239,32,0.10,25.00,d,
240,32,0.00,0.00,u,
241,32,4.50,100.00,a,
242,32,5.50,100.00,a,
243,32,0.00,100.00,a,
244,32,2.50,100.00,a,
245,32,0.00,0.00,s,
246,32,3.50,100.00,a,
247,32,0.50,100.00,a,
248,32,0.00,0.00,u,
249,32,4.50,,a,
250,32,2.50,100.00,a,
251,32,0.00,0.00,u,
252,32,0.50,100.00,a,
253,32,2.00,,a,
254,32,0.00,100.00,a,
255,32,0.00,,a,
256,32,4.00,100.00,a,
257,32,3.00,75.00,d,
258,32,5.00,,a,
259,32,1.00,100.00,a,
260,32,30.50,100.00,a,
261,32,2.00,100.00,a,
262,32,0.00,100.00,a,
263,32,0.00,100.00,a,
264,32,0.00,0.00,u,
265,32,0.00,100.00,a,
266,32,1.50,100.00,a,
267,32,1.00,100.00,a,3.00
268,32,0.00,0.00,i,
269,32,0.00,0.00,u,
270,32,2.00,100.00,a,
271,32,1.00,100.00,a,
272,32,5.00,100.00,a,
273,32,0.80,75.00,d,
274,32,0.00,,a,
275,32,0.00,0.00,u,
276,32,0.00,100.00,a,4.00
277,32,0.00,0.00,u,
278,32,0.00,0.00,u,
279,32,0.00,0.00,u,
280,32,0.00,0.00,u,
281,32,0.00,,a,
282,32,0.00,0.00,u,
283,32,12.00,100.00,a,2.00
284,32,0.00,0.00,i,
285,32,0.00,0.00,u,
286,32,0.00,,a,
287,32,3.00,,a,
288,32,-0.50,100.00,a,
289,32,0.00,0.00,u,
290,32,1.50,100.00,a,
291,32,4.00,100.00,a,
292,32,4.50,100.00,a,
293,32,4.50,100.00,a,
294,32,-0.50,100.00,a,
295,32,3.50,100.00,a,
296,32,-0.50,100.00,a,
297,32,0.00,0.00,u,
298,32,-0.50,,a,
299,32,5.50,100.00,a,1.00
300,32,2.00,,a,
301,32,-0.50,100.00,a,
302,32,6.00,100.00,a,
303,32,4.00,,a,2.00
304,32,0.50,100.00,a,
305,32,-0.50,100.00,a,
306,32,-0.50,,a,
307,32,-0.50,,a,
308,32,0.00,0.00,u,
309,32,0.00,0.00,u,
310,32,0.50,,a,
311,32,11.00,,a,3.00
312,32,0.00,0.00,u,
313,32,0.00,0.00,u,
314,32,2.50,,a,
315,32,0.00,0.00,u,
316,32,2.00,100.00,a,
317,32,2.50,100.00,a,
318,32,2.50,100.00,a,
319,32,1.50,,a,
320,32,0.00,,a,
321,32,0.00,,a,
322,32,0.00,0.00,i,
323,32,0.00,,a,
324,32,1.50,100.00,a,
325,32,1.00,100.00,a,
326,32,1.00,100.00,a,
327,32,0.00,0.00,u,
328,32,1.00,100.00,a,
329,32,5.50,100.00,a,3.00
330,32,4.50,,a,
331,32,0.00,100.00,a,
332,32,0.50,100.00,a,
333,32,0.00,0.00,u,
334,32,0.00,0.00,u,
335,32,7.00,100.00,a,
336,32,0.50,100.00,a,
337,32,3.00,100.00,a,1.00
338,32,2.00,100.00,a,
339,32,0.50,,a,
340,32,0.50,,a,
341,32,10.50,,a,
342,32,11.50,100.00,a,
343,32,7.50,100.00,a,
344,32,15.50,100.00,a,
345,32,0.50,100.00,a,
346,32,0.50,,a,
347,32,2.50,100.00,a,
348,32,1.60,25.00,d,
349,32,0.00,0.00,u,
350,32,8.50,,a,
351,32,1.50,100.00,a,
352,32,0.00,0.00,u,
353,32,0.40,25.00,d,
354,32,8.50,100.00,a,
355,32,0.00,0.00,u,
356,32,1.50,,a,
357,32,0.00,0.00,u,
358,32,3.50,100.00,a,
359,32,0.00,0.00,u,
360,32,0.00,0.00,u,
361,32,0.00,0.00,u,
362,32,0.50,100.00,a,3.00
363,32,0.00,0.00,u,
364,32,0.00,0.00,u,
365,32,2.50,100.00,a,2.00
366,32,0.00,0.00,i,
367,32,6.00,,a,
368,32,0.50,,a,
369,32,0.50,,a,
370,32,3.50,100.00,a,
371,32,4.00,,a,
372,32,4.00,,a,
373,32,6.50,,a,
374,32,3.50,100.00,a,
375,32,0.00,0.00,i,
376,32,0.00,0.00,i,
377,32,0.00,0.00,u,
378,32,0.50,100.00,a,
379,32,0.50,,a,
380,32,0.50,,a,
381,32,4.50,100.00,a,1.00
382,32,4.50,100.00,a,
383,32,0.00,0.00,u,
384,32,4.50,100.00,a,3.00
385,32,0.50,100.00,a,
386,32,1.50,100.00,a,4.00
387,32,4.50,100.00,a,2.00
388,32,4.00,100.00,a,
389,32,0.00,100.00,a,
390,32,2.50,100.00,a,
391,32,1.00,100.00,a,
392,32,0.00,0.00,i,
393,32,0.00,0.00,i,
394,32,0.00,0.00,u,
395,32,0.00,0.00,u,
396,32,1.00,,a,
397,32,0.00,0.00,u,
398,32,0.00,0.00,i,
399,32,0.00,0.00,u,
400,32,0.50,100.00,a,
401,32,0.50,100.00,a,
402,32,2.50,100.00,a,
403,32,0.00,0.00,i,
404,32,0.00,0.00,u,
405,32,0.50,,a,
406,32,12.50,100.00,a,
407,32,12.50,100.00,a,4.00
408,32,0.00,0.00,i,
409,32,0.40,75.00,d,
410,32,0.50,100.00,a,
411,32,28.50,100.00,a,
412,32,0.00,0.00,u,
413,32,0.50,100.00,a,2.00
414,32,2.50,100.00,a,
415,32,2.50,100.00,a,
416,32,6.50,100.00,a,
417,32,20.50,100.00,a,
418,32,16.50,100.00,a,3.00
419,32,0.00,0.00,i,
420,32,0.00,0.00,u,
421,32,6.50,100.00,a,
422,32,2.50,100.00,a,
423,32,0.50,100.00,a,
424,32,1.50,100.00,a,
425,32,0.00,0.00,u,
426,32,1.00,,a,5.00
427,32,0.50,,a,
428,32,0.50,100.00,a,
429,32,0.00,0.00,u,
430,32,4.50,100.00,a,1.00
431,32,0.00,,a,
432,32,0.00,0.00,u,
433,32,0.00,0.00,u,
434,32,0.00,,a,
435,32,0.00,,a,
436,32,0.00,0.00,i,
437,32,0.00,0.00,s,
438,32,0.50,100.00,a,
439,32,0.00,,a,
440,32,1.00,100.00,a,
441,32,0.00,0.00,i,
442,32,0.00,0.00,s,
443,32,1.50,100.00,a,
444,32,2.00,,a,
445,32,0.00,0.00,u,
446,32,0.00,,a,
447,32,0.50,100.00,a,
448,32,0.00,,a,
449,32,8.50,100.00,a,1.00
450,32,3.50,100.00,a,
451,32,0.00,0.00,u,
452,32,2.00,100.00,a,
453,32,1.50,,a,
454,32,0.00,0.00,u,
455,32,0.50,100.00,a,
456,32,3.00,100.00,a,
457,32,5.00,100.00,a,
458,32,0.80,75.00,d,
459,32,2.50,,a,
460,32,0.00,0.00,u,
461,32,0.00,,a,
462,32,0.00,,a,
463,32,0.00,0.00,u,
464,32,0.00,0.00,u,
465,32,0.00,0.00,u,
466,32,0.00,100.00,a,
467,32,0.00,,a,
468,32,0.00,0.00,u,
469,32,0.00,100.00,a,
470,32,2.50,100.00,a,
471,32,0.00,,a,
472,32,0.00,0.00,u,
473,32,1.00,100.00,a,
474,32,0.00,0.00,i,
475,32,2.00,100.00,a,
476,32,1.50,100.00,a,
477,32,1.00,100.00,a,
478,32,1.00,100.00,a,
479,32,0.00,0.00,i,
480,32,0.00,0.00,u,
481,32,0.00,,a,
482,32,0.00,0.00,u,
483,32,0.00,,a,
484,32,0.00,0.00,u,
485,32,6.50,100.00,a,1.00
486,32,1.50,100.00,a,
487,32,1.50,,a,
488,32,0.00,75.00,d,2.00
489,32,1.50,100.00,a,
490,32,0.00,0.00,s,
491,32,1.00,100.00,a,
492,32,0.00,0.00,u,
493,32,1.50,100.00,a,
494,32,0.50,100.00,a,
495,32,0.00,0.00,u,
496,32,0.00,0.00,u,
497,32,3.00,100.00,a,
498,32,0.00,0.00,u,
499,32,1.00,100.00,a,
500,32,4.50,100.00,a,
501,32,0.00,,a,
502,32,5.50,100.00,a,
503,32,0.00,0.00,u,
504,32,0.00,0.00,u,
505,32,6.00,,a,
506,32,3.00,75.00,d,
507,32,4.50,100.00,a,
508,32,13.50,100.00,a,
509,32,0.00,0.00,u,
510,32,0.50,100.00,a,
511,32,0.50,,a,
512,32,0.00,0.00,u,
513,32,0.50,,a,
514,32,0.00,0.00,i,
515,32,5.50,100.00,a,2.00
516,32,1.80,25.00,d,
517,32,3.80,75.00,d,4.00
518,32,0.00,0.00,u,
519,32,1.50,100.00,a,
520,32,0.00,0.00,u,
521,32,4.50,100.00,a,
522,32,1.50,100.00,a,
523,32,0.50,100.00,a,
524,32,0.00,0.00,u,
525,32,0.80,75.00,d,1.00
526,32,5.50,100.00,a,3.00
527,32,2.50,100.00,a,
528,32,0.00,0.00,u,
529,32,0.00,0.00,i,
530,32,0.00,0.00,u,
531,32,0.00,100.00,a,
532,32,0.50,,a,
533,32,0.00,0.00,u,
534,32,0.00,0.00,u,
535,32,0.00,100.00,a,
536,32,0.00,0.00,u,
537,32,0.00,0.00,u,
538,32,0.00,0.00,u,
539,32,4.00,100.00,a,
540,32,0.00,0.00,u,
541,32,3.50,100.00,a,
542,32,0.00,0.00,u,
543,32,0.00,0.00,u,
544,32,5.50,100.00,a,1.00
545,32,0.00,0.00,u,
546,32,0.00,100.00,a,
547,32,2.00,100.00,a,2.00
548,32,0.00,0.00,i,
549,32,0.00,0.00,u,
550,32,0.00,,a,
551,32,2.50,,a,
552,32,2.00,100.00,a,
553,32,4.50,100.00,a,
554,32,0.00,,a,
555,32,0.00,0.00,u,
556,32,0.00,0.00,u,
557,32,0.00,,a,
558,32,0.00,0.00,u,
559,32,0.00,0.00,u,
560,32,0.50,100.00,a,
561,32,0.50,,a,
562,32,0.00,,a,
563,32,0.00,0.00,u,
564,32,0.00,0.00,u,
565,32,0.00,0.00,i,
566,32,0.00,,a,
567,32,1.00,,a,
568,32,1.00,100.00,a,
569,32,0.00,0.00,i,
570,32,2.00,100.00,a,
571,32,0.00,0.00,i,
572,32,0.00,100.00,a,
573,32,0.50,100.00,a,
574,32,0.50,100.00,a,
575,32,1.00,100.00,a,
576,32,0.00,0.00,u,
577,32,0.00,0.00,u,
578,32,0.00,0.00,u,
579,32,0.00,0.00,u,
580,32,2.00,,a,
581,32,0.00,0.00,i,
582,32,0.00,0.00,i,3.00
583,32,0.00,0.00,i,
584,32,1.50,100.00,a,
585,32,0.00,100.00,a,
586,32,1.50,100.00,a,
587,32,0.00,100.00,a,
588,32,0.00,0.00,i,
589,32,0.00,0.00,u,
590,32,0.00,0.00,u,
591,32,2.00,100.00,a,
592,32,0.00,0.00,u,
593,32,1.50,100.00,a,
594,32,0.00,0.00,u,
595,32,0.00,,a,
596,32,2.00,100.00,a,2.00
597,32,2.00,100.00,a,5.00
598,32,0.00,0.00,u,
599,32,0.00,0.00,u,
600,32,0.00,100.00,a,
601,32,0.00,0.00,u,
602,32,0.00,0.00,u,
603,32,3.50,100.00,a,
604,32,0.00,0.00,u,
605,32,0.00,,a,
606,32,12.00,100.00,a,
607,32,0.00,0.00,u,
608,32,0.00,100.00,a,
609,32,0.00,100.00,a,
610,32,0.00,100.00,a,
611,32,0.00,0.00,u,
612,32,0.00,0.00,u,
613,32,2.50,100.00,a,
614,32,3.50,100.00,a,
615,32,1.50,100.00,a,
616,32,0.00,0.00,u,
617,32,0.00,0.00,u,
618,32,0.00,0.00,u,
619,32,0.00,0.00,u,
620,32,0.00,0.00,u,
621,32,0.00,0.00,u,
622,32,0.00,0.00,u,
623,32,1.00,100.00,a,
624,32,8.00,,a,2.00
625,32,0.00,0.00,u,
626,32,0.00,0.00,u,
627,32,0.00,0.00,i,
628,32,0.50,100.00,a,
629,32,-0.50,100.00,a,
630,32,-0.50,,a,
631,32,0.00,0.00,u,
632,32,-0.40,75.00,d,
633,32,-0.50,100.00,a,
634,32,0.00,0.00,s,
635,32,-0.50,100.00,a,
636,32,-0.50,100.00,a,
637,32,-0.50,100.00,a,
638,32,0.00,0.00,u,
639,32,0.00,0.00,u,
640,32,-0.50,100.00,a,
641,32,0.00,0.00,u,
642,32,0.50,100.00,a,3.00
643,32,3.50,100.00,a,
644,32,0.50,100.00,a,
645,32,0.00,0.00,u,
646,32,1.50,100.00,a,
647,32,0.00,0.00,u,
648,32,0.00,0.00,u,
649,32,0.00,0.00,u,
650,32,0.00,0.00,u,
651,32,0.50,,a,
652,32,-0.50,,a,
653,32,0.00,0.00,u,
654,32,2.00,100.00,a,
655,32,0.00,0.00,u,
656,32,0.00,0.00,u,
657,32,-0.50,100.00,a,
658,32,-0.50,,a,
659,32,3.00,,a,
660,32,0.90,25.00,d,
661,32,0.00,0.00,i,
662,32,1.50,100.00,a,
663,32,0.00,0.00,u,
664,32,0.00,,a,
665,32,0.50,100.00,a,
666,32,5.50,100.00,a,2.00
667,32,-0.50,100.00,a,
668,32,4.50,100.00,a,
669,32,1.50,100.00,a,
670,32,5.50,100.00,a,
671,32,1.00,100.00,a,
672,32,2.50,100.00,a,
673,32,0.50,100.00,a,
674,32,1.50,,a,
675,32,0.50,100.00,a,
676,32,2.50,100.00,a,
677,32,0.00,0.00,i,
678,32,0.00,0.00,u,
679,32,4.50,,a,
680,32,-0.50,100.00,a,
681,32,1.00,100.00,a,
682,32,-0.50,,a,
683,32,4.50,100.00,a,
684,32,1.00,,a,
685,32,0.00,100.00,a,
686,32,6.50,,a,
687,32,0.00,,a,
688,32,0.00,,a,
689,32,0.00,,a,
690,32,0.00,100.00,a,
691,32,4.50,100.00,a,1.00
692,32,0.00,0.00,i,
693,32,2.50,,a,
694,32,7.00,100.00,a,
695,32,-0.50,,a,
696,32,0.00,0.00,u,
697,32,2.00,,a,
698,32,16.50,100.00,a,
699,32,1.00,100.00,a,
700,32,1.50,100.00,a,
701,32,0.00,0.00,u,
702,32,0.00,,a,
703,32,0.00,,a,
704,32,0.00,0.00,u,
705,32,0.00,0.00,u,
706,32,7.50,100.00,a,
707,32,-0.50,,a,
708,32,2.00,100.00,a,
709,32,-0.50,100.00,a,
710,32,0.00,,a,
711,32,0.50,,a,
712,32,2.00,100.00,a,
713,32,2.00,,a,
714,32,3.00,100.00,a,3.00
715,32,0.00,0.00,i,
716,32,0.00,0.00,i,
717,32,1.00,100.00,a,4.00
718,32,1.00,,a,
719,32,1.00,100.00,a,
720,32,0.50,,a,5.00
721,32,0.00,100.00,a,
722,32,-0.50,,a,
723,32,4.00,100.00,a,
724,32,1.50,,a,
725,32,0.50,100.00,a,
726,32,1.50,100.00,a,
727,32,1.00,100.00,a,
728,32,0.00,100.00,a,
729,32,0.00,0.00,u,
730,32,4.50,100.00,a,
731,32,0.00,0.00,i,
732,32,0.00,,a,
733,32,2.00,,a,
734,32,0.50,100.00,a,
735,32,0.00,0.00,i,
736,32,14.50,,a,
737,32,0.00,,a,
738,32,0.00,100.00,a,
739,32,0.00,0.00,u,
740,32,0.00,0.00,u,
741,32,0.00,0.00,u,
742,32,0.50,,a,
743,32,0.50,,a,
744,32,-0.50,,a,
745,32,0.00,,a,
746,32,0.50,,a,
747,32,0.00,,a,
748,32,0.00,25.00,d,
749,32,0.50,,a,
750,32,0.00,,a,
751,32,0.00,0.00,u,
752,32,0.00,,a,
753,32,0.00,,a,
754,32,0.00,,a,
755,32,0.00,100.00,a,
756,32,0.00,,a,
757,32,0.00,,a,
758,32,0.50,,a,
759,32,0.50,,a,
760,32,0.50,,a,
761,32,-0.50,,a,
762,32,0.00,,a,
763,32,0.50,,a,
764,32,0.50,,a,
765,32,0.00,,a,
766,32,-0.50,,a,
767,32,-0.50,,a,
768,32,0.00,,a,
769,32,0.00,,a,
770,32,0.00,,a,
771,32,0.00,,a,
772,32,0.00,,a,
773,32,0.00,,a,
774,32,0.00,,a,
775,32,0.00,0.00,u,
776,32,-1.50,,a,
777,32,0.00,0.00,u,
778,32,-0.50,,a,
779,32,-0.50,,a,
780,32,0.00,,a,
781,32,0.00,,a,
782,32,0.00,,a,
783,32,7.50,,a,
784,32,-1.50,,a,
785,32,3.50,100.00,a,
786,32,0.00,,a,
787,32,0.50,,a,
788,32,0.00,,a,
789,32,0.50,,a,
790,32,0.00,,a,
791,32,6.00,,a,
792,32,0.00,100.00,a,
793,32,0.00,,a,
794,32,0.50,100.00,a,
795,32,-0.50,,a,
796,32,1.50,100.00,a,
797,32,0.00,0.00,i,
798,32,0.00,0.00,u,
799,32,0.00,,a,
800,32,0.00,0.00,i,
801,32,1.00,,a,
802,32,0.00,,a,
803,32,0.50,,a,
804,32,0.00,,a,
805,32,0.50,,a,
806,32,0.00,,a,
807,32,4.00,,a,
808,32,1.00,,a,
809,32,-0.50,,a,
810,32,0.00,,a,
811,32,0.00,,a,
812,32,1.50,,a,
813,32,0.00,0.00,i,
814,32,0.50,,a,
815,32,3.50,,a,
816,32,1.50,100.00,a,
817,32,1.50,,a,
818,32,0.00,,a,
819,32,0.00,,a,
820,32,-1.50,,a,
821,32,0.00,,a,
822,32,0.00,,a,
823,32,0.00,,a,
824,32,0.00,,a,
825,32,0.00,,a,
826,32,1.30,,a,
1,33,2.00,,a,
2,33,1.00,,a,
3,33,0.00,0.00,u,
4,33,1.00,,a,
5,33,3.00,100.00,a,
6,33,3.00,100.00,a,
7,33,0.80,75.00,d,
8,33,0.80,75.00,d,
9,33,0.00,0.00,u,
10,33,1.50,,a,
11,33,2.00,100.00,a,
12,33,0.00,0.00,u,
13,33,1.00,,a,
14,33,0.00,0.00,u,
15,33,1.00,,a,
16,33,0.00,0.00,i,1.00
17,33,2.00,100.00,a,3.00
18,33,2.00,100.00,a,
19,33,2.00,100.00,a,
20,33,2.00,100.00,a,4.00
21,33,4.00,100.00,a,
22,33,0.00,0.00,i,
23,33,0.00,0.00,u,
24,33,1.00,100.00,a,
25,33,0.00,0.00,u,
26,33,4.00,100.00,a,
27,33,0.00,100.00,a,
28,33,0.00,0.00,u,
29,33,0.00,0.00,u,
30,33,4.50,100.00,a,
31,33,1.50,100.00,a,
32,33,1.00,100.00,a,
33,33,1.50,100.00,a,
34,33,0.00,0.00,u,
35,33,0.00,0.00,u,
36,33,1.00,100.00,a,
37,33,2.50,100.00,a,
38,33,0.50,100.00,a,
39,33,3.00,,a,
40,33,0.50,100.00,a,
41,33,1.00,100.00,a,
42,33,0.50,100.00,a,
43,33,0.00,0.00,u,
44,33,0.00,100.00,a,
45,33,0.00,0.00,u,
46,33,0.00,0.00,u,
47,33,7.00,100.00,a,
48,33,2.00,100.00,a,
49,33,0.00,100.00,a,
50,33,1.00,100.00,a,2.00
51,33,0.00,0.00,u,
52,33,0.50,100.00,a,
53,33,0.00,0.00,u,
54,33,3.00,100.00,a,
55,33,2.00,100.00,a,
56,33,0.00,0.00,u,
57,33,0.00,0.00,u,
58,33,0.00,0.00,i,
59,33,2.00,100.00,a,
60,33,0.00,0.00,u,
61,33,0.00,0.00,u,
62,33,0.00,0.00,u,
63,33,0.00,0.00,u,
64,33,9.00,100.00,a,3.00
65,33,0.00,0.00,u,
66,33,0.00,0.00,u,
67,33,0.00,,a,
68,33,0.00,0.00,u,
69,33,0.00,,a,
70,33,0.00,0.00,u,
71,33,0.00,0.00,u,
72,33,0.00,100.00,a,
73,33,0.00,100.00,a,
74,33,0.00,,a,
75,33,0.00,100.00,a,
76,33,0.00,,a,
77,33,0.00,,a,
78,33,0.00,0.00,u,
79,33,0.00,0.00,u,
80,33,0.00,100.00,a,
81,33,0.00,0.00,i,1.00
82,33,0.00,100.00,a,
83,33,2.00,100.00,a,
84,33,0.00,100.00,a,4.00
85,33,0.00,100.00,a,
86,33,0.00,100.00,a,
87,33,0.00,100.00,a,
88,33,0.00,25.00,d,
89,33,0.00,0.00,u,
90,33,0.00,100.00,a,
91,33,0.00,0.00,u,
92,33,0.00,0.00,u,
93,33,0.00,0.00,u,
94,33,0.00,0.00,u,
95,33,0.00,0.00,u,
96,33,0.00,0.00,u,
97,33,0.00,100.00,a,
98,33,0.00,100.00,a,
99,33,0.00,0.00,u,
100,33,0.00,100.00,a,2.00
101,33,3.50,100.00,a,
102,33,-0.50,,a,
103,33,0.00,0.00,u,
104,33,-0.50,,a,
105,33,-0.50,,a,
106,33,4.00,,a,
107,33,3.00,,a,
108,33,-0.50,100.00,a,
109,33,0.00,0.00,i,
110,33,5.50,100.00,a,
111,33,-0.50,100.00,a,
112,33,0.00,0.00,u,
113,33,4.00,100.00,a,
114,33,0.00,0.00,u,
115,33,0.00,0.00,u,
116,33,-0.50,100.00,a,
117,33,0.00,0.00,u,
118,33,0.00,0.00,u,
119,33,1.90,75.00,d,
120,33,3.50,100.00,a,3.00
121,33,2.50,100.00,a,
122,33,0.00,0.00,i,
123,33,0.00,0.00,i,4.00
124,33,0.00,0.00,i,
125,33,0.00,0.00,i,
126,33,2.00,,a,5.00
127,33,0.00,0.00,u,
128,33,0.00,0.00,u,
129,33,3.00,100.00,a,
130,33,-0.50,,a,
131,33,0.00,0.00,u,
132,33,0.00,0.00,u,
133,33,0.00,0.00,u,
134,33,0.00,0.00,u,
135,33,-0.50,100.00,a,
136,33,7.00,100.00,a,2.00
137,33,0.00,0.00,u,
138,33,0.00,,a,
139,33,0.00,,a,
140,33,0.00,,a,
141,33,0.00,0.00,u,
142,33,0.00,0.00,u,
143,33,0.00,,a,
144,33,0.00,0.00,u,
145,33,0.00,100.00,a,
146,33,0.00,100.00,a,
147,33,0.00,0.00,u,
148,33,0.00,,a,
149,33,0.00,100.00,a,
150,33,0.00,0.00,u,
151,33,0.00,100.00,a,
152,33,0.00,100.00,a,
153,33,0.00,0.00,i,
154,33,0.00,0.00,u,
155,33,0.00,0.00,u,
156,33,0.00,,a,
157,33,0.00,100.00,a,
158,33,0.00,100.00,a,
159,33,0.00,75.00,d,
160,33,0.00,100.00,a,
161,33,0.00,0.00,u,
162,33,0.00,0.00,u,
163,33,0.00,100.00,a,
164,33,0.00,100.00,a,3.00
165,33,0.00,0.00,u,
166,33,0.00,100.00,a,
167,33,0.00,100.00,a,
168,33,0.00,100.00,a,
169,33,0.00,50.00,d,
170,33,0.00,25.00,d,1.00
171,33,0.00,0.00,u,
172,33,0.00,0.00,u,
173,33,0.00,100.00,a,
174,33,0.00,0.00,u,
175,33,0.00,0.00,u,
176,33,0.00,0.00,u,
177,33,0.00,0.00,u,
178,33,0.00,100.00,a,2.00
179,33,0.00,0.00,u,
180,33,0.00,0.00,i,
181,33,0.00,,a,
182,33,0.00,,a,
183,33,0.00,,a,
184,33,0.00,0.00,u,
185,33,0.00,,a,
186,33,0.00,0.00,i,
187,33,0.00,100.00,a,
188,33,0.00,0.00,u,
189,33,0.00,0.00,u,
190,33,0.00,,a,
191,33,0.00,100.00,a,
192,33,0.00,,a,
193,33,0.00,100.00,a,
194,33,0.00,0.00,i,
195,33,0.00,100.00,a,
196,33,0.00,0.00,u,
197,33,0.00,0.00,u,
198,33,0.00,100.00,a,
199,33,0.00,100.00,a,
200,33,0.00,100.00,a,
201,33,0.00,0.00,u,
202,33,0.00,100.00,a,3.00
203,33,0.00,,a,
204,33,0.00,0.00,u,
205,33,0.00,0.00,i,
206,33,0.00,100.00,a,
207,33,0.00,25.00,d,
208,33,0.00,0.00,u,
209,33,0.00,100.00,a,
210,33,0.00,,a,
211,33,0.00,0.00,u,
212,33,0.00,0.00,u,
213,33,0.00,0.00,u,
214,33,0.00,100.00,a,
215,33,0.00,100.00,a,1.00
216,33,0.00,50.00,d,
217,33,0.00,100.00,a,
218,33,0.00,,a,2.00
219,33,0.00,0.00,u,
220,33,0.00,100.00,a,
221,33,0.00,25.00,d,
222,33,0.00,0.00,u,
223,33,0.00,,a,
224,33,0.00,100.00,a,
225,33,0.00,25.00,d,
226,33,0.00,100.00,a,
227,33,0.00,25.00,d,
228,33,0.00,100.00,a,
229,33,0.00,100.00,a,
230,33,0.00,100.00,a,
231,33,0.00,100.00,a,
232,33,0.00,100.00,a,
233,33,0.00,100.00,a,
234,33,0.00,0.00,u,
235,33,0.00,100.00,a,1.00
236,33,0.00,100.00,a,
237,33,0.00,100.00,a,2.00
238,33,0.00,75.00,d,3.00
239,33,0.00,25.00,d,
240,33,0.00,0.00,u,
241,33,0.00,100.00,a,
242,33,7.50,100.00,a,
243,33,1.00,100.00,a,
244,33,0.00,100.00,a,
245,33,0.00,0.00,s,
246,33,0.00,100.00,a,
247,33,0.00,100.00,a,
248,33,0.00,0.00,u,
249,33,0.00,,a,
250,33,0.00,100.00,a,
251,33,0.00,0.00,u,
252,33,0.00,100.00,a,
253,33,4.00,,a,
254,33,-0.50,100.00,a,
255,33,-0.50,,a,
256,33,5.00,100.00,a,
257,33,7.00,100.00,a,
258,33,5.50,,a,
259,33,0.00,100.00,a,
260,33,0.00,100.00,a,
261,33,3.50,100.00,a,
262,33,-0.50,100.00,a,
263,33,-0.50,100.00,a,
264,33,0.00,0.00,u,
265,33,-0.50,100.00,a,
266,33,2.50,100.00,a,
267,33,0.50,100.00,a,3.00
268,33,0.00,0.00,i,
269,33,0.00,0.00,u,
270,33,1.00,100.00,a,
271,33,0.50,100.00,a,
272,33,3.50,100.00,a,
273,33,0.00,75.00,d,
274,33,-0.50,,a,
275,33,0.00,0.00,u,
276,33,0.00,100.00,a,4.00
277,33,0.00,0.00,u,
278,33,0.00,0.00,u,
279,33,0.00,0.00,u,
280,33,0.00,0.00,u,
281,33,-0.50,,a,
282,33,0.00,0.00,u,
283,33,6.00,100.00,a,2.00
284,33,0.00,0.00,i,
285,33,0.00,0.00,u,
286,33,-0.50,,a,
287,33,0.50,,a,
288,33,0.00,100.00,a,
289,33,0.00,0.00,u,
290,33,0.00,0.00,i,
291,33,2.00,100.00,a,
292,33,3.00,100.00,a,
293,33,2.50,100.00,a,
294,33,0.00,100.00,a,
295,33,0.50,100.00,a,
296,33,0.00,100.00,a,
297,33,0.00,0.00,u,
298,33,0.00,,a,
299,33,3.00,100.00,a,1.00
300,33,2.00,,a,
301,33,0.00,100.00,a,
302,33,3.50,100.00,a,
303,33,3.00,,a,2.00
304,33,0.50,100.00,a,
305,33,0.00,100.00,a,
306,33,0.00,,a,
307,33,0.00,,a,
308,33,0.00,0.00,u,
309,33,0.00,0.00,u,
310,33,1.00,,a,
311,33,6.00,75.00,d,3.00
312,33,0.00,0.00,u,
313,33,0.00,0.00,u,
314,33,6.00,,a,
315,33,0.00,0.00,u,
316,33,2.00,100.00,a,
317,33,3.50,100.00,a,
318,33,4.50,100.00,a,
319,33,4.00,,a,
320,33,0.00,,a,
321,33,0.00,,a,
322,33,0.00,0.00,i,
323,33,0.00,,a,
324,33,1.10,75.00,d,
325,33,2.00,100.00,a,
326,33,0.50,100.00,a,
327,33,0.00,0.00,u,
328,33,2.00,100.00,a,
329,33,2.50,100.00,a,3.00
330,33,2.00,,a,
331,33,1.50,100.00,a,
332,33,1.50,100.00,a,
333,33,0.00,0.00,u,
334,33,0.00,0.00,u,
335,33,1.00,100.00,a,
336,33,0.00,100.00,a,
337,33,1.00,100.00,a,1.00
338,33,2.00,100.00,a,
339,33,0.00,,a,
340,33,0.00,,a,
341,33,0.00,,a,
342,33,0.00,100.00,a,
343,33,0.00,100.00,a,
344,33,0.00,100.00,a,
345,33,0.00,100.00,a,
346,33,0.00,,a,
347,33,0.00,100.00,a,
348,33,0.00,100.00,a,
349,33,0.00,0.00,u,
350,33,0.00,,a,
351,33,0.00,100.00,a,
352,33,0.00,0.00,u,
353,33,0.00,100.00,a,
354,33,0.00,100.00,a,
355,33,0.00,0.00,u,
356,33,0.00,,a,
357,33,0.00,0.00,u,
358,33,0.00,100.00,a,
359,33,0.00,0.00,u,
360,33,0.00,0.00,u,
361,33,0.00,0.00,u,
362,33,0.00,100.00,a,3.00
363,33,0.00,0.00,u,
364,33,0.00,0.00,u,
365,33,0.00,100.00,a,2.00
366,33,0.00,0.00,i,
367,33,1.40,25.00,d,
368,33,0.50,,a,
369,33,1.00,,a,
370,33,4.00,100.00,a,
371,33,1.00,,a,
372,33,4.50,,a,
373,33,9.00,,a,
374,33,5.50,100.00,a,
375,33,0.00,0.00,i,
376,33,0.00,0.00,i,
377,33,0.00,0.00,u,
378,33,0.50,100.00,a,
379,33,0.50,,a,
380,33,0.50,,a,
381,33,9.50,100.00,a,1.00
382,33,4.50,100.00,a,
383,33,0.00,0.00,u,
384,33,6.00,100.00,a,3.00
385,33,0.50,100.00,a,
386,33,1.50,100.00,a,4.00
387,33,5.50,100.00,a,2.00
388,33,3.00,100.00,a,
389,33,0.00,100.00,a,
390,33,2.00,100.00,a,
391,33,0.00,100.00,a,
392,33,0.00,0.00,i,
393,33,0.00,0.00,i,
394,33,0.00,0.00,u,
395,33,0.00,0.00,u,
396,33,1.00,,a,
397,33,0.00,0.00,u,
398,33,0.00,0.00,i,
399,33,0.00,0.00,u,
400,33,0.00,100.00,a,
401,33,0.00,100.00,a,
402,33,0.00,100.00,a,
403,33,0.00,0.00,i,
404,33,0.00,0.00,u,
405,33,0.00,,a,
406,33,0.00,100.00,a,
407,33,0.00,100.00,a,4.00
408,33,0.00,0.00,i,
409,33,0.00,100.00,a,
410,33,0.00,100.00,a,
411,33,0.00,100.00,a,
412,33,0.00,0.00,u,
413,33,0.00,100.00,a,2.00
414,33,0.00,100.00,a,
415,33,0.00,100.00,a,
416,33,0.00,100.00,a,
417,33,0.00,100.00,a,
418,33,0.00,100.00,a,3.00
419,33,0.00,0.00,i,
420,33,0.00,0.00,u,
421,33,0.00,100.00,a,
422,33,0.00,100.00,a,
423,33,0.00,100.00,a,
424,33,1.00,100.00,a,
425,33,0.00,0.00,u,
426,33,0.00,,a,5.00
427,33,0.00,,a,
428,33,0.00,100.00,a,
429,33,0.00,0.00,u,
430,33,0.00,100.00,a,1.00
431,33,0.50,,a,
432,33,0.00,0.00,u,
433,33,0.00,0.00,u,
434,33,0.50,,a,
435,33,0.50,,a,
436,33,0.00,0.00,i,
437,33,0.00,0.00,s,
438,33,4.00,100.00,a,
439,33,0.50,,a,
440,33,4.00,100.00,a,
441,33,0.00,0.00,i,
442,33,0.50,100.00,a,
443,33,6.00,100.00,a,
444,33,1.50,75.00,d,
445,33,0.00,0.00,u,
446,33,0.50,,a,
447,33,6.00,100.00,a,
448,33,0.50,,a,
449,33,5.50,100.00,a,1.00
450,33,4.50,100.00,a,
451,33,0.00,0.00,u,
452,33,2.00,100.00,a,
453,33,0.00,,a,
454,33,0.00,0.00,u,
455,33,0.50,100.00,a,
456,33,0.50,100.00,a,
457,33,7.50,100.00,a,
458,33,2.50,100.00,a,
459,33,2.50,,a,
460,33,0.00,0.00,u,
461,33,0.50,,a,
462,33,0.50,,a,
463,33,0.00,0.00,u,
464,33,0.00,0.00,u,
465,33,0.00,0.00,u,
466,33,1.00,100.00,a,
467,33,0.50,,a,
468,33,0.00,0.00,u,
469,33,-1.00,100.00,a,
470,33,0.00,100.00,a,
471,33,-1.00,,a,
472,33,0.00,0.00,u,
473,33,0.00,100.00,a,
474,33,0.00,0.00,i,
475,33,1.50,100.00,a,
476,33,-0.50,100.00,a,
477,33,0.40,75.00,d,
478,33,-0.50,100.00,a,
479,33,0.00,0.00,i,
480,33,0.00,0.00,u,
481,33,-1.00,,a,
482,33,0.00,0.00,u,
483,33,-1.00,,a,
484,33,0.00,0.00,u,
485,33,0.40,75.00,d,1.00
486,33,0.50,100.00,a,
487,33,0.50,,a,
488,33,-0.50,100.00,a,2.00
489,33,0.00,100.00,a,
490,33,0.00,0.00,s,
491,33,1.00,100.00,a,
492,33,0.00,0.00,u,
493,33,0.00,100.00,a,
494,33,-1.00,100.00,a,
495,33,0.00,0.00,u,
496,33,0.00,0.00,u,
497,33,4.00,100.00,a,
498,33,0.00,0.00,u,
499,33,2.00,100.00,a,
500,33,7.50,100.00,a,
501,33,-1.00,,a,
502,33,2.50,100.00,a,
503,33,0.00,0.00,u,
504,33,0.00,0.00,u,
505,33,3.50,,a,
506,33,0.00,0.00,i,
507,33,2.00,100.00,a,
508,33,6.50,100.00,a,
509,33,0.00,0.00,u,
510,33,0.50,100.00,a,
511,33,0.50,,a,
512,33,0.00,0.00,u,
513,33,0.00,,a,
514,33,0.00,0.00,i,
515,33,11.00,100.00,a,2.00
516,33,0.00,0.00,i,
517,33,3.00,100.00,a,4.00
518,33,0.00,0.00,u,
519,33,2.50,100.00,a,
520,33,0.00,0.00,u,
521,33,4.00,100.00,a,
522,33,2.50,100.00,a,
523,33,0.00,100.00,a,
524,33,0.00,0.00,u,
525,33,1.50,100.00,a,1.00
526,33,4.50,100.00,a,3.00
527,33,0.00,100.00,a,
528,33,0.00,0.00,u,
529,33,0.00,0.00,i,
530,33,0.00,0.00,u,
531,33,0.00,100.00,a,
532,33,3.50,,a,
533,33,0.00,0.00,u,
534,33,0.00,0.00,u,
535,33,0.00,100.00,a,
536,33,0.00,0.00,u,
537,33,0.00,0.00,u,
538,33,0.00,0.00,u,
539,33,3.00,100.00,a,
540,33,0.00,0.00,u,
541,33,4.00,100.00,a,
542,33,0.00,0.00,u,
543,33,0.00,0.00,u,
544,33,4.00,100.00,a,1.00
545,33,0.00,0.00,u,
546,33,0.00,100.00,a,
547,33,6.00,100.00,a,2.00
548,33,0.00,0.00,i,
549,33,0.00,0.00,u,
550,33,0.00,,a,
551,33,4.50,,a,
552,33,3.50,100.00,a,
553,33,1.00,100.00,a,
554,33,0.00,,a,
555,33,0.00,0.00,u,
556,33,0.00,0.00,u,
557,33,0.00,,a,
558,33,0.00,0.00,u,
559,33,0.00,0.00,u,
560,33,3.00,100.00,a,
561,33,0.00,,a,
562,33,0.00,,a,
563,33,0.00,0.00,u,
564,33,0.00,0.00,u,
565,33,0.20,50.00,d,
566,33,0.50,,a,
567,33,2.00,,a,
568,33,6.00,100.00,a,
569,33,0.00,0.00,i,
570,33,2.00,100.00,a,
571,33,0.00,0.00,i,
572,33,0.50,100.00,a,
573,33,1.00,100.00,a,
574,33,2.50,100.00,a,
575,33,1.50,100.00,a,
576,33,0.00,0.00,u,
577,33,0.00,0.00,u,
578,33,0.00,0.00,u,
579,33,0.00,0.00,u,
580,33,1.50,,a,
581,33,0.50,100.00,a,
582,33,0.00,0.00,i,3.00
583,33,0.00,0.00,i,
584,33,1.50,100.00,a,
585,33,2.50,100.00,a,
586,33,3.50,100.00,a,
587,33,0.50,100.00,a,
588,33,0.00,0.00,i,
589,33,0.00,0.00,u,
590,33,0.00,0.00,u,
591,33,2.00,100.00,a,
592,33,0.00,0.00,u,
593,33,1.00,100.00,a,
594,33,0.00,0.00,u,
595,33,0.50,,a,
596,33,2.50,100.00,a,2.00
597,33,1.50,100.00,a,5.00
598,33,0.00,0.00,u,
599,33,0.00,0.00,u,
600,33,0.00,100.00,a,
601,33,0.00,0.00,u,
602,33,0.00,0.00,u,
603,33,5.50,100.00,a,
604,33,0.00,0.00,u,
605,33,0.00,,a,
606,33,13.50,100.00,a,
607,33,0.00,0.00,u,
608,33,0.00,100.00,a,
609,33,0.00,100.00,a,
610,33,0.00,100.00,a,
611,33,0.00,0.00,u,
612,33,0.00,0.00,u,
613,33,3.00,100.00,a,
614,33,0.00,100.00,a,
615,33,3.00,100.00,a,
616,33,0.00,0.00,u,
617,33,0.00,0.00,u,
618,33,0.00,0.00,u,
619,33,0.00,0.00,u,
620,33,0.00,0.00,u,
621,33,0.00,0.00,u,
622,33,0.00,0.00,u,
623,33,0.50,100.00,a,
624,33,8.00,,a,2.00
625,33,0.00,0.00,u,
626,33,0.00,0.00,u,
627,33,0.00,0.00,i,
628,33,0.00,75.00,d,
629,33,0.50,100.00,a,
630,33,0.00,,a,
631,33,0.00,0.00,u,
632,33,-0.40,75.00,d,
633,33,-0.50,100.00,a,
634,33,0.00,0.00,s,
635,33,0.00,100.00,a,
636,33,1.00,100.00,a,
637,33,1.00,100.00,a,
638,33,0.00,0.00,u,
639,33,0.00,0.00,u,
640,33,0.00,100.00,a,
641,33,0.00,0.00,u,
642,33,0.50,100.00,a,3.00
643,33,3.50,100.00,a,
644,33,1.00,100.00,a,
645,33,0.00,0.00,u,
646,33,1.50,100.00,a,
647,33,0.00,0.00,u,
648,33,0.00,0.00,u,
649,33,0.00,0.00,u,
650,33,0.00,0.00,u,
651,33,0.00,,a,
652,33,-0.50,,a,
653,33,0.00,0.00,u,
654,33,1.00,100.00,a,
655,33,0.00,0.00,u,
656,33,0.00,0.00,u,
657,33,-0.50,100.00,a,
658,33,-0.50,,a,
659,33,6.00,,a,
660,33,0.00,50.00,d,
661,33,0.00,0.00,i,
662,33,1.50,100.00,a,
663,33,0.00,0.00,u,
664,33,0.00,,a,
665,33,0.00,100.00,a,
666,33,4.00,100.00,a,2.00
667,33,0.00,100.00,a,
668,33,3.50,100.00,a,
669,33,0.50,100.00,a,
670,33,6.00,100.00,a,
671,33,1.00,100.00,a,
672,33,0.00,100.00,a,
673,33,1.50,100.00,a,
674,33,0.00,,a,
675,33,0.00,100.00,a,
676,33,0.00,100.00,a,
677,33,0.00,0.00,i,
678,33,0.00,0.00,u,
679,33,6.50,,a,
680,33,0.00,100.00,a,
681,33,2.50,100.00,a,
682,33,-0.50,,a,
683,33,4.50,100.00,a,
684,33,0.50,,a,
685,33,0.00,100.00,a,
686,33,6.50,,a,
687,33,0.00,,a,
688,33,0.00,,a,
689,33,-1.00,,a,
690,33,-0.50,100.00,a,
691,33,0.00,100.00,a,1.00
692,33,0.00,0.00,i,
693,33,3.00,,a,
694,33,6.50,100.00,a,
695,33,-0.50,,a,
696,33,0.00,0.00,u,
697,33,0.00,,a,
698,33,0.00,100.00,a,
699,33,0.50,100.00,a,
700,33,1.50,100.00,a,
701,33,0.00,0.00,u,
702,33,0.00,,a,
703,33,0.00,,a,
704,33,0.00,0.00,u,
705,33,0.00,0.00,u,
706,33,0.00,100.00,a,
707,33,0.00,,a,
708,33,3.50,100.00,a,
709,33,0.00,75.00,d,
710,33,0.00,,a,
711,33,1.00,,a,
712,33,1.00,100.00,a,
713,33,0.00,,a,
714,33,0.00,100.00,a,3.00
715,33,0.00,0.00,i,
716,33,0.00,0.00,i,
717,33,6.50,100.00,a,4.00
718,33,0.50,,a,
719,33,1.00,100.00,a,
720,33,0.00,,a,5.00
721,33,0.00,100.00,a,
722,33,0.00,,a,
723,33,6.50,100.00,a,
724,33,0.00,,a,
725,33,1.50,100.00,a,
726,33,2.00,100.00,a,
727,33,1.00,100.00,a,
728,33,0.00,100.00,a,
729,33,0.00,0.00,u,
730,33,1.50,100.00,a,
731,33,0.00,0.00,i,
732,33,-0.50,,a,
733,33,6.50,,a,
734,33,0.50,100.00,a,
735,33,0.00,0.00,i,
736,33,0.00,,a,
737,33,0.00,,a,
738,33,0.00,100.00,a,
739,33,0.00,0.00,u,
740,33,0.00,0.00,u,
741,33,0.00,0.00,u,
742,33,0.00,,a,
743,33,0.00,,a,
744,33,0.00,,a,
745,33,0.50,,a,
746,33,0.50,,a,
747,33,0.00,,a,
748,33,-0.10,25.00,d,
749,33,0.50,,a,
750,33,0.50,,a,
751,33,0.00,0.00,u,
752,33,0.00,,a,
753,33,-1.00,,a,
754,33,0.00,,a,
755,33,0.50,100.00,a,
756,33,0.00,,a,
757,33,0.00,,a,
758,33,0.50,,a,
759,33,1.00,,a,
760,33,0.50,,a,
761,33,0.00,,a,
762,33,-0.50,,a,
763,33,0.00,,a,
764,33,0.00,,a,
765,33,-1.00,,a,
766,33,-0.50,,a,
767,33,-0.50,,a,
768,33,0.00,,a,
769,33,0.50,,a,
770,33,0.00,,a,
771,33,0.50,,a,
772,33,-1.00,,a,
773,33,-0.50,,a,
774,33,0.00,,a,
775,33,0.00,0.00,u,
776,33,0.00,,a,
777,33,0.00,0.00,u,
778,33,-0.50,,a,
779,33,0.00,,a,
780,33,-0.50,,a,
781,33,0.00,,a,
782,33,0.00,,a,
783,33,0.00,,a,
784,33,0.00,,a,
785,33,3.50,100.00,a,
786,33,0.00,,a,
787,33,0.00,,a,
788,33,0.50,,a,
789,33,0.00,,a,
790,33,0.50,,a,
791,33,6.50,,a,
792,33,0.00,100.00,a,
793,33,-0.50,,a,
794,33,0.00,100.00,a,
795,33,0.00,,a,
796,33,2.50,100.00,a,
797,33,0.00,0.00,i,
798,33,0.00,0.00,u,
799,33,0.00,,a,
800,33,0.00,25.00,d,
801,33,0.00,,a,
802,33,0.00,,a,
803,33,0.00,,a,
804,33,0.50,,a,
805,33,0.00,,a,
806,33,0.00,,a,
807,33,0.00,,a,
808,33,3.00,,a,
809,33,-0.50,,a,
810,33,-0.50,,a,
811,33,0.50,,a,
812,33,0.00,,a,
813,33,0.00,0.00,i,
814,33,0.00,,a,
815,33,7.50,,a,
816,33,0.80,75.00,d,
817,33,1.50,,a,
818,33,0.50,,a,
819,33,-0.50,,a,
820,33,0.00,,a,
821,33,0.00,,a,
822,33,0.00,,a,
823,33,-0.50,,a,
824,33,-0.50,,a,
825,33,0.00,,a,
826,33,-0.50,,a,
827,33,1.80,,a,
828,33,1.00,,a,
829,33,0.00,,a,
1,34,5.00,,a,
2,34,1.00,,a,
3,34,0.00,0.00,u,
4,34,1.00,,a,
5,34,5.00,100.00,a,
6,34,4.70,100.00,a,
7,34,1.00,100.00,a,
8,34,0.00,0.00,i,
9,34,0.00,0.00,u,
10,34,1.70,,a,
11,34,3.70,100.00,a,
12,34,0.00,0.00,u,
13,34,1.00,,a,
14,34,0.00,0.00,u,
15,34,1.00,,a,
16,34,1.30,100.00,a,1.00
17,34,2.70,100.00,a,3.00
18,34,2.70,100.00,a,
19,34,1.70,100.00,a,
20,34,1.70,100.00,a,4.00
21,34,3.70,100.00,a,
22,34,0.00,0.00,i,
23,34,0.00,0.00,u,
24,34,1.00,100.00,a,
25,34,0.00,0.00,u,
26,34,4.70,100.00,a,
27,34,1.70,100.00,a,
28,34,0.00,0.00,u,
29,34,0.00,0.00,u,
30,34,3.50,75.00,d,
31,34,1.30,100.00,a,
32,34,1.70,100.00,a,
33,34,1.00,100.00,a,
34,34,0.00,0.00,u,
35,34,0.00,0.00,u,
36,34,1.30,100.00,a,
37,34,2.30,100.00,a,
38,34,1.00,100.00,a,
39,34,2.00,,a,
40,34,0.30,100.00,a,
41,34,1.00,100.00,a,
42,34,0.30,100.00,a,
43,34,0.00,0.00,u,
44,34,0.70,100.00,a,
45,34,0.00,0.00,u,
46,34,0.00,0.00,u,
47,34,5.30,100.00,a,
48,34,2.00,100.00,a,
49,34,0.30,100.00,a,
50,34,1.30,100.00,a,2.00
51,34,0.00,0.00,u,
52,34,1.20,100.00,a,
53,34,0.00,0.00,u,
54,34,2.70,100.00,a,
55,34,1.70,100.00,a,
56,34,0.00,0.00,u,
57,34,0.00,0.00,u,
58,34,0.00,0.00,i,
59,34,1.00,75.00,d,
60,34,0.00,0.00,u,
61,34,0.00,0.00,u,
62,34,0.00,0.00,u,
63,34,0.00,0.00,u,
64,34,6.70,100.00,a,3.00
65,34,0.00,0.00,u,
66,34,0.00,0.00,u,
67,34,1.30,,a,
68,34,0.00,0.00,u,
69,34,0.00,,a,
70,34,0.00,0.00,u,
71,34,0.00,0.00,u,
72,34,3.30,100.00,a,
73,34,0.30,100.00,a,
74,34,5.70,,a,
75,34,0.00,100.00,a,
76,34,0.00,,a,
77,34,2.70,,a,
78,34,0.00,0.00,u,
79,34,0.00,0.00,u,
80,34,0.00,100.00,a,
81,34,0.00,0.00,i,1.00
82,34,2.80,100.00,a,
83,34,2.00,100.00,a,
84,34,3.70,100.00,a,4.00
85,34,2.00,100.00,a,
86,34,1.70,100.00,a,
87,34,2.00,100.00,a,
88,34,0.00,50.00,d,
89,34,0.00,0.00,u,
90,34,5.70,100.00,a,
91,34,0.00,0.00,u,
92,34,0.00,0.00,u,
93,34,0.00,0.00,u,
94,34,0.00,0.00,u,
95,34,0.00,0.00,u,
96,34,0.00,0.00,u,
97,34,3.70,100.00,a,
98,34,0.70,100.00,a,
99,34,0.00,0.00,u,
100,34,5.30,100.00,a,2.00
101,34,3.30,100.00,a,
102,34,0.00,,a,
103,34,0.00,0.00,u,
104,34,0.00,,a,
105,34,0.00,,a,
106,34,3.70,,a,
107,34,2.70,,a,
108,34,0.00,100.00,a,
109,34,0.00,0.00,i,
110,34,4.30,100.00,a,
111,34,0.00,100.00,a,
112,34,0.00,0.00,u,
113,34,3.00,100.00,a,
114,34,0.00,0.00,u,
115,34,0.00,0.00,u,
116,34,0.00,100.00,a,
117,34,0.00,0.00,u,
118,34,0.00,0.00,u,
119,34,2.30,100.00,a,
120,34,3.30,100.00,a,3.00
121,34,2.70,100.00,a,
122,34,0.00,0.00,i,
123,34,0.00,0.00,i,4.00
124,34,0.00,50.00,d,
125,34,0.00,0.00,i,
126,34,5.00,,a,5.00
127,34,0.00,0.00,u,
128,34,0.00,0.00,u,
129,34,3.70,100.00,a,
130,34,0.00,,a,
131,34,0.00,0.00,u,
132,34,0.00,0.00,u,
133,34,0.00,0.00,u,
134,34,0.00,0.00,u,
135,34,0.20,100.00,a,
136,34,5.30,100.00,a,2.00
137,34,0.00,0.00,u,
138,34,0.50,,a,
139,34,6.20,,a,
140,34,0.50,,a,
141,34,0.00,0.00,u,
142,34,0.00,0.00,u,
143,34,6.20,,a,
144,34,0.00,0.00,u,
145,34,2.20,100.00,a,
146,34,0.50,100.00,a,
147,34,0.00,0.00,u,
148,34,7.80,,a,
149,34,0.50,100.00,a,
150,34,0.00,0.00,u,
151,34,6.20,100.00,a,
152,34,1.20,100.00,a,
153,34,0.00,0.00,i,
154,34,0.00,0.00,u,
155,34,0.00,0.00,u,
156,34,0.50,,a,
157,34,3.80,100.00,a,
158,34,4.80,100.00,a,
159,34,0.40,75.00,d,
160,34,2.80,100.00,a,
161,34,0.00,0.00,u,
162,34,0.00,0.00,u,
163,34,4.80,100.00,a,
164,34,1.20,100.00,a,3.00
165,34,0.00,0.00,u,
166,34,4.20,100.00,a,
167,34,1.80,100.00,a,
168,34,0.50,100.00,a,
169,34,1.20,50.00,d,
170,34,0.10,25.00,d,1.00
171,34,0.00,0.00,u,
172,34,0.00,0.00,u,
173,34,7.20,100.00,a,
174,34,0.00,0.00,u,
175,34,0.00,0.00,u,
176,34,0.00,0.00,u,
177,34,0.00,0.00,u,
178,34,3.80,100.00,a,2.00
179,34,0.00,0.00,u,
180,34,0.00,0.00,i,
181,34,0.80,,a,
182,34,0.50,,a,
183,34,-0.50,,a,
184,34,0.00,0.00,u,
185,34,-0.50,,a,
186,34,0.00,0.00,i,
187,34,0.20,100.00,a,
188,34,0.00,0.00,u,
189,34,0.00,0.00,u,
190,34,1.20,,a,
191,34,2.20,100.00,a,
192,34,2.50,,a,
193,34,0.80,100.00,a,
194,34,0.00,0.00,i,
195,34,-0.20,100.00,a,
196,34,0.00,0.00,u,
197,34,0.00,0.00,u,
198,34,-0.50,100.00,a,
199,34,-0.50,100.00,a,
200,34,1.50,100.00,a,
201,34,0.00,0.00,u,
202,34,0.20,100.00,a,3.00
203,34,-0.50,,a,
204,34,0.00,0.00,u,
205,34,0.00,0.00,i,
206,34,1.20,100.00,a,
207,34,-0.20,50.00,d,
208,34,0.00,0.00,u,
209,34,0.50,100.00,a,
210,34,0.50,,a,
211,34,0.00,0.00,u,
212,34,0.00,0.00,u,
213,34,0.00,0.00,u,
214,34,0.20,100.00,a,
215,34,3.20,100.00,a,1.00
216,34,-0.20,50.00,d,
217,34,0.20,100.00,a,
218,34,-0.50,,a,2.00
219,34,0.00,0.00,u,
220,34,2.00,100.00,a,
221,34,0.00,25.00,d,
222,34,0.00,0.00,u,
223,34,0.00,,a,
224,34,1.00,100.00,a,
225,34,0.00,25.00,d,
226,34,0.70,100.00,a,
227,34,0.00,25.00,d,
228,34,1.30,100.00,a,
229,34,0.00,100.00,a,
230,34,1.70,100.00,a,
231,34,0.00,100.00,a,
232,34,0.00,100.00,a,
233,34,1.00,100.00,a,
234,34,0.00,0.00,u,
235,34,2.00,100.00,a,1.00
236,34,2.00,100.00,a,
237,34,1.30,100.00,a,2.00
238,34,0.00,0.00,i,3.00
239,34,0.00,25.00,d,
240,34,0.00,0.00,u,
241,34,2.00,100.00,a,
242,34,7.20,100.00,a,
243,34,0.50,100.00,a,
244,34,1.30,100.00,a,
245,34,0.00,0.00,s,
246,34,0.70,100.00,a,
247,34,0.30,100.00,a,
248,34,0.00,0.00,u,
249,34,0.70,,a,
250,34,1.70,100.00,a,
251,34,0.00,0.00,u,
252,34,0.30,100.00,a,
253,34,3.00,,a,
254,34,0.00,100.00,a,
255,34,0.00,,a,
256,34,5.70,100.00,a,
257,34,6.00,100.00,a,
258,34,4.00,,a,
259,34,0.30,100.00,a,
260,34,8.20,100.00,a,
261,34,3.00,100.00,a,
262,34,0.00,100.00,a,
263,34,0.00,100.00,a,
264,34,0.00,0.00,u,
265,34,0.00,100.00,a,
266,34,4.00,100.00,a,
267,34,2.30,100.00,a,3.00
268,34,0.00,0.00,i,
269,34,0.00,0.00,u,
270,34,1.00,100.00,a,
271,34,2.00,100.00,a,
272,34,2.70,100.00,a,
273,34,1.00,100.00,a,
274,34,0.00,,a,
275,34,0.00,0.00,u,
276,34,0.30,100.00,a,4.00
277,34,0.00,0.00,u,
278,34,0.00,0.00,u,
279,34,0.00,0.00,u,
280,34,0.00,0.00,u,
281,34,0.00,,a,
282,34,0.00,0.00,u,
283,34,5.00,100.00,a,2.00
284,34,0.00,0.00,i,
285,34,0.00,0.00,u,
286,34,0.00,,a,
287,34,0.20,,a,
288,34,-0.50,100.00,a,
289,34,0.00,0.00,u,
290,34,0.00,0.00,i,
291,34,1.80,100.00,a,
292,34,1.80,100.00,a,
293,34,1.50,100.00,a,
294,34,-0.50,100.00,a,
295,34,0.20,100.00,a,
296,34,-0.50,100.00,a,
297,34,0.00,0.00,u,
298,34,-0.50,,a,
299,34,2.20,100.00,a,1.00
300,34,1.50,,a,
301,34,-0.50,100.00,a,
302,34,2.50,100.00,a,
303,34,2.50,,a,2.00
304,34,0.20,100.00,a,
305,34,-0.50,100.00,a,
306,34,-0.50,,a,
307,34,-0.50,,a,
308,34,0.00,0.00,u,
309,34,0.00,0.00,u,
310,34,0.80,,a,
311,34,3.60,75.00,d,3.00
312,34,0.00,0.00,u,
313,34,0.00,0.00,u,
314,34,5.30,,a,
315,34,0.00,0.00,u,
316,34,0.70,100.00,a,
317,34,5.00,100.00,a,
318,34,4.00,100.00,a,
319,34,3.30,,a,
320,34,-1.00,,a,
321,34,-1.00,,a,
322,34,-0.80,75.00,d,
323,34,-1.00,,a,
324,34,0.00,0.00,i,
325,34,1.30,100.00,a,
326,34,0.30,100.00,a,
327,34,0.00,0.00,u,
328,34,0.00,0.00,i,
329,34,1.30,100.00,a,3.00
330,34,1.30,,a,
331,34,0.00,100.00,a,
332,34,2.00,100.00,a,
333,34,0.00,0.00,u,
334,34,0.00,0.00,u,
335,34,0.00,100.00,a,
336,34,-1.00,100.00,a,
337,34,0.30,100.00,a,1.00
338,34,0.70,100.00,a,
339,34,0.50,,a,
340,34,0.50,,a,
341,34,4.50,,a,
342,34,4.80,100.00,a,
343,34,4.50,100.00,a,
344,34,3.90,75.00,d,
345,34,0.50,100.00,a,
346,34,0.50,,a,
347,34,0.00,0.00,i,
348,34,0.80,100.00,a,
349,34,0.00,0.00,u,
350,34,4.50,,a,
351,34,2.50,100.00,a,
352,34,0.00,0.00,u,
353,34,0.50,100.00,a,
354,34,5.50,100.00,a,
355,34,0.00,0.00,u,
356,34,0.00,0.00,i,
357,34,0.00,0.00,u,
358,34,2.80,100.00,a,
359,34,0.00,0.00,u,
360,34,0.00,0.00,u,
361,34,0.00,0.00,u,
362,34,0.80,100.00,a,3.00
363,34,0.00,0.00,u,
364,34,0.00,0.00,u,
365,34,1.20,100.00,a,2.00
366,34,0.00,50.00,d,
367,34,0.00,0.00,i,
368,34,0.00,,a,
369,34,1.30,,a,
370,34,2.70,100.00,a,
371,34,0.70,,a,
372,34,5.30,,a,
373,34,7.00,,a,
374,34,4.70,100.00,a,
375,34,0.00,0.00,i,
376,34,0.70,100.00,a,
377,34,0.00,0.00,u,
378,34,0.00,100.00,a,
379,34,0.00,,a,
380,34,0.00,,a,
381,34,1.60,25.00,d,1.00
382,34,5.30,100.00,a,
383,34,0.00,0.00,u,
384,34,4.30,100.00,a,3.00
385,34,0.00,100.00,a,
386,34,5.00,100.00,a,4.00
387,34,3.70,100.00,a,2.00
388,34,4.00,100.00,a,
389,34,0.00,100.00,a,
390,34,1.30,100.00,a,
391,34,0.30,100.00,a,
392,34,0.00,0.00,i,
393,34,0.00,0.00,i,
394,34,0.00,0.00,u,
395,34,0.00,0.00,u,
396,34,0.30,,a,
397,34,0.00,0.00,u,
398,34,0.00,0.00,i,
399,34,0.00,0.00,u,
400,34,0.00,100.00,a,
401,34,0.50,100.00,a,
402,34,3.50,100.00,a,
403,34,0.00,0.00,i,
404,34,0.00,0.00,u,
405,34,0.80,,a,
406,34,7.50,100.00,a,
407,34,6.20,100.00,a,4.00
408,34,0.00,0.00,i,
409,34,0.50,100.00,a,
410,34,0.50,100.00,a,
411,34,9.50,100.00,a,
412,34,0.00,0.00,u,
413,34,0.50,100.00,a,2.00
414,34,1.20,100.00,a,
415,34,1.50,100.00,a,
416,34,3.80,100.00,a,
417,34,8.20,100.00,a,
418,34,5.80,100.00,a,3.00
419,34,0.00,0.00,i,
420,34,0.00,0.00,u,
421,34,1.70,75.00,d,
422,34,0.80,100.00,a,
423,34,1.20,100.00,a,
424,34,0.00,100.00,a,
425,34,0.00,0.00,u,
426,34,0.00,,a,5.00
427,34,0.50,,a,
428,34,0.50,100.00,a,
429,34,0.00,0.00,u,
430,34,5.50,100.00,a,1.00
431,34,0.00,,a,
432,34,0.00,0.00,u,
433,34,0.00,0.00,u,
434,34,0.00,,a,
435,34,0.00,,a,
436,34,0.00,0.00,i,
437,34,0.00,0.00,s,
438,34,2.70,100.00,a,
439,34,0.00,,a,
440,34,3.70,100.00,a,
441,34,0.00,100.00,a,
442,34,2.30,100.00,a,
443,34,4.00,75.00,d,
444,34,1.30,100.00,a,
445,34,0.00,0.00,u,
446,34,0.00,,a,
447,34,4.30,100.00,a,
448,34,0.00,,a,
449,34,5.00,100.00,a,1.00
450,34,2.00,75.00,d,
451,34,0.00,0.00,u,
452,34,1.30,100.00,a,
453,34,1.30,,a,
454,34,0.00,0.00,u,
455,34,0.30,100.00,a,
456,34,0.70,100.00,a,
457,34,8.70,100.00,a,
458,34,2.70,100.00,a,
459,34,1.30,,a,
460,34,0.00,0.00,u,
461,34,0.00,,a,
462,34,0.00,,a,
463,34,0.00,0.00,u,
464,34,0.00,0.00,u,
465,34,0.00,0.00,u,
466,34,0.30,100.00,a,
467,34,0.00,,a,
468,34,0.00,0.00,u,
469,34,0.20,100.00,a,
470,34,1.50,100.00,a,
471,34,-0.50,,a,
472,34,0.00,0.00,u,
473,34,0.20,100.00,a,
474,34,0.00,0.00,i,
475,34,2.50,100.00,a,
476,34,0.80,100.00,a,
477,34,0.00,0.00,i,
478,34,-0.20,100.00,a,
479,34,0.00,0.00,i,
480,34,0.00,0.00,u,
481,34,-0.50,,a,
482,34,0.00,0.00,u,
483,34,-0.50,,a,
484,34,0.00,0.00,u,
485,34,0.20,50.00,d,1.00
486,34,0.80,100.00,a,
487,34,0.80,,a,
488,34,0.50,100.00,a,2.00
489,34,0.80,100.00,a,
490,34,-0.20,100.00,a,
491,34,1.50,100.00,a,
492,34,0.00,0.00,u,
493,34,3.50,100.00,a,
494,34,0.20,100.00,a,
495,34,0.00,0.00,u,
496,34,0.00,0.00,u,
497,34,3.50,100.00,a,
498,34,0.00,0.00,u,
499,34,3.70,100.00,a,
500,34,5.80,100.00,a,
501,34,-0.50,,a,
502,34,4.00,100.00,a,
503,34,0.00,0.00,u,
504,34,0.00,0.00,u,
505,34,5.00,,a,
506,34,0.00,50.00,d,
507,34,4.30,100.00,a,
508,34,6.00,100.00,a,
509,34,0.00,0.00,u,
510,34,0.50,75.00,d,
511,34,0.70,,a,
512,34,0.00,0.00,u,
513,34,0.00,,a,
514,34,0.00,0.00,i,
515,34,11.70,100.00,a,2.00
516,34,0.00,0.00,i,
517,34,5.00,100.00,a,4.00
518,34,0.00,0.00,u,
519,34,1.70,100.00,a,
520,34,0.00,0.00,u,
521,34,2.20,75.00,d,
522,34,1.70,100.00,a,
523,34,0.00,100.00,a,
524,34,0.00,0.00,u,
525,34,3.30,100.00,a,1.00
526,34,7.70,100.00,a,3.00
527,34,1.30,100.00,a,
528,34,0.00,0.00,u,
529,34,0.00,0.00,i,
530,34,0.00,0.00,u,
531,34,0.50,100.00,a,
532,34,2.20,,a,
533,34,0.00,0.00,u,
534,34,0.00,0.00,u,
535,34,0.50,100.00,a,
536,34,0.00,0.00,u,
537,34,0.00,0.00,u,
538,34,0.00,0.00,u,
539,34,2.50,100.00,a,
540,34,0.00,0.00,u,
541,34,3.50,100.00,a,
542,34,0.00,0.00,u,
543,34,0.00,0.00,u,
544,34,3.50,100.00,a,1.00
545,34,0.00,0.00,u,
546,34,0.50,100.00,a,
547,34,5.20,100.00,a,2.00
548,34,0.00,0.00,i,
549,34,0.00,0.00,u,
550,34,0.50,,a,
551,34,3.80,,a,
552,34,3.50,100.00,a,
553,34,1.20,100.00,a,
554,34,0.50,,a,
555,34,0.00,0.00,u,
556,34,0.00,0.00,u,
557,34,0.50,,a,
558,34,0.00,0.00,u,
559,34,0.00,0.00,u,
560,34,2.80,100.00,a,
561,34,0.50,,a,
562,34,0.50,,a,
563,34,0.00,0.00,u,
564,34,0.00,0.00,u,
565,34,0.00,50.00,d,
566,34,0.00,,a,
567,34,3.00,,a,
568,34,6.30,100.00,a,
569,34,0.00,0.00,i,
570,34,2.70,100.00,a,
571,34,0.00,0.00,i,
572,34,0.30,100.00,a,
573,34,3.00,100.00,a,
574,34,0.70,50.00,d,
575,34,2.70,100.00,a,
576,34,0.00,0.00,u,
577,34,0.00,0.00,u,
578,34,0.00,0.00,u,
579,34,0.00,0.00,u,
580,34,1.70,,a,
581,34,0.00,100.00,a,
582,34,0.00,0.00,i,3.00
583,34,0.00,0.00,i,
584,34,1.00,100.00,a,
585,34,2.70,100.00,a,
586,34,2.30,100.00,a,
587,34,1.00,100.00,a,
588,34,0.00,0.00,i,
589,34,0.00,0.00,u,
590,34,0.00,0.00,u,
591,34,1.00,100.00,a,
592,34,0.00,0.00,u,
593,34,0.00,0.00,i,
594,34,0.00,0.00,u,
595,34,0.00,,a,
596,34,0.80,50.00,d,2.00
597,34,2.00,100.00,a,5.00
598,34,0.00,0.00,u,
599,34,0.00,0.00,u,
600,34,0.00,100.00,a,
601,34,0.00,0.00,u,
602,34,0.00,0.00,u,
603,34,4.30,100.00,a,
604,34,0.00,0.00,u,
605,34,0.00,,a,
606,34,10.30,100.00,a,
607,34,0.00,0.00,u,
608,34,0.00,100.00,a,
609,34,0.30,100.00,a,
610,34,0.00,100.00,a,
611,34,0.00,0.00,u,
612,34,0.00,0.00,u,
613,34,5.30,100.00,a,
614,34,2.80,100.00,a,
615,34,2.70,100.00,a,
616,34,0.00,0.00,u,
617,34,0.00,0.00,u,
618,34,0.00,0.00,u,
619,34,0.00,0.00,u,
620,34,0.00,0.00,u,
621,34,0.00,0.00,u,
622,34,0.00,0.00,u,
623,34,0.70,100.00,a,
624,34,8.70,,a,2.00
625,34,0.00,0.00,u,
626,34,0.00,0.00,u,
627,34,0.00,0.00,i,
628,34,0.50,100.00,a,
629,34,0.20,100.00,a,
630,34,-0.50,,a,
631,34,0.00,0.00,u,
632,34,0.20,100.00,a,
633,34,0.50,100.00,a,
634,34,-0.50,100.00,a,
635,34,1.80,100.00,a,
636,34,1.20,100.00,a,
637,34,1.20,100.00,a,
638,34,0.00,0.00,u,
639,34,0.00,0.00,u,
640,34,0.50,100.00,a,
641,34,0.00,0.00,u,
642,34,0.50,100.00,a,3.00
643,34,2.50,100.00,a,
644,34,0.50,100.00,a,
645,34,0.00,0.00,u,
646,34,1.80,100.00,a,
647,34,0.00,0.00,u,
648,34,0.00,0.00,u,
649,34,0.00,0.00,u,
650,34,0.00,0.00,u,
651,34,-0.20,,a,
652,34,-0.50,,a,
653,34,0.00,0.00,u,
654,34,1.30,100.00,a,
655,34,0.00,0.00,u,
656,34,0.00,0.00,u,
657,34,-0.50,100.00,a,
658,34,-0.50,,a,
659,34,4.70,,a,
660,34,0.50,100.00,a,
661,34,0.00,0.00,i,
662,34,1.30,100.00,a,
663,34,0.00,0.00,u,
664,34,-1.00,,a,
665,34,0.50,100.00,a,
666,34,3.30,100.00,a,2.00
667,34,-0.50,100.00,a,
668,34,3.20,100.00,a,
669,34,0.30,100.00,a,
670,34,4.50,100.00,a,
671,34,2.00,100.00,a,
672,34,1.00,100.00,a,
673,34,3.70,100.00,a,
674,34,0.20,,a,
675,34,0.00,100.00,a,
676,34,0.80,100.00,a,
677,34,0.00,0.00,i,
678,34,0.00,0.00,u,
679,34,5.00,,a,
680,34,0.50,100.00,a,
681,34,4.00,100.00,a,
682,34,-0.20,,a,
683,34,3.50,100.00,a,
684,34,1.20,,a,
685,34,0.00,100.00,a,
686,34,4.00,,a,
687,34,0.00,,a,
688,34,0.00,,a,
689,34,-0.50,,a,
690,34,0.00,100.00,a,
691,34,3.80,100.00,a,1.00
692,34,0.00,0.00,i,
693,34,3.00,,a,
694,34,4.80,100.00,a,
695,34,-0.20,,a,
696,34,0.00,0.00,u,
697,34,0.30,,a,
698,34,8.10,75.00,d,
699,34,0.30,100.00,a,
700,34,1.30,100.00,a,
701,34,0.00,0.00,u,
702,34,0.00,,a,
703,34,0.00,,a,
704,34,0.00,0.00,u,
705,34,0.00,0.00,u,
706,34,7.20,100.00,a,
707,34,-0.50,,a,
708,34,3.00,100.00,a,
709,34,-0.10,50.00,d,
710,34,0.00,,a,
711,34,1.00,,a,
712,34,1.30,100.00,a,
713,34,1.30,,a,
714,34,0.50,100.00,a,3.00
715,34,0.00,0.00,i,
716,34,0.00,0.00,i,
717,34,0.00,0.00,i,4.00
718,34,0.30,,a,
719,34,0.70,100.00,a,
720,34,0.20,,a,5.00
721,34,0.00,100.00,a,
722,34,1.20,,a,
723,34,5.70,100.00,a,
724,34,0.50,,a,
725,34,4.30,100.00,a,
726,34,1.30,100.00,a,
727,34,0.70,100.00,a,
728,34,-0.50,100.00,a,
729,34,0.00,0.00,u,
730,34,2.20,100.00,a,
731,34,0.00,0.00,i,
732,34,0.00,,a,
733,34,5.00,,a,
734,34,0.30,100.00,a,
735,34,0.20,50.00,d,
736,34,5.50,,a,
737,34,-1.00,,a,
738,34,0.00,100.00,a,
739,34,0.00,0.00,u,
740,34,0.00,0.00,u,
741,34,0.00,0.00,u,
742,34,0.50,,a,
743,34,0.00,,a,
744,34,0.50,,a,
745,34,0.00,,a,
746,34,0.00,,a,
747,34,0.00,,a,
748,34,0.00,100.00,a,
749,34,0.80,,a,
750,34,0.00,,a,
751,34,0.00,0.00,u,
752,34,0.00,,a,
753,34,-0.50,,a,
754,34,0.00,,a,
755,34,0.00,100.00,a,
756,34,0.00,,a,
757,34,0.00,,a,
758,34,0.30,,a,
759,34,1.00,,a,
760,34,0.00,,a,
761,34,0.50,,a,
762,34,0.00,,a,
763,34,0.50,,a,
764,34,0.50,,a,
765,34,-0.50,,a,
766,34,-0.50,,a,
767,34,-0.50,,a,
768,34,0.00,,a,
769,34,0.00,,a,
770,34,-1.00,,a,
771,34,0.00,,a,
772,34,-0.50,,a,
773,34,0.00,,a,
774,34,0.50,,a,
775,34,0.00,0.00,u,
776,34,-0.50,,a,
777,34,0.00,0.00,u,
778,34,-0.50,,a,
779,34,-0.50,,a,
780,34,0.00,,a,
781,34,0.00,,a,
782,34,0.00,,a,
783,34,7.80,,a,
784,34,-0.50,,a,
785,34,3.00,100.00,a,
786,34,-1.00,,a,
787,34,0.50,,a,
788,34,0.00,,a,
789,34,0.00,,a,
790,34,0.00,,a,
791,34,4.70,,a,
792,34,0.00,100.00,a,
793,34,0.00,,a,
794,34,0.50,100.00,a,
795,34,0.50,,a,
796,34,2.70,100.00,a,
797,34,0.00,100.00,a,
798,34,0.00,0.00,u,
799,34,0.00,,a,
800,34,0.40,75.00,d,
801,34,1.00,,a,
802,34,0.00,,a,
803,34,0.00,,a,
804,34,0.00,,a,
805,34,0.00,,a,
806,34,0.00,,a,
807,34,4.30,,a,
808,34,2.30,,a,
809,34,-0.50,,a,
810,34,0.00,,a,
811,34,0.00,,a,
812,34,0.50,,a,
813,34,0.20,50.00,d,
814,34,0.30,,a,
815,34,6.00,,a,
816,34,0.50,100.00,a,
817,34,1.50,,a,
818,34,0.00,,a,
819,34,0.00,,a,
820,34,-0.50,,a,
821,34,0.50,,a,
822,34,0.50,,a,
823,34,0.00,,a,
824,34,0.00,,a,
825,34,0.00,,a,
826,34,0.00,,a,
827,34,0.00,,a,
828,34,-0.50,,a,
829,34,0.00,,a,
830,34,1.30,,a,
1,35,5.50,,a,
2,35,1.00,,a,
3,35,0.00,0.00,u,
4,35,1.00,,a,
5,35,5.50,100.00,a,
6,35,5.20,100.00,a,
7,35,2.50,100.00,a,
8,35,0.00,0.00,i,
9,35,0.00,0.00,u,
10,35,3.00,,a,
11,35,4.50,100.00,a,
12,35,0.00,0.00,u,
13,35,1.00,,a,
14,35,0.00,0.00,u,
15,35,1.00,,a,
16,35,4.00,100.00,a,1.00
17,35,2.20,100.00,a,3.00
18,35,2.50,100.00,a,
19,35,1.50,100.00,a,
20,35,3.20,100.00,a,4.00
21,35,4.20,100.00,a,
22,35,0.00,0.00,i,
23,35,0.00,0.00,u,
24,35,1.00,100.00,a,
25,35,0.00,0.00,u,
26,35,4.00,100.00,a,
27,35,0.70,100.00,a,
28,35,0.00,0.00,u,
29,35,0.00,0.00,u,
30,35,3.80,100.00,a,
31,35,1.50,100.00,a,
32,35,2.30,100.00,a,
33,35,1.30,100.00,a,
34,35,0.00,0.00,u,
35,35,0.00,0.00,u,
36,35,2.70,100.00,a,
37,35,2.30,100.00,a,
38,35,1.30,100.00,a,
39,35,2.30,,a,
40,35,1.00,100.00,a,
41,35,1.30,100.00,a,
42,35,0.70,100.00,a,
43,35,0.00,0.00,u,
44,35,1.30,100.00,a,
45,35,0.00,0.00,u,
46,35,0.00,0.00,u,
47,35,4.70,100.00,a,
48,35,2.50,100.00,a,
49,35,1.00,100.00,a,
50,35,3.00,100.00,a,2.00
51,35,0.00,0.00,u,
52,35,1.50,100.00,a,
53,35,0.00,0.00,u,
54,35,2.50,100.00,a,
55,35,2.00,100.00,a,
56,35,0.00,0.00,u,
57,35,0.00,0.00,u,
58,35,0.00,0.00,i,
59,35,0.40,25.00,d,
60,35,0.00,0.00,u,
61,35,0.00,0.00,u,
62,35,0.00,0.00,u,
63,35,0.00,0.00,u,
64,35,5.70,100.00,a,3.00
65,35,0.00,0.00,u,
66,35,0.00,0.00,u,
67,35,2.50,,a,
68,35,0.00,0.00,u,
69,35,0.00,,a,
70,35,0.00,0.00,u,
71,35,0.00,0.00,u,
72,35,6.00,100.00,a,
73,35,0.20,100.00,a,
74,35,6.00,,a,
75,35,0.00,100.00,a,
76,35,0.00,,a,
77,35,4.50,,a,
78,35,0.00,0.00,u,
79,35,0.00,0.00,u,
80,35,0.00,100.00,a,
81,35,0.00,75.00,d,1.00
82,35,5.40,100.00,a,
83,35,2.50,100.00,a,
84,35,3.50,100.00,a,4.00
85,35,2.20,100.00,a,
86,35,2.20,100.00,a,
87,35,1.80,100.00,a,
88,35,0.00,25.00,d,
89,35,0.00,0.00,u,
90,35,5.00,100.00,a,
91,35,0.00,0.00,u,
92,35,0.00,0.00,u,
93,35,0.00,0.00,u,
94,35,0.00,0.00,u,
95,35,0.00,0.00,u,
96,35,0.00,0.00,u,
97,35,4.00,100.00,a,
98,35,0.80,100.00,a,
99,35,0.00,0.00,u,
100,35,5.50,100.00,a,2.00
101,35,4.00,100.00,a,
102,35,-0.50,,a,
103,35,0.00,0.00,u,
104,35,-0.50,,a,
105,35,-0.50,,a,
106,35,3.70,,a,
107,35,4.30,,a,
108,35,-0.30,100.00,a,
109,35,0.00,0.00,i,
110,35,4.00,100.00,a,
111,35,-0.50,100.00,a,
112,35,0.00,0.00,u,
113,35,3.30,100.00,a,
114,35,0.00,0.00,u,
115,35,0.00,0.00,u,
116,35,-0.30,100.00,a,
117,35,0.00,0.00,u,
118,35,0.00,0.00,u,
119,35,2.70,100.00,a,
120,35,2.70,100.00,a,3.00
121,35,4.30,100.00,a,
122,35,0.00,0.00,i,
123,35,0.00,0.00,i,4.00
124,35,-0.50,100.00,a,
125,35,-0.50,100.00,a,
126,35,4.00,,a,5.00
127,35,0.00,0.00,u,
128,35,0.00,0.00,u,
129,35,3.00,100.00,a,
130,35,-0.50,,a,
131,35,0.00,0.00,u,
132,35,0.00,0.00,u,
133,35,0.00,0.00,u,
134,35,0.00,0.00,u,
135,35,1.20,100.00,a,
136,35,5.00,100.00,a,2.00
137,35,0.00,0.00,u,
138,35,1.00,,a,
139,35,5.80,,a,
140,35,1.00,,a,
141,35,0.00,0.00,u,
142,35,0.00,0.00,u,
143,35,5.50,,a,
144,35,0.00,0.00,u,
145,35,2.50,100.00,a,
146,35,1.20,100.00,a,
147,35,0.00,0.00,u,
148,35,6.80,,a,
149,35,1.00,100.00,a,
150,35,0.00,0.00,u,
151,35,5.80,100.00,a,
152,35,1.80,100.00,a,
153,35,0.00,0.00,i,
154,35,0.00,0.00,u,
155,35,0.00,0.00,u,
156,35,1.00,,a,
157,35,3.80,100.00,a,
158,35,4.50,100.00,a,
159,35,1.00,100.00,a,
160,35,3.20,100.00,a,
161,35,0.00,0.00,u,
162,35,0.00,0.00,u,
163,35,6.00,100.00,a,
164,35,1.50,100.00,a,3.00
165,35,0.00,0.00,u,
166,35,3.80,100.00,a,
167,35,2.50,100.00,a,
168,35,0.00,100.00,a,
169,35,1.20,50.00,d,
170,35,1.00,100.00,a,1.00
171,35,0.00,0.00,u,
172,35,0.00,0.00,u,
173,35,3.10,50.00,d,
174,35,0.00,0.00,u,
175,35,0.00,0.00,u,
176,35,0.00,0.00,u,
177,35,0.00,0.00,u,
178,35,4.80,100.00,a,2.00
179,35,0.00,0.00,u,
180,35,0.00,0.00,i,
181,35,1.50,,a,
182,35,1.00,,a,
183,35,-0.50,,a,
184,35,0.00,0.00,u,
185,35,-0.50,,a,
186,35,0.00,0.00,i,
187,35,0.30,100.00,a,
188,35,0.00,0.00,u,
189,35,0.00,0.00,u,
190,35,1.50,,a,
191,35,2.30,100.00,a,
192,35,2.00,,a,
193,35,0.50,100.00,a,
194,35,0.00,0.00,i,
195,35,0.00,100.00,a,
196,35,0.00,0.00,u,
197,35,0.00,0.00,u,
198,35,-0.50,100.00,a,
199,35,-0.50,100.00,a,
200,35,2.30,100.00,a,
201,35,0.00,0.00,u,
202,35,0.00,100.00,a,3.00
203,35,-0.50,,a,
204,35,0.00,0.00,u,
205,35,0.00,0.00,i,
206,35,0.70,100.00,a,
207,35,-0.50,100.00,a,
208,35,0.00,0.00,u,
209,35,0.50,100.00,a,
210,35,1.70,,a,
211,35,0.00,0.00,u,
212,35,0.00,0.00,u,
213,35,0.00,0.00,u,
214,35,0.00,100.00,a,
215,35,2.70,100.00,a,1.00
216,35,-0.30,100.00,a,
217,35,0.00,100.00,a,
218,35,-0.50,,a,2.00
219,35,0.00,0.00,u,
220,35,0.00,0.00,i,
221,35,-0.30,100.00,a,
222,35,0.00,0.00,u,
223,35,-0.50,,a,
224,35,1.30,100.00,a,
225,35,-0.50,100.00,a,
226,35,0.30,100.00,a,
227,35,-0.30,100.00,a,
228,35,0.50,100.00,a,
229,35,-0.50,100.00,a,
230,35,0.70,100.00,a,
231,35,-0.50,100.00,a,
232,35,-0.50,100.00,a,
233,35,0.30,100.00,a,
234,35,0.00,0.00,u,
235,35,1.00,100.00,a,1.00
236,35,0.20,25.00,d,
237,35,1.00,100.00,a,2.00
238,35,0.00,0.00,i,3.00
239,35,-0.10,25.00,d,
240,35,0.00,0.00,u,
241,35,1.70,100.00,a,
242,35,6.20,100.00,a,
243,35,0.80,100.00,a,
244,35,0.70,100.00,a,
245,35,0.00,0.00,s,
246,35,0.30,100.00,a,
247,35,-0.30,100.00,a,
248,35,0.00,0.00,u,
249,35,2.00,,a,
250,35,0.70,100.00,a,
251,35,0.00,0.00,u,
252,35,-0.30,100.00,a,
253,35,5.10,,a,
254,35,-0.50,100.00,a,
255,35,-0.50,,a,
256,35,7.90,100.00,a,
257,35,9.50,100.00,a,
258,35,5.90,,a,
259,35,0.00,50.00,d,
260,35,14.60,100.00,a,
261,35,4.50,100.00,a,
262,35,-0.10,100.00,a,
263,35,-0.50,100.00,a,
264,35,0.00,0.00,u,
265,35,-0.50,100.00,a,
266,35,4.00,100.00,a,
267,35,3.50,100.00,a,3.00
268,35,0.00,0.00,i,
269,35,0.00,0.00,u,
270,35,1.10,100.00,a,
271,35,3.10,100.00,a,
272,35,3.50,100.00,a,
273,35,1.50,100.00,a,
274,35,-0.50,,a,
275,35,0.00,0.00,u,
276,35,1.90,100.00,a,4.00
277,35,0.00,0.00,u,
278,35,0.00,0.00,u,
279,35,0.00,0.00,u,
280,35,0.00,0.00,u,
281,35,-0.50,,a,
282,35,0.00,0.00,u,
283,35,7.50,100.00,a,2.00
284,35,0.00,0.00,i,
285,35,0.00,0.00,u,
286,35,-0.50,,a,
287,35,0.80,,a,
288,35,0.00,100.00,a,
289,35,0.00,0.00,u,
290,35,0.00,0.00,i,
291,35,1.80,100.00,a,
292,35,2.00,100.00,a,
293,35,3.00,100.00,a,
294,35,0.00,100.00,a,
295,35,1.00,100.00,a,
296,35,0.20,100.00,a,
297,35,0.00,0.00,u,
298,35,0.00,,a,
299,35,2.50,100.00,a,1.00
300,35,1.50,,a,
301,35,0.20,100.00,a,
302,35,1.10,50.00,d,
303,35,3.50,,a,2.00
304,35,1.00,100.00,a,
305,35,0.20,100.00,a,
306,35,0.00,,a,
307,35,0.00,,a,
308,35,0.00,0.00,u,
309,35,0.00,0.00,u,
310,35,3.80,,a,
311,35,4.20,100.00,a,3.00
312,35,0.00,0.00,u,
313,35,0.00,0.00,u,
314,35,5.50,,a,
315,35,0.00,0.00,u,
316,35,1.50,100.00,a,
317,35,5.20,100.00,a,
318,35,4.00,100.00,a,
319,35,3.50,,a,
320,35,0.00,,a,
321,35,0.00,,a,
322,35,0.00,100.00,a,
323,35,0.00,,a,
324,35,0.00,0.00,i,
325,35,2.20,100.00,a,
326,35,-0.50,100.00,a,
327,35,0.00,0.00,u,
328,35,0.00,0.00,i,
329,35,2.20,100.00,a,3.00
330,35,1.80,,a,
331,35,1.00,100.00,a,
332,35,2.50,100.00,a,
333,35,0.00,0.00,u,
334,35,0.00,0.00,u,
335,35,1.00,100.00,a,
336,35,0.50,100.00,a,
337,35,1.50,100.00,a,1.00
338,35,1.50,100.00,a,
339,35,0.00,,a,
340,35,0.00,,a,
341,35,3.50,,a,
342,35,4.50,100.00,a,
343,35,2.40,75.00,d,
344,35,4.80,100.00,a,
345,35,0.00,100.00,a,
346,35,0.00,,a,
347,35,0.00,0.00,i,
348,35,0.50,100.00,a,
349,35,0.00,0.00,u,
350,35,3.20,,a,
351,35,1.80,100.00,a,
352,35,0.00,0.00,u,
353,35,0.20,100.00,a,
354,35,4.00,100.00,a,
355,35,0.00,0.00,u,
356,35,0.00,0.00,i,
357,35,0.00,0.00,u,
358,35,3.20,100.00,a,
359,35,0.00,0.00,u,
360,35,0.00,0.00,u,
361,35,0.00,0.00,u,
362,35,0.20,100.00,a,3.00
363,35,0.00,0.00,u,
364,35,0.00,0.00,u,
365,35,0.80,100.00,a,2.00
366,35,0.10,25.00,d,
367,35,1.50,50.00,d,
368,35,0.50,,a,
369,35,2.00,,a,
370,35,2.70,100.00,a,
371,35,1.30,100.00,a,
372,35,4.50,,a,
373,35,6.00,,a,
374,35,4.30,100.00,a,
375,35,0.00,0.00,i,
376,35,1.00,100.00,a,
377,35,0.00,0.00,u,
378,35,0.50,100.00,a,
379,35,0.50,,a,
380,35,0.50,,a,
381,35,1.30,25.00,d,1.00
382,35,5.00,100.00,a,
383,35,0.00,0.00,u,
384,35,5.30,100.00,a,3.00
385,35,0.70,100.00,a,
386,35,4.70,100.00,a,4.00
387,35,6.50,100.00,a,2.00
388,35,3.70,100.00,a,
389,35,0.50,100.00,a,
390,35,2.00,100.00,a,
391,35,0.50,100.00,a,
392,35,0.00,0.00,i,
393,35,0.00,0.00,i,
394,35,0.00,0.00,u,
395,35,0.00,0.00,u,
396,35,0.70,,a,
397,35,0.00,0.00,u,
398,35,0.00,0.00,i,
399,35,0.00,0.00,u,
400,35,0.00,100.00,a,
401,35,1.00,100.00,a,
402,35,5.40,100.00,a,
403,35,0.80,75.00,d,
404,35,0.00,0.00,u,
405,35,1.40,,a,
406,35,13.00,100.00,a,
407,35,10.00,100.00,a,4.00
408,35,0.80,75.00,d,
409,35,1.00,100.00,a,
410,35,1.00,100.00,a,
411,35,15.00,100.00,a,
412,35,0.00,0.00,u,
413,35,1.40,100.00,a,2.00
414,35,2.60,100.00,a,
415,35,2.60,100.00,a,
416,35,7.00,100.00,a,
417,35,15.00,100.00,a,
418,35,16.60,100.00,a,3.00
419,35,0.00,0.00,i,
420,35,0.00,0.00,u,
421,35,2.50,75.00,d,
422,35,3.40,100.00,a,
423,35,3.00,100.00,a,
424,35,1.00,100.00,a,
425,35,0.00,0.00,u,
426,35,0.50,,a,5.00
427,35,1.00,,a,
428,35,1.00,100.00,a,
429,35,0.00,0.00,u,
430,35,12.00,100.00,a,1.00
431,35,0.50,,a,
432,35,0.00,0.00,u,
433,35,0.00,0.00,u,
434,35,0.50,,a,
435,35,0.50,,a,
436,35,0.00,0.00,i,
437,35,-0.30,100.00,a,
438,35,2.50,100.00,a,
439,35,0.50,,a,
440,35,3.50,100.00,a,
441,35,0.70,100.00,a,
442,35,2.50,100.00,a,
443,35,5.00,100.00,a,
444,35,1.70,100.00,a,
445,35,0.00,0.00,u,
446,35,0.50,,a,
447,35,4.00,100.00,a,
448,35,0.50,,a,
449,35,5.50,100.00,a,1.00
450,35,4.30,100.00,a,
451,35,0.00,0.00,u,
452,35,1.70,100.00,a,
453,35,0.10,25.00,d,
454,35,0.00,0.00,u,
455,35,0.70,100.00,a,
456,35,1.50,100.00,a,
457,35,8.00,100.00,a,
458,35,4.70,100.00,a,
459,35,1.50,,a,
460,35,0.00,0.00,u,
461,35,0.50,,a,
462,35,0.50,,a,
463,35,0.00,0.00,u,
464,35,0.00,0.00,u,
465,35,0.00,0.00,u,
466,35,1.00,100.00,a,
467,35,0.50,,a,
468,35,0.00,0.00,u,
469,35,1.20,100.00,a,
470,35,1.50,100.00,a,
471,35,0.00,,a,
472,35,0.00,0.00,u,
473,35,0.80,100.00,a,
474,35,0.00,0.00,i,
475,35,3.20,100.00,a,
476,35,2.80,100.00,a,
477,35,0.00,0.00,i,
478,35,0.20,100.00,a,
479,35,0.00,0.00,i,
480,35,0.00,0.00,u,
481,35,0.00,,a,
482,35,0.00,0.00,u,
483,35,0.00,,a,
484,35,0.00,0.00,u,
485,35,0.80,100.00,a,1.00
486,35,1.00,100.00,a,
487,35,2.50,,a,
488,35,2.20,100.00,a,2.00
489,35,3.00,100.00,a,
490,35,1.20,100.00,a,
491,35,1.80,100.00,a,
492,35,0.00,0.00,u,
493,35,2.50,100.00,a,
494,35,1.00,100.00,a,
495,35,0.00,0.00,u,
496,35,0.00,0.00,u,
497,35,0.00,0.00,i,
498,35,0.00,0.00,u,
499,35,2.50,75.00,d,
500,35,7.00,100.00,a,
501,35,0.00,,a,
502,35,5.00,100.00,a,
503,35,0.00,0.00,u,
504,35,0.00,0.00,u,
505,35,4.00,,a,
506,35,0.00,50.00,d,
507,35,1.60,50.00,d,
508,35,4.80,100.00,a,
509,35,0.00,0.00,u,
510,35,0.80,100.00,a,
511,35,0.80,,a,
512,35,0.00,0.00,u,
513,35,0.10,50.00,d,
514,35,0.00,0.00,i,
515,35,4.90,50.00,d,2.00
516,35,0.00,0.00,i,
517,35,4.00,100.00,a,4.00
518,35,0.00,0.00,u,
519,35,1.50,100.00,a,
520,35,0.00,0.00,u,
521,35,1.10,50.00,d,
522,35,2.20,100.00,a,
523,35,0.00,100.00,a,
524,35,0.00,0.00,u,
525,35,2.80,100.00,a,1.00
526,35,7.00,100.00,a,3.00
527,35,5.00,100.00,a,
528,35,0.00,0.00,u,
529,35,-0.50,100.00,a,
530,35,0.00,0.00,u,
531,35,0.00,0.00,s,
532,35,1.30,,a,
533,35,0.00,0.00,u,
534,35,0.00,0.00,u,
535,35,-0.50,100.00,a,
536,35,0.00,0.00,u,
537,35,0.00,0.00,u,
538,35,0.00,0.00,u,
539,35,1.00,100.00,a,
540,35,0.00,0.00,u,
541,35,2.30,100.00,a,
542,35,0.00,0.00,u,
543,35,0.00,0.00,u,
544,35,2.00,100.00,a,1.00
545,35,0.00,0.00,u,
546,35,-0.50,100.00,a,
547,35,4.00,100.00,a,2.00
548,35,0.00,0.00,i,
549,35,0.00,0.00,u,
550,35,-0.50,,a,
551,35,2.00,,a,
552,35,2.30,100.00,a,
553,35,0.50,100.00,a,
554,35,-0.50,,a,
555,35,0.00,0.00,u,
556,35,0.00,0.00,u,
557,35,-0.50,,a,
558,35,0.00,0.00,u,
559,35,0.00,0.00,u,
560,35,1.50,100.00,a,
561,35,-0.50,,a,
562,35,-0.50,,a,
563,35,0.00,0.00,u,
564,35,0.00,0.00,u,
565,35,0.00,0.00,i,
566,35,0.00,,a,
567,35,2.80,,a,
568,35,5.80,100.00,a,
569,35,0.00,0.00,i,
570,35,2.80,100.00,a,
571,35,0.00,0.00,i,
572,35,0.20,100.00,a,
573,35,2.50,100.00,a,
574,35,1.50,100.00,a,
575,35,2.50,100.00,a,
576,35,0.00,0.00,u,
577,35,0.00,0.00,u,
578,35,0.00,0.00,u,
579,35,0.00,0.00,u,
580,35,3.10,,a,
581,35,0.00,100.00,a,
582,35,0.00,0.00,i,3.00
583,35,0.00,0.00,i,
584,35,2.00,100.00,a,
585,35,2.50,100.00,a,
586,35,2.00,100.00,a,
587,35,1.00,100.00,a,
588,35,0.00,0.00,i,
589,35,0.00,0.00,u,
590,35,0.00,0.00,u,
591,35,0.80,100.00,a,
592,35,0.00,0.00,u,
593,35,0.50,100.00,a,
594,35,0.00,0.00,u,
595,35,0.00,,a,
596,35,0.30,25.00,d,2.00
597,35,3.80,100.00,a,5.00
598,35,0.00,0.00,u,
599,35,0.00,0.00,u,
600,35,-1.00,100.00,a,
601,35,0.00,0.00,u,
602,35,0.00,0.00,u,
603,35,2.50,100.00,a,
604,35,0.00,0.00,u,
605,35,-1.00,,a,
606,35,6.50,100.00,a,
607,35,0.00,0.00,u,
608,35,-1.00,100.00,a,
609,35,-0.80,100.00,a,
610,35,-0.80,100.00,a,
611,35,0.00,0.00,u,
612,35,0.00,0.00,u,
613,35,3.50,100.00,a,
614,35,2.50,100.00,a,
615,35,1.20,100.00,a,
616,35,0.00,0.00,u,
617,35,0.00,0.00,u,
618,35,0.00,0.00,u,
619,35,0.00,0.00,u,
620,35,0.00,0.00,u,
621,35,0.00,0.00,u,
622,35,0.00,0.00,u,
623,35,-0.50,100.00,a,
624,35,6.00,,a,2.00
625,35,0.00,0.00,u,
626,35,0.00,0.00,u,
627,35,0.00,0.00,i,
628,35,0.00,0.00,i,
629,35,0.00,100.00,a,
630,35,0.00,,a,
631,35,0.00,0.00,u,
632,35,-0.50,100.00,a,
633,35,1.00,100.00,a,
634,35,-0.50,100.00,a,
635,35,1.00,100.00,a,
636,35,2.80,100.00,a,
637,35,1.20,100.00,a,
638,35,0.00,0.00,u,
639,35,0.00,0.00,u,
640,35,0.00,100.00,a,
641,35,0.00,0.00,u,
642,35,-0.20,100.00,a,3.00
643,35,1.80,100.00,a,
644,35,-0.20,100.00,a,
645,35,0.00,0.00,u,
646,35,1.20,100.00,a,
647,35,0.00,0.00,u,
648,35,0.00,0.00,u,
649,35,0.00,0.00,u,
650,35,0.00,0.00,u,
651,35,-0.50,,a,
652,35,-1.00,,a,
653,35,0.00,0.00,u,
654,35,2.50,100.00,a,
655,35,0.00,0.00,u,
656,35,0.00,0.00,u,
657,35,-1.00,100.00,a,
658,35,-1.00,,a,
659,35,2.80,,a,
660,35,2.50,100.00,a,
661,35,0.00,0.00,i,
662,35,1.50,100.00,a,
663,35,0.00,0.00,u,
664,35,0.00,,a,
665,35,0.00,100.00,a,
666,35,6.80,100.00,a,2.00
667,35,0.00,100.00,a,
668,35,3.70,100.00,a,
669,35,0.10,50.00,d,
670,35,3.30,100.00,a,
671,35,0.80,100.00,a,
672,35,0.30,100.00,a,
673,35,3.20,100.00,a,
674,35,0.50,,a,
675,35,0.00,100.00,a,
676,35,0.50,100.00,a,
677,35,-0.20,50.00,d,
678,35,0.00,0.00,u,
679,35,3.20,,a,
680,35,0.50,100.00,a,
681,35,3.50,75.00,d,
682,35,-0.80,,a,
683,35,2.70,100.00,a,
684,35,1.80,,a,
685,35,0.00,100.00,a,
686,35,3.70,,a,
687,35,0.00,,a,
688,35,0.50,,a,
689,35,0.00,,a,
690,35,-0.50,100.00,a,
691,35,4.00,100.00,a,1.00
692,35,0.00,0.00,i,
693,35,2.50,,a,
694,35,5.50,100.00,a,
695,35,-0.80,,a,
696,35,0.00,0.00,u,
697,35,0.50,,a,
698,35,0.00,0.00,i,
699,35,0.70,100.00,a,
700,35,1.50,100.00,a,
701,35,0.00,0.00,u,
702,35,0.50,,a,
703,35,0.50,,a,
704,35,0.00,0.00,u,
705,35,0.00,0.00,u,
706,35,5.50,100.00,a,
707,35,0.00,,a,
708,35,2.20,100.00,a,
709,35,-0.80,100.00,a,
710,35,0.50,,a,
711,35,1.00,,a,
712,35,1.90,100.00,a,
713,35,0.00,0.00,n,
714,35,0.80,100.00,a,3.00
715,35,0.00,0.00,i,
716,35,0.00,0.00,i,
717,35,0.00,0.00,i,4.00
718,35,-0.50,,a,
719,35,1.30,100.00,a,
720,35,0.00,,a,5.00
721,35,0.00,100.00,a,
722,35,1.00,,a,
723,35,7.90,100.00,a,
724,35,-0.50,,a,
725,35,3.50,100.00,a,
726,35,1.20,100.00,a,
727,35,1.80,100.00,a,
728,35,1.20,100.00,a,
729,35,0.00,0.00,u,
730,35,1.00,100.00,a,
731,35,0.00,100.00,a,
732,35,-0.50,,a,
733,35,4.70,,a,
734,35,2.00,100.00,a,
735,35,-0.50,100.00,a,
736,35,9.00,,a,
737,35,0.20,,a,
738,35,-1.00,100.00,a,
739,35,0.00,0.00,u,
740,35,0.00,0.00,u,
741,35,0.00,0.00,u,
742,35,1.00,,a,
743,35,-0.50,,a,
744,35,1.00,,a,
745,35,0.00,,a,
746,35,0.50,,a,
747,35,-1.00,,a,
748,35,-0.30,100.00,a,
749,35,0.50,,a,
750,35,0.00,,a,
751,35,0.00,0.00,u,
752,35,-1.00,,a,
753,35,0.00,,a,
754,35,0.50,,a,
755,35,0.50,100.00,a,
756,35,0.00,,a,
757,35,0.50,,a,
758,35,-0.80,,a,
759,35,1.00,,a,
760,35,0.50,,a,
761,35,1.00,,a,
762,35,-0.50,,a,
763,35,1.00,,a,
764,35,1.00,,a,
765,35,0.00,,a,
766,35,-1.00,,a,
767,35,-1.00,,a,
768,35,0.50,,a,
769,35,0.50,,a,
770,35,0.00,,a,
771,35,0.50,,a,
772,35,0.00,,a,
773,35,-0.50,,a,
774,35,-0.50,,a,
775,35,0.00,0.00,u,
776,35,-0.50,,a,
777,35,0.00,0.00,u,
778,35,-1.00,,a,
779,35,0.00,,a,
780,35,-0.50,,a,
781,35,0.50,,a,
782,35,0.00,,a,
783,35,7.00,,a,
784,35,-0.50,,a,
785,35,1.80,100.00,a,
786,35,0.00,,a,
787,35,0.00,,a,
788,35,0.50,,a,
789,35,-0.50,,a,
790,35,0.00,,a,
791,35,2.80,,a,
792,35,0.50,100.00,a,
793,35,-0.50,,a,
794,35,1.00,100.00,a,
795,35,1.00,,a,
796,35,4.20,100.00,a,
797,35,-0.30,100.00,a,
798,35,0.00,0.00,u,
799,35,0.00,,a,
800,35,-0.50,100.00,a,
801,35,0.80,,a,
802,35,-1.00,,a,
803,35,-0.50,,a,
804,35,0.00,,a,
805,35,0.00,,a,
806,35,0.00,,a,
807,35,5.20,,a,
808,35,2.50,,a,
809,35,-1.00,,a,
810,35,-0.50,,a,
811,35,0.00,,a,
812,35,-0.50,,a,
813,35,-0.50,100.00,a,
814,35,1.20,,a,
815,35,3.80,,a,
816,35,0.00,100.00,a,
817,35,1.00,,a,
818,35,0.00,,a,
819,35,-0.50,,a,
820,35,-0.50,,a,
821,35,-0.50,,a,
822,35,-0.50,,a,
823,35,-0.50,,a,
824,35,-0.50,,a,
825,35,-1.00,,a,
826,35,-0.50,,a,
827,35,0.50,,a,
828,35,-1.00,,a,
829,35,0.00,0.00,i,
830,35,0.50,,a,
831,35,0.50,,a,
832,35,1.90,,a,
1,36,8.00,,a,
2,36,1.50,,a,
3,36,0.00,0.00,u,
4,36,1.50,,a,
5,36,7.70,100.00,a,
6,36,6.70,100.00,a,
7,36,2.50,75.00,d,
8,36,0.00,0.00,i,
9,36,0.00,0.00,u,
10,36,4.70,,a,
11,36,0.00,0.00,i,
12,36,0.00,0.00,u,
13,36,1.50,,a,
14,36,0.00,0.00,u,
15,36,1.50,,a,
16,36,5.00,100.00,a,1.00
17,36,3.70,100.00,a,3.00
18,36,3.00,100.00,a,
19,36,1.70,100.00,a,
20,36,5.50,100.00,a,4.00
21,36,4.50,100.00,a,
22,36,0.00,0.00,i,
23,36,0.00,0.00,u,
24,36,1.50,100.00,a,
25,36,0.00,0.00,u,
26,36,4.30,100.00,a,
27,36,1.00,100.00,a,
28,36,0.00,0.00,u,
29,36,0.00,0.00,u,
30,36,4.30,100.00,a,
31,36,1.70,100.00,a,
32,36,2.70,100.00,a,
33,36,-0.50,100.00,a,
34,36,0.00,0.00,u,
35,36,0.00,0.00,u,
36,36,1.70,100.00,a,
37,36,1.00,100.00,a,
38,36,0.50,100.00,a,
39,36,1.30,,a,
40,36,0.00,100.00,a,
41,36,-0.30,100.00,a,
42,36,-0.50,100.00,a,
43,36,0.00,0.00,u,
44,36,0.50,100.00,a,
45,36,0.00,0.00,u,
46,36,0.00,0.00,u,
47,36,3.00,100.00,a,
48,36,2.00,100.00,a,
49,36,0.30,100.00,a,
50,36,2.00,100.00,a,2.00
51,36,0.00,0.00,u,
52,36,2.20,100.00,a,
53,36,0.00,0.00,u,
54,36,2.50,100.00,a,
55,36,2.70,100.00,a,
56,36,0.00,0.00,u,
57,36,0.00,0.00,u,
58,36,0.00,0.00,i,
59,36,0.00,0.00,i,
60,36,0.00,0.00,u,
61,36,0.00,0.00,u,
62,36,0.00,0.00,u,
63,36,0.00,0.00,u,
64,36,6.50,100.00,a,3.00
65,36,0.00,0.00,u,
66,36,0.00,0.00,u,
67,36,3.00,,a,
68,36,0.00,0.00,u,
69,36,-0.50,,a,
70,36,0.00,0.00,u,
71,36,0.00,0.00,u,
72,36,6.50,100.00,a,
73,36,2.30,100.00,a,
74,36,6.70,,a,
75,36,-0.50,100.00,a,
76,36,-0.50,,a,
77,36,4.70,,a,
78,36,0.00,0.00,u,
79,36,0.00,0.00,u,
80,36,-0.50,100.00,a,
81,36,-0.50,100.00,a,1.00
82,36,4.30,100.00,a,
83,36,2.80,100.00,a,
84,36,3.00,100.00,a,4.00
85,36,1.70,100.00,a,
86,36,1.70,100.00,a,
87,36,0.00,0.00,s,
88,36,-0.20,50.00,d,
89,36,0.00,0.00,u,
90,36,2.50,100.00,a,
91,36,0.00,0.00,u,
92,36,0.00,0.00,u,
93,36,0.00,0.00,u,
94,36,0.00,0.00,u,
95,36,0.00,0.00,u,
96,36,0.00,0.00,u,
97,36,2.50,100.00,a,
98,36,0.30,100.00,a,
99,36,0.00,0.00,u,
100,36,4.00,100.00,a,2.00
101,36,4.80,100.00,a,
102,36,0.00,,a,
103,36,0.00,0.00,u,
104,36,0.00,,a,
105,36,0.00,,a,
106,36,3.80,,a,
107,36,4.80,,a,
108,36,0.80,100.00,a,
109,36,0.00,0.00,i,
110,36,3.80,100.00,a,
111,36,0.00,100.00,a,
112,36,0.00,0.00,u,
113,36,3.00,100.00,a,
114,36,0.00,0.00,u,
115,36,0.00,0.00,u,
116,36,0.80,100.00,a,
117,36,0.00,0.00,u,
118,36,0.00,0.00,u,
119,36,2.70,100.00,a,
120,36,2.50,100.00,a,3.00
121,36,5.50,100.00,a,
122,36,0.00,0.00,i,
123,36,0.00,0.00,i,4.00
124,36,0.00,100.00,a,
125,36,0.20,100.00,a,
126,36,5.00,,a,5.00
127,36,0.00,0.00,u,
128,36,0.00,0.00,u,
129,36,3.00,100.00,a,
130,36,0.00,,a,
131,36,0.00,0.00,u,
132,36,0.00,0.00,u,
133,36,0.00,0.00,u,
134,36,0.00,0.00,u,
135,36,1.20,100.00,a,
136,36,2.80,100.00,a,2.00
137,36,0.00,0.00,u,
138,36,0.50,,a,
139,36,4.50,,a,
140,36,0.50,,a,
141,36,0.00,0.00,u,
142,36,0.00,0.00,u,
143,36,2.50,,a,
144,36,0.00,0.00,u,
145,36,5.70,100.00,a,
146,36,4.30,100.00,a,
147,36,0.00,0.00,u,
148,36,6.30,,a,
149,36,0.50,100.00,a,
150,36,0.00,0.00,u,
151,36,5.50,100.00,a,
152,36,1.30,100.00,a,
153,36,0.00,0.00,i,
154,36,0.00,0.00,u,
155,36,0.00,0.00,u,
156,36,0.50,,a,
157,36,0.00,0.00,i,
158,36,4.00,100.00,a,
159,36,0.70,100.00,a,
160,36,4.30,100.00,a,
161,36,0.00,0.00,u,
162,36,0.00,0.00,u,
163,36,6.70,100.00,a,
164,36,1.00,100.00,a,3.00
165,36,0.00,0.00,u,
166,36,1.50,100.00,a,
167,36,3.00,100.00,a,
168,36,0.00,0.00,n,
169,36,0.70,100.00,a,
170,36,0.50,100.00,a,1.00
171,36,0.00,0.00,u,
172,36,0.00,0.00,u,
173,36,1.00,75.00,d,
174,36,0.00,0.00,u,
175,36,0.00,0.00,u,
176,36,0.00,0.00,u,
177,36,0.00,0.00,u,
178,36,4.30,100.00,a,2.00
179,36,0.00,0.00,u,
180,36,0.00,0.00,i,
181,36,1.30,,a,
182,36,0.50,,a,
183,36,-1.00,,a,
184,36,0.00,0.00,u,
185,36,-1.50,,a,
186,36,0.00,0.00,i,
187,36,-0.70,100.00,a,
188,36,0.00,0.00,u,
189,36,0.00,0.00,u,
190,36,0.30,,a,
191,36,1.50,100.00,a,
192,36,0.50,,a,
193,36,-1.00,100.00,a,
194,36,0.00,0.00,i,
195,36,-1.00,100.00,a,
196,36,0.00,0.00,u,
197,36,0.00,0.00,u,
198,36,-0.70,100.00,a,
199,36,-1.50,100.00,a,
200,36,2.50,100.00,a,
201,36,0.00,0.00,u,
202,36,-1.00,100.00,a,3.00
203,36,-1.50,,a,
204,36,0.00,0.00,u,
205,36,0.00,0.00,i,
206,36,-0.70,100.00,a,
207,36,-0.20,75.00,d,
208,36,0.00,0.00,u,
209,36,-0.30,100.00,a,
210,36,1.70,,a,
211,36,0.00,0.00,u,
212,36,0.00,0.00,u,
213,36,0.00,0.00,u,
214,36,-1.30,100.00,a,
215,36,2.50,100.00,a,1.00
216,36,-1.00,100.00,a,
217,36,-0.70,100.00,a,
218,36,-1.50,,a,2.00
219,36,0.00,0.00,u,
220,36,0.90,75.00,d,
221,36,0.80,100.00,a,
222,36,0.00,0.00,u,
223,36,0.00,,a,
224,36,2.00,100.00,a,
225,36,0.20,100.00,a,
226,36,0.80,100.00,a,
227,36,1.20,100.00,a,
228,36,1.20,100.00,a,
229,36,0.00,100.00,a,
230,36,1.80,100.00,a,
231,36,0.00,100.00,a,
232,36,0.00,100.00,a,
233,36,0.50,100.00,a,
234,36,0.00,0.00,u,
235,36,1.00,100.00,a,1.00
236,36,0.80,75.00,d,
237,36,3.50,100.00,a,2.00
238,36,0.00,0.00,i,3.00
239,36,0.00,25.00,d,
240,36,0.00,0.00,u,
241,36,2.00,100.00,a,
242,36,5.20,100.00,a,
243,36,0.80,100.00,a,
244,36,1.00,100.00,a,
245,36,0.00,0.00,s,
246,36,0.80,100.00,a,
247,36,0.20,100.00,a,
248,36,0.00,0.00,u,
249,36,2.50,,a,
250,36,1.00,100.00,a,
251,36,0.00,0.00,u,
252,36,0.20,100.00,a,
253,36,2.40,,a,
254,36,0.00,100.00,a,
255,36,0.00,,a,
256,36,3.20,100.00,a,
257,36,4.00,100.00,a,
258,36,2.80,,a,
259,36,0.00,75.00,d,
260,36,5.90,100.00,a,
261,36,2.40,100.00,a,
262,36,0.20,100.00,a,
263,36,0.20,100.00,a,
264,36,0.00,0.00,u,
265,36,0.00,100.00,a,
266,36,5.00,100.00,a,
267,36,3.00,100.00,a,3.00
268,36,0.00,0.00,i,
269,36,0.00,0.00,u,
270,36,0.40,100.00,a,
271,36,1.60,100.00,a,
272,36,1.20,100.00,a,
273,36,1.60,100.00,a,
274,36,0.00,,a,
275,36,0.00,0.00,u,
276,36,1.00,100.00,a,4.00
277,36,0.00,0.00,u,
278,36,0.00,0.00,u,
279,36,0.00,0.00,u,
280,36,0.00,0.00,u,
281,36,0.00,,a,
282,36,0.00,0.00,u,
283,36,2.00,100.00,a,2.00
284,36,0.00,0.00,i,
285,36,0.00,0.00,u,
286,36,0.00,,a,
287,36,1.50,,a,
288,36,0.00,100.00,a,
289,36,0.00,0.00,u,
290,36,0.00,0.00,i,
291,36,4.80,100.00,a,
292,36,1.20,100.00,a,
293,36,2.20,100.00,a,
294,36,0.00,100.00,a,
295,36,1.20,100.00,a,
296,36,0.20,100.00,a,
297,36,0.00,0.00,u,
298,36,0.00,,a,
299,36,2.50,100.00,a,1.00
300,36,1.00,,a,
301,36,0.50,100.00,a,
302,36,0.50,50.00,d,
303,36,3.00,,a,2.00
304,36,1.20,100.00,a,
305,36,0.20,100.00,a,
306,36,0.00,,a,
307,36,0.00,,a,
308,36,0.00,0.00,u,
309,36,0.00,0.00,u,
310,36,3.80,,a,
311,36,4.50,100.00,a,3.00
312,36,0.00,0.00,u,
313,36,0.00,0.00,u,
314,36,6.30,,a,
315,36,0.00,0.00,u,
316,36,1.50,100.00,a,
317,36,0.00,0.00,s,
318,36,4.30,100.00,a,
319,36,4.30,,a,
320,36,0.70,,a,
321,36,0.50,,a,
322,36,0.50,100.00,a,
323,36,0.50,,a,
324,36,0.00,0.00,i,
325,36,2.70,100.00,a,
326,36,0.20,75.00,d,
327,36,0.00,0.00,u,
328,36,2.00,50.00,d,
329,36,2.70,100.00,a,3.00
330,36,1.30,,a,
331,36,2.00,100.00,a,
332,36,3.00,100.00,a,
333,36,0.00,0.00,u,
334,36,0.00,0.00,u,
335,36,1.30,100.00,a,
336,36,1.00,100.00,a,
337,36,1.70,100.00,a,1.00
338,36,1.70,100.00,a,
339,36,-0.50,,a,
340,36,-0.50,,a,
341,36,2.50,,a,
342,36,1.90,75.00,d,
343,36,1.90,75.00,d,
344,36,4.50,100.00,a,
345,36,-0.30,100.00,a,
346,36,-0.50,,a,
347,36,0.70,50.00,d,
348,36,0.30,100.00,a,
349,36,0.00,0.00,u,
350,36,2.00,,a,
351,36,1.30,100.00,a,
352,36,0.00,0.00,u,
353,36,0.30,100.00,a,
354,36,5.30,100.00,a,
355,36,0.00,0.00,u,
356,36,0.00,0.00,i,
357,36,0.00,0.00,u,
358,36,3.50,100.00,a,
359,36,0.00,0.00,u,
360,36,0.00,0.00,u,
361,36,0.00,0.00,u,
362,36,-0.30,100.00,a,3.00
363,36,0.00,0.00,u,
364,36,0.00,0.00,u,
365,36,0.50,100.00,a,2.00
366,36,0.40,75.00,d,
367,36,1.30,100.00,a,
368,36,0.50,,a,
369,36,2.00,,a,
370,36,1.70,100.00,a,
371,36,1.70,100.00,a,
372,36,3.00,,a,
373,36,4.30,,a,
374,36,3.30,100.00,a,
375,36,0.00,0.00,i,
376,36,0.70,100.00,a,
377,36,0.00,0.00,u,
378,36,0.50,100.00,a,
379,36,0.50,,a,
380,36,0.50,,a,
381,36,3.30,100.00,a,1.00
382,36,2.60,75.00,d,
383,36,0.00,0.00,u,
384,36,4.30,100.00,a,3.00
385,36,1.00,100.00,a,
386,36,4.70,100.00,a,4.00
387,36,5.70,100.00,a,2.00
388,36,4.00,100.00,a,
389,36,0.00,0.00,n,
390,36,4.30,100.00,a,
391,36,0.00,100.00,a,
392,36,0.00,0.00,i,
393,36,0.00,0.00,i,
394,36,0.00,0.00,u,
395,36,0.00,0.00,u,
396,36,0.50,,a,
397,36,0.00,0.00,u,
398,36,0.00,0.00,i,
399,36,0.00,0.00,u,
400,36,-0.50,100.00,a,
401,36,0.50,100.00,a,
402,36,3.30,100.00,a,
403,36,0.70,100.00,a,
404,36,0.00,0.00,u,
405,36,2.10,,a,
406,36,5.30,100.00,a,
407,36,4.10,100.00,a,4.00
408,36,0.50,100.00,a,
409,36,0.70,100.00,a,
410,36,0.50,100.00,a,
411,36,4.30,100.00,a,
412,36,0.00,0.00,u,
413,36,3.50,100.00,a,2.00
414,36,3.50,100.00,a,
415,36,2.90,100.00,a,
416,36,3.70,100.00,a,
417,36,5.10,100.00,a,
418,36,7.50,100.00,a,3.00
419,36,0.00,0.00,i,
420,36,0.00,0.00,u,
421,36,0.70,75.00,d,
422,36,1.50,100.00,a,
423,36,1.30,100.00,a,
424,36,1.50,100.00,a,
425,36,0.00,0.00,u,
426,36,1.00,,a,5.00
427,36,0.70,,a,
428,36,0.50,100.00,a,
429,36,0.00,0.00,u,
430,36,6.70,100.00,a,1.00
431,36,0.50,,a,
432,36,0.00,0.00,u,
433,36,0.00,0.00,u,
434,36,0.50,,a,
435,36,0.50,,a,
436,36,0.00,0.00,i,
437,36,2.00,100.00,a,
438,36,5.00,100.00,a,
439,36,0.50,,a,
440,36,3.30,100.00,a,
441,36,1.00,100.00,a,
442,36,5.00,100.00,a,
443,36,6.50,100.00,a,
444,36,1.00,100.00,a,
445,36,0.00,0.00,u,
446,36,0.50,,a,
447,36,4.00,100.00,a,
448,36,0.50,,a,
449,36,5.30,100.00,a,1.00
450,36,4.50,100.00,a,
451,36,0.00,0.00,u,
452,36,2.00,100.00,a,
453,36,0.60,75.00,d,
454,36,0.00,0.00,u,
455,36,1.70,100.00,a,
456,36,0.50,100.00,a,
457,36,5.70,100.00,a,
458,36,6.00,100.00,a,
459,36,0.40,75.00,d,
460,36,0.00,0.00,u,
461,36,0.50,,a,
462,36,0.50,,a,
463,36,0.00,0.00,u,
464,36,0.00,0.00,u,
465,36,0.00,0.00,u,
466,36,1.30,100.00,a,
467,36,0.50,,a,
468,36,0.00,0.00,u,
469,36,2.00,100.00,a,
470,36,0.00,100.00,a,
471,36,0.00,,a,
472,36,0.00,0.00,u,
473,36,1.00,100.00,a,
474,36,0.00,0.00,i,
475,36,3.50,100.00,a,
476,36,3.20,100.00,a,
477,36,0.00,0.00,i,
478,36,0.50,100.00,a,
479,36,0.00,0.00,i,
480,36,0.00,0.00,u,
481,36,0.00,,a,
482,36,0.00,0.00,u,
483,36,0.00,,a,
484,36,0.00,0.00,u,
485,36,0.00,100.00,a,1.00
486,36,0.80,100.00,a,
487,36,4.00,,a,
488,36,3.80,100.00,a,2.00
489,36,3.20,100.00,a,
490,36,1.50,100.00,a,
491,36,1.80,100.00,a,
492,36,0.00,0.00,u,
493,36,2.00,100.00,a,
494,36,1.00,100.00,a,
495,36,0.00,0.00,u,
496,36,0.00,0.00,u,
497,36,0.00,0.00,i,
498,36,0.00,0.00,u,
499,36,3.30,100.00,a,
500,36,5.50,100.00,a,
501,36,0.00,,a,
502,36,4.50,100.00,a,
503,36,0.00,0.00,u,
504,36,0.00,0.00,u,
505,36,3.50,,a,
506,36,0.00,0.00,i,
507,36,0.00,0.00,i,
508,36,2.00,100.00,a,
509,36,0.00,0.00,u,
510,36,0.70,100.00,a,
511,36,0.70,,a,
512,36,0.00,0.00,u,
513,36,-0.20,75.00,d,
514,36,0.00,0.00,i,
515,36,6.50,75.00,d,2.00
516,36,0.00,0.00,i,
517,36,5.50,100.00,a,4.00
518,36,0.00,0.00,u,
519,36,1.00,100.00,a,
520,36,0.00,0.00,u,
521,36,0.50,75.00,d,
522,36,1.50,100.00,a,
523,36,-0.50,100.00,a,
524,36,0.00,0.00,u,
525,36,2.30,100.00,a,1.00
526,36,6.30,100.00,a,3.00
527,36,5.00,100.00,a,
528,36,0.00,0.00,u,
529,36,0.00,100.00,a,
530,36,0.00,0.00,u,
531,36,0.00,0.00,s,
532,36,3.20,,a,
533,36,0.00,0.00,u,
534,36,0.00,0.00,u,
535,36,0.00,100.00,a,
536,36,0.00,0.00,u,
537,36,0.00,0.00,u,
538,36,0.00,0.00,u,
539,36,0.00,100.00,a,
540,36,0.00,0.00,u,
541,36,3.00,100.00,a,
542,36,0.00,0.00,u,
543,36,0.00,0.00,u,
544,36,1.00,100.00,a,1.00
545,36,0.00,0.00,u,
546,36,0.00,100.00,a,
547,36,4.50,100.00,a,2.00
548,36,0.00,0.00,i,
549,36,0.00,0.00,u,
550,36,0.00,,a,
551,36,2.00,,a,
552,36,3.20,100.00,a,
553,36,1.50,100.00,a,
554,36,0.00,,a,
555,36,0.00,0.00,u,
556,36,0.00,0.00,u,
557,36,0.00,,a,
558,36,0.00,0.00,u,
559,36,0.00,0.00,u,
560,36,1.80,100.00,a,
561,36,0.20,,a,
562,36,0.00,,a,
563,36,0.00,0.00,u,
564,36,0.00,0.00,u,
565,36,0.00,25.00,d,
566,36,0.00,,a,
567,36,3.00,,a,
568,36,5.80,100.00,a,
569,36,0.00,0.00,i,
570,36,3.20,100.00,a,
571,36,0.00,0.00,i,
572,36,0.20,100.00,a,
573,36,2.80,100.00,a,
574,36,1.50,100.00,a,
575,36,2.80,100.00,a,
576,36,0.00,0.00,u,
577,36,0.00,0.00,u,
578,36,0.00,0.00,u,
579,36,0.00,0.00,u,
580,36,1.80,,a,
581,36,0.20,100.00,a,
582,36,0.00,0.00,i,3.00
583,36,0.00,0.00,i,
584,36,4.00,100.00,a,
585,36,3.80,100.00,a,
586,36,1.80,100.00,a,
587,36,1.00,100.00,a,
588,36,0.00,0.00,i,
589,36,0.00,0.00,u,
590,36,0.00,0.00,u,
591,36,0.20,100.00,a,
592,36,0.00,0.00,u,
593,36,0.20,100.00,a,
594,36,0.00,0.00,u,
595,36,0.00,,a,
596,36,0.40,50.00,d,2.00
597,36,3.80,100.00,a,5.00
598,36,0.00,0.00,u,
599,36,0.00,0.00,u,
600,36,0.00,100.00,a,
601,36,0.00,0.00,u,
602,36,0.00,0.00,u,
603,36,2.50,100.00,a,
604,36,0.00,0.00,u,
605,36,0.00,,a,
606,36,3.20,100.00,a,
607,36,0.00,0.00,u,
608,36,0.00,100.00,a,
609,36,0.50,100.00,a,
610,36,0.80,100.00,a,
611,36,0.00,0.00,u,
612,36,0.00,0.00,u,
613,36,4.20,100.00,a,
614,36,0.70,100.00,a,
615,36,1.80,100.00,a,
616,36,0.00,0.00,u,
617,36,0.00,0.00,u,
618,36,0.00,0.00,u,
619,36,0.00,0.00,u,
620,36,0.00,0.00,u,
621,36,0.00,0.00,u,
622,36,0.00,0.00,u,
623,36,0.20,100.00,a,
624,36,4.00,,a,2.00
625,36,0.00,0.00,u,
626,36,0.00,0.00,u,
627,36,0.00,0.00,i,
628,36,0.00,50.00,d,
629,36,1.00,100.00,a,
630,36,0.00,,a,
631,36,0.00,0.00,u,
632,36,0.00,100.00,a,
633,36,1.50,100.00,a,
634,36,0.70,100.00,a,
635,36,1.70,100.00,a,
636,36,3.50,100.00,a,
637,36,2.50,100.00,a,
638,36,0.00,0.00,u,
639,36,0.00,0.00,u,
640,36,0.70,100.00,a,
641,36,0.00,0.00,u,
642,36,0.30,100.00,a,3.00
643,36,1.50,100.00,a,
644,36,0.30,100.00,a,
645,36,0.00,0.00,u,
646,36,2.30,100.00,a,
647,36,0.00,0.00,u,
648,36,0.00,0.00,u,
649,36,0.00,0.00,u,
650,36,0.00,0.00,u,
651,36,-0.30,,a,
652,36,-0.50,,a,
653,36,0.00,0.00,u,
654,36,1.40,100.00,a,
655,36,0.00,0.00,u,
656,36,0.00,0.00,u,
657,36,-0.50,100.00,a,
658,36,-0.50,,a,
659,36,2.20,,a,
660,36,2.50,100.00,a,
661,36,0.00,0.00,i,
662,36,1.70,100.00,a,
663,36,0.00,0.00,u,
664,36,0.50,,a,
665,36,-0.50,100.00,a,
666,36,6.50,100.00,a,2.00
667,36,0.00,100.00,a,
668,36,4.20,100.00,a,
669,36,-0.40,75.00,d,
670,36,2.50,100.00,a,
671,36,1.80,100.00,a,
672,36,1.20,100.00,a,
673,36,3.80,100.00,a,
674,36,0.20,,a,
675,36,-0.50,100.00,a,
676,36,0.30,100.00,a,
677,36,0.00,75.00,d,
678,36,0.00,0.00,u,
679,36,3.00,,a,
680,36,-0.70,100.00,a,
681,36,3.20,75.00,d,
682,36,0.00,,a,
683,36,3.20,100.00,a,
684,36,1.80,,a,
685,36,-0.50,100.00,a,
686,36,2.50,,a,
687,36,-0.50,,a,
688,36,-0.50,,a,
689,36,0.00,,a,
690,36,0.00,100.00,a,
691,36,4.70,100.00,a,1.00
692,36,0.00,0.00,i,
693,36,2.00,,a,
694,36,4.00,100.00,a,
695,36,-0.30,,a,
696,36,0.00,0.00,u,
697,36,0.30,,a,
698,36,0.00,0.00,i,
699,36,-0.30,100.00,a,
700,36,1.70,100.00,a,
701,36,0.00,0.00,u,
702,36,-0.50,,a,
703,36,-0.50,,a,
704,36,0.00,0.00,u,
705,36,0.00,0.00,u,
706,36,5.70,100.00,a,
707,36,0.00,,a,
708,36,3.20,100.00,a,
709,36,-0.30,100.00,a,
710,36,-0.50,,a,
711,36,1.50,,a,
712,36,0.80,100.00,a,
713,36,0.00,0.00,n,
714,36,1.00,100.00,a,3.00
715,36,0.00,0.00,i,
716,36,0.00,0.00,i,
717,36,0.00,0.00,i,4.00
718,36,0.20,,a,
719,36,0.00,100.00,a,
720,36,0.50,,a,5.00
721,36,-0.50,100.00,a,
722,36,0.70,,a,
723,36,3.40,100.00,a,
724,36,1.50,,a,
725,36,4.00,100.00,a,
726,36,1.20,100.00,a,
727,36,2.50,100.00,a,
728,36,1.80,100.00,a,
729,36,0.00,0.00,u,
730,36,1.80,100.00,a,
731,36,0.70,100.00,a,
732,36,0.00,,a,
733,36,6.50,,a,
734,36,2.30,100.00,a,
735,36,0.00,100.00,a,
736,36,5.10,,a,
737,36,1.00,,a,
738,36,0.00,100.00,a,
739,36,0.00,0.00,u,
740,36,0.00,0.00,u,
741,36,0.00,0.00,u,
742,36,0.50,,a,
743,36,0.00,,a,
744,36,0.50,,a,
745,36,0.00,,a,
746,36,0.50,,a,
747,36,0.00,,a,
748,36,0.20,100.00,a,
749,36,1.30,,a,
750,36,0.00,,a,
751,36,0.00,0.00,u,
752,36,0.00,,a,
753,36,0.00,,a,
754,36,-0.50,,a,
755,36,0.50,100.00,a,
756,36,-0.50,,a,
757,36,-0.50,,a,
758,36,0.20,,a,
759,36,1.50,,a,
760,36,0.50,,a,
761,36,0.50,,a,
762,36,0.00,,a,
763,36,0.50,,a,
764,36,0.50,,a,
765,36,0.00,,a,
766,36,-0.50,,a,
767,36,-0.50,,a,
768,36,-0.50,,a,
769,36,0.50,,a,
770,36,0.50,,a,
771,36,0.50,,a,
772,36,0.00,,a,
773,36,0.00,,a,
774,36,0.00,,a,
775,36,0.00,0.00,u,
776,36,-1.50,,a,
777,36,0.00,0.00,u,
778,36,-0.50,,a,
779,36,0.00,,a,
780,36,0.00,,a,
781,36,-0.50,,a,
782,36,-0.50,,a,
783,36,6.50,,a,
784,36,-1.50,,a,
785,36,1.80,100.00,a,
786,36,0.50,,a,
787,36,-0.50,,a,
788,36,0.50,,a,
789,36,0.00,,a,
790,36,0.00,,a,
791,36,1.20,,a,
792,36,0.00,0.00,i,
793,36,0.00,,a,
794,36,0.50,100.00,a,
795,36,0.50,,a,
796,36,4.20,100.00,a,
797,36,0.20,100.00,a,
798,36,0.00,0.00,u,
799,36,-0.50,,a,
800,36,0.00,100.00,a,
801,36,0.30,,a,
802,36,0.00,,a,
803,36,0.00,,a,
804,36,0.00,,a,
805,36,-0.30,,a,
806,36,-0.50,,a,
807,36,6.50,,a,
808,36,1.30,,a,
809,36,-0.50,,a,
810,36,0.00,,a,
811,36,0.00,,a,
812,36,0.00,,a,
813,36,0.20,100.00,a,
814,36,1.30,,a,
815,36,3.80,,a,
816,36,0.30,100.00,a,
817,36,1.50,,a,
818,36,0.00,,a,
819,36,0.00,,a,
820,36,-1.50,,a,
821,36,0.00,,a,
822,36,0.00,,a,
823,36,0.00,,a,
824,36,0.00,,a,
825,36,0.00,,a,
826,36,0.00,,a,
827,36,0.50,,a,
828,36,-0.50,,a,
829,36,0.00,0.00,i,
830,36,0.50,,a,
831,36,-0.50,,a,
832,36,0.50,,a,
833,36,1.30,,a,
834,36,1.30,,a,
835,36,0.80,,a,
836,36,0.80,,a,
837,36,0.90,,a,
838,36,0.80,,a,
1,37,8.80,,a,
2,37,1.00,,a,
3,37,0.00,0.00,u,
4,37,1.00,,a,
5,37,8.80,100.00,a,
6,37,7.50,100.00,a,
7,37,4.80,100.00,a,
8,37,0.20,25.00,d,
9,37,0.00,0.00,u,
10,37,4.50,,a,
11,37,0.00,0.00,i,
12,37,0.00,0.00,u,
13,37,1.00,,a,
14,37,0.00,0.00,u,
15,37,1.00,,a,
16,37,7.00,100.00,a,1.00
17,37,3.50,100.00,a,3.00
18,37,2.20,100.00,a,
19,37,1.20,100.00,a,
20,37,5.50,100.00,a,4.00
21,37,4.80,100.00,a,
22,37,0.80,75.00,d,
23,37,0.00,0.00,u,
24,37,1.00,100.00,a,
25,37,0.00,0.00,u,
26,37,3.00,100.00,a,
27,37,0.50,100.00,a,
28,37,0.00,0.00,u,
29,37,0.00,0.00,u,
30,37,4.20,100.00,a,
31,37,1.20,100.00,a,
32,37,2.70,100.00,a,
33,37,-0.50,100.00,a,
34,37,0.00,0.00,u,
35,37,0.00,0.00,u,
36,37,1.50,100.00,a,
37,37,1.30,100.00,a,
38,37,0.50,100.00,a,
39,37,0.30,,a,
40,37,-0.30,100.00,a,
41,37,0.70,100.00,a,
42,37,-0.50,100.00,a,
43,37,0.00,0.00,u,
44,37,0.50,100.00,a,
45,37,0.00,0.00,u,
46,37,0.00,0.00,u,
47,37,3.70,100.00,a,
48,37,2.00,100.00,a,
49,37,0.30,100.00,a,
50,37,2.30,100.00,a,2.00
51,37,0.00,0.00,u,
52,37,4.00,100.00,a,
53,37,0.00,0.00,u,
54,37,2.70,100.00,a,
55,37,2.50,100.00,a,
56,37,0.00,0.00,u,
57,37,0.00,0.00,u,
58,37,0.00,0.00,i,
59,37,-0.50,100.00,a,
60,37,0.00,0.00,u,
61,37,0.00,0.00,u,
62,37,0.00,0.00,u,
63,37,0.00,0.00,u,
64,37,6.30,100.00,a,3.00
65,37,0.00,0.00,u,
66,37,0.00,0.00,u,
67,37,5.00,,a,
68,37,0.00,0.00,u,
69,37,0.00,,a,
70,37,0.00,0.00,u,
71,37,0.00,0.00,u,
72,37,8.70,100.00,a,
73,37,5.70,100.00,a,
74,37,6.70,,a,
75,37,0.00,100.00,a,
76,37,0.00,,a,
77,37,5.70,,a,
78,37,0.00,0.00,u,
79,37,0.00,0.00,u,
80,37,0.00,100.00,a,
81,37,0.00,100.00,a,1.00
82,37,4.30,100.00,a,
83,37,5.30,100.00,a,
84,37,2.30,100.00,a,4.00
85,37,2.30,100.00,a,
86,37,2.00,100.00,a,
87,37,0.00,0.00,s,
88,37,0.30,100.00,a,
89,37,0.00,0.00,u,
90,37,3.70,100.00,a,
91,37,0.00,0.00,u,
92,37,0.00,0.00,u,
93,37,0.00,0.00,u,
94,37,0.00,0.00,u,
95,37,0.00,0.00,u,
96,37,0.00,0.00,u,
97,37,2.70,100.00,a,
98,37,1.00,100.00,a,
99,37,0.00,0.00,u,
100,37,5.30,100.00,a,2.00
101,37,3.30,100.00,a,
102,37,-0.50,,a,
103,37,0.00,0.00,u,
104,37,-0.50,,a,
105,37,-0.50,,a,
106,37,2.50,,a,
107,37,3.00,,a,
108,37,1.00,100.00,a,
109,37,0.00,0.00,i,
110,37,1.30,100.00,a,
111,37,-0.50,100.00,a,
112,37,0.00,0.00,u,
113,37,2.00,100.00,a,
114,37,0.00,0.00,u,
115,37,0.00,0.00,u,
116,37,0.30,100.00,a,
117,37,0.00,0.00,u,
118,37,0.00,0.00,u,
119,37,3.20,100.00,a,
120,37,1.50,100.00,a,3.00
121,37,4.30,100.00,a,
122,37,0.00,0.00,i,
123,37,0.00,0.00,i,4.00
124,37,-0.30,100.00,a,
125,37,0.30,100.00,a,
126,37,4.30,,a,5.00
127,37,0.00,0.00,u,
128,37,0.00,0.00,u,
129,37,3.70,100.00,a,
130,37,-0.50,,a,
131,37,0.00,0.00,u,
132,37,0.00,0.00,u,
133,37,0.00,0.00,u,
134,37,0.00,0.00,u,
135,37,1.50,100.00,a,
136,37,2.30,100.00,a,2.00
137,37,0.00,0.00,u,
138,37,0.00,,a,
139,37,3.30,,a,
140,37,0.00,,a,
141,37,0.00,0.00,u,
142,37,0.00,0.00,u,
143,37,0.30,,a,
144,37,0.00,0.00,u,
145,37,6.00,100.00,a,
146,37,5.70,100.00,a,
147,37,0.00,0.00,u,
148,37,3.00,,a,
149,37,0.00,100.00,a,
150,37,0.00,0.00,u,
151,37,3.30,100.00,a,
152,37,2.70,100.00,a,
153,37,0.00,0.00,i,
154,37,0.00,0.00,u,
155,37,0.00,0.00,u,
156,37,0.00,,a,
157,37,0.00,0.00,i,
158,37,1.00,100.00,a,
159,37,0.70,100.00,a,
160,37,4.70,100.00,a,
161,37,0.00,0.00,u,
162,37,0.00,0.00,u,
163,37,6.00,100.00,a,
164,37,0.00,100.00,a,3.00
165,37,0.00,0.00,u,
166,37,0.70,100.00,a,
167,37,3.30,100.00,a,
168,37,0.00,100.00,a,
169,37,0.30,100.00,a,
170,37,0.00,100.00,a,1.00
171,37,0.00,0.00,u,
172,37,0.00,0.00,u,
173,37,0.30,100.00,a,
174,37,0.00,0.00,u,
175,37,0.00,0.00,u,
176,37,0.00,0.00,u,
177,37,0.00,0.00,u,
178,37,3.00,100.00,a,2.00
179,37,0.00,0.00,u,
180,37,0.00,0.00,i,
181,37,1.00,,a,
182,37,0.50,,a,
183,37,1.30,,a,
184,37,0.00,0.00,u,
185,37,0.00,,a,
186,37,0.00,75.00,d,
187,37,1.30,100.00,a,
188,37,0.00,0.00,u,
189,37,0.00,0.00,u,
190,37,1.00,,a,
191,37,2.70,100.00,a,
192,37,0.30,,a,
193,37,0.30,100.00,a,
194,37,0.00,0.00,i,
195,37,1.00,100.00,a,
196,37,0.00,0.00,u,
197,37,0.00,0.00,u,
198,37,1.70,100.00,a,
199,37,0.00,100.00,a,
200,37,4.70,100.00,a,
201,37,0.00,0.00,u,
202,37,0.70,100.00,a,3.00
203,37,0.00,,a,
204,37,0.00,0.00,u,
205,37,0.00,0.00,i,
206,37,0.00,100.00,a,
207,37,2.00,100.00,a,
208,37,0.00,0.00,u,
209,37,1.00,100.00,a,
210,37,4.00,,a,
211,37,0.00,0.00,u,
212,37,0.00,0.00,u,
213,37,0.00,0.00,u,
214,37,0.00,100.00,a,
215,37,2.70,100.00,a,1.00
216,37,1.00,100.00,a,
217,37,0.30,100.00,a,
218,37,0.00,,a,2.00
219,37,0.00,0.00,u,
220,37,1.00,100.00,a,
221,37,1.00,100.00,a,
222,37,0.00,0.00,u,
223,37,0.00,,a,
224,37,2.00,100.00,a,
225,37,0.30,100.00,a,
226,37,0.70,100.00,a,
227,37,1.70,100.00,a,
228,37,0.50,75.00,d,
229,37,0.00,100.00,a,
230,37,2.30,100.00,a,
231,37,0.30,100.00,a,
232,37,0.00,100.00,a,
233,37,0.70,100.00,a,
234,37,0.00,0.00,u,
235,37,1.30,100.00,a,1.00
236,37,1.70,100.00,a,
237,37,7.70,100.00,a,2.00
238,37,0.00,0.00,i,3.00
239,37,0.00,25.00,d,
240,37,0.00,0.00,u,
241,37,2.00,100.00,a,
242,37,4.20,100.00,a,
243,37,0.80,100.00,a,
244,37,0.20,75.00,d,
245,37,0.00,0.00,s,
246,37,4.30,100.00,a,
247,37,0.00,100.00,a,
248,37,0.00,0.00,u,
249,37,2.50,75.00,d,
250,37,0.30,100.00,a,
251,37,0.00,0.00,u,
252,37,0.00,100.00,a,
253,37,0.00,,a,
254,37,-1.00,100.00,a,
255,37,-1.00,,a,
256,37,2.00,100.00,a,
257,37,1.20,100.00,a,
258,37,0.60,,a,
259,37,-0.80,75.00,d,
260,37,5.70,100.00,a,
261,37,0.00,0.00,i,
262,37,-0.40,100.00,a,
263,37,-0.80,100.00,a,
264,37,0.00,0.00,u,
265,37,-1.00,100.00,a,
266,37,4.80,100.00,a,
267,37,3.20,100.00,a,3.00
268,37,0.00,0.00,i,
269,37,0.00,0.00,u,
270,37,-0.80,100.00,a,
271,37,1.20,100.00,a,
272,37,-0.40,100.00,a,
273,37,2.80,100.00,a,
274,37,-1.00,,a,
275,37,0.00,0.00,u,
276,37,-0.20,100.00,a,4.00
277,37,0.00,0.00,u,
278,37,0.00,0.00,u,
279,37,0.00,0.00,u,
280,37,0.00,0.00,u,
281,37,-1.00,,a,
282,37,0.00,0.00,u,
283,37,1.00,100.00,a,2.00
284,37,0.00,0.00,i,
285,37,0.00,0.00,u,
286,37,-1.00,,a,
287,37,1.50,,a,
288,37,0.00,100.00,a,
289,37,0.00,0.00,u,
290,37,0.00,0.00,i,
291,37,5.20,100.00,a,
292,37,0.80,100.00,a,
293,37,2.00,100.00,a,
294,37,0.20,100.00,a,
295,37,2.00,100.00,a,
296,37,0.20,100.00,a,
297,37,0.00,0.00,u,
298,37,0.00,,a,
299,37,2.00,100.00,a,1.00
300,37,0.80,,a,
301,37,0.50,100.00,a,
302,37,0.20,50.00,d,
303,37,2.50,,a,2.00
304,37,1.50,100.00,a,
305,37,0.20,100.00,a,
306,37,0.00,,a,
307,37,0.00,,a,
308,37,0.00,0.00,u,
309,37,0.00,0.00,u,
310,37,3.80,,a,
311,37,2.80,100.00,a,3.00
312,37,0.00,0.00,u,
313,37,0.00,0.00,u,
314,37,3.80,,a,
315,37,0.00,0.00,u,
316,37,3.80,100.00,a,4.00
317,37,0.00,0.00,s,
318,37,2.80,100.00,a,
319,37,3.20,,a,
320,37,0.80,,a,
321,37,0.00,,a,
322,37,0.00,100.00,a,
323,37,0.00,,a,
324,37,0.50,100.00,a,
325,37,2.00,100.00,a,
326,37,0.10,25.00,d,
327,37,0.00,0.00,u,
328,37,2.10,75.00,d,
329,37,1.80,100.00,a,3.00
330,37,1.00,,a,
331,37,0.80,100.00,a,
332,37,3.20,100.00,a,
333,37,0.00,0.00,u,
334,37,0.00,0.00,u,
335,37,0.80,100.00,a,
336,37,0.50,100.00,a,
337,37,1.20,100.00,a,1.00
338,37,1.20,100.00,a,
339,37,0.00,,a,
340,37,0.00,,a,
341,37,5.00,,a,
342,37,1.30,75.00,d,
343,37,0.50,75.00,d,
344,37,6.00,100.00,a,
345,37,2.30,100.00,a,
346,37,0.30,,a,
347,37,0.00,0.00,i,
348,37,2.70,100.00,a,
349,37,0.00,0.00,u,
350,37,1.00,75.00,d,
351,37,1.00,100.00,a,
352,37,0.00,0.00,u,
353,37,1.30,100.00,a,
354,37,4.70,100.00,a,
355,37,0.00,0.00,u,
356,37,0.00,0.00,i,
357,37,0.00,0.00,u,
358,37,4.00,100.00,a,
359,37,0.00,0.00,u,
360,37,0.00,0.00,u,
361,37,0.00,0.00,u,
362,37,0.30,100.00,a,3.00
363,37,0.00,0.00,u,
364,37,0.00,0.00,u,
365,37,1.00,100.00,a,2.00
366,37,0.40,75.00,d,
367,37,1.30,100.00,a,
368,37,0.50,,a,
369,37,1.70,,a,
370,37,1.10,75.00,d,
371,37,1.50,100.00,a,
372,37,2.50,,a,
373,37,5.70,,a,
374,37,2.30,100.00,a,
375,37,0.00,0.00,i,
376,37,0.70,100.00,a,
377,37,0.00,0.00,u,
378,37,0.50,100.00,a,
379,37,0.50,,a,
380,37,0.50,,a,
381,37,1.00,100.00,a,1.00
382,37,3.30,100.00,a,
383,37,0.00,0.00,u,
384,37,3.50,100.00,a,3.00
385,37,1.30,100.00,a,
386,37,5.50,100.00,a,4.00
387,37,6.70,100.00,a,2.00
388,37,3.50,100.00,a,
389,37,-0.50,100.00,a,
390,37,4.30,100.00,a,
391,37,0.30,100.00,a,
392,37,0.20,50.00,d,
393,37,0.00,0.00,i,
394,37,0.00,0.00,u,
395,37,0.00,0.00,u,
396,37,0.50,,a,
397,37,0.00,0.00,u,
398,37,0.00,0.00,i,
399,37,0.00,0.00,u,
400,37,0.00,100.00,a,
401,37,0.50,100.00,a,
402,37,2.00,100.00,a,
403,37,0.70,100.00,a,
404,37,0.00,0.00,u,
405,37,2.30,,a,
406,37,3.30,100.00,a,
407,37,2.70,100.00,a,4.00
408,37,0.50,100.00,a,
409,37,0.70,100.00,a,
410,37,0.50,100.00,a,
411,37,2.50,100.00,a,
412,37,0.00,0.00,u,
413,37,4.50,100.00,a,2.00
414,37,4.30,100.00,a,
415,37,3.30,100.00,a,
416,37,3.00,100.00,a,
417,37,3.30,100.00,a,
418,37,7.70,100.00,a,3.00
419,37,0.00,0.00,i,
420,37,0.00,0.00,u,
421,37,2.30,100.00,a,
422,37,2.00,100.00,a,
423,37,1.00,100.00,a,
424,37,1.20,100.00,a,
425,37,0.00,0.00,u,
426,37,1.80,,a,5.00
427,37,0.70,,a,
428,37,0.50,100.00,a,
429,37,0.00,0.00,u,
430,37,7.30,100.00,a,1.00
431,37,0.00,,a,
432,37,0.00,0.00,u,
433,37,0.00,0.00,u,
434,37,0.00,,a,
435,37,0.00,,a,
436,37,0.00,0.00,i,
437,37,2.20,100.00,a,
438,37,3.00,100.00,a,
439,37,0.00,,a,
440,37,1.50,100.00,a,
441,37,0.80,100.00,a,
442,37,5.20,100.00,a,
443,37,4.80,100.00,a,
444,37,0.50,100.00,a,
445,37,0.00,0.00,u,
446,37,0.00,,a,
447,37,0.80,100.00,a,
448,37,0.00,,a,
449,37,5.50,100.00,a,1.00
450,37,4.50,100.00,a,
451,37,0.00,0.00,u,
452,37,1.80,100.00,a,
453,37,0.30,100.00,a,
454,37,0.00,0.00,u,
455,37,1.50,100.00,a,
456,37,0.50,100.00,a,
457,37,0.00,0.00,n,
458,37,5.50,100.00,a,
459,37,0.00,100.00,a,
460,37,0.00,0.00,u,
461,37,0.00,,a,
462,37,0.00,,a,
463,37,0.00,0.00,u,
464,37,0.00,0.00,u,
465,37,0.00,0.00,u,
466,37,0.80,100.00,a,
467,37,0.00,,a,
468,37,0.00,0.00,u,
469,37,3.00,100.00,a,
470,37,0.70,100.00,a,
471,37,0.00,,a,
472,37,0.00,0.00,u,
473,37,1.00,100.00,a,
474,37,0.00,0.00,i,
475,37,4.00,100.00,a,
476,37,3.20,100.00,a,
477,37,0.00,0.00,i,
478,37,0.80,100.00,a,
479,37,0.00,0.00,i,
480,37,0.00,0.00,u,
481,37,0.00,,a,
482,37,0.00,0.00,u,
483,37,0.00,,a,
484,37,0.00,0.00,u,
485,37,0.00,100.00,a,1.00
486,37,0.50,100.00,a,
487,37,4.80,,a,
488,37,4.50,100.00,a,2.00
489,37,3.50,100.00,a,
490,37,0.00,0.00,i,
491,37,1.10,75.00,d,
492,37,0.00,0.00,u,
493,37,1.00,100.00,a,
494,37,2.00,100.00,a,
495,37,0.00,0.00,u,
496,37,0.00,0.00,u,
497,37,0.00,0.00,i,
498,37,0.00,0.00,u,
499,37,2.00,75.00,d,
500,37,6.50,100.00,a,
501,37,0.00,,a,
502,37,5.00,100.00,a,
503,37,0.00,0.00,u,
504,37,0.00,0.00,u,
505,37,3.00,,a,
506,37,0.00,0.00,i,
507,37,1.70,75.00,d,
508,37,2.20,100.00,a,
509,37,0.00,0.00,u,
510,37,1.20,100.00,a,
511,37,3.20,,a,
512,37,0.00,0.00,u,
513,37,0.20,100.00,a,
514,37,0.00,0.00,i,
515,37,6.00,100.00,a,2.00
516,37,0.00,0.00,i,
517,37,8.50,100.00,a,4.00
518,37,0.00,0.00,u,
519,37,1.00,100.00,a,
520,37,0.00,0.00,u,
521,37,0.50,100.00,a,
522,37,1.00,100.00,a,
523,37,0.00,100.00,a,
524,37,0.00,0.00,u,
525,37,2.80,100.00,a,1.00
526,37,5.50,100.00,a,3.00
527,37,5.80,100.00,a,
528,37,0.00,0.00,u,
529,37,0.00,100.00,a,
530,37,0.00,0.00,u,
531,37,0.00,0.00,s,
532,37,1.80,,a,
533,37,0.00,0.00,u,
534,37,0.00,0.00,u,
535,37,0.00,100.00,a,
536,37,0.00,0.00,u,
537,37,0.00,0.00,u,
538,37,0.00,0.00,u,
539,37,1.00,100.00,a,
540,37,0.00,0.00,u,
541,37,3.20,100.00,a,
542,37,0.00,0.00,u,
543,37,0.00,0.00,u,
544,37,1.50,100.00,a,1.00
545,37,0.00,0.00,u,
546,37,0.00,100.00,a,
547,37,5.50,100.00,a,2.00
548,37,0.00,0.00,i,
549,37,0.00,0.00,u,
550,37,0.00,,a,
551,37,1.20,,a,
552,37,2.80,100.00,a,
553,37,0.00,0.00,i,
554,37,0.00,,a,
555,37,0.00,0.00,u,
556,37,0.00,0.00,u,
557,37,0.00,,a,
558,37,0.00,0.00,u,
559,37,0.00,0.00,u,
560,37,1.80,100.00,a,
561,37,0.20,,a,
562,37,0.00,,a,
563,37,0.00,0.00,u,
564,37,0.00,0.00,u,
565,37,0.00,100.00,a,
566,37,0.00,,a,
567,37,3.00,,a,
568,37,3.20,100.00,a,
569,37,0.00,0.00,i,
570,37,3.50,100.00,a,
571,37,0.00,0.00,i,
572,37,0.20,100.00,a,
573,37,2.80,100.00,a,
574,37,1.00,100.00,a,
575,37,2.50,100.00,a,
576,37,0.00,0.00,u,
577,37,0.00,0.00,u,
578,37,0.00,0.00,u,
579,37,0.00,0.00,u,
580,37,0.60,,a,
581,37,0.50,100.00,a,
582,37,0.00,0.00,i,3.00
583,37,0.00,0.00,i,
584,37,4.20,100.00,a,
585,37,3.20,100.00,a,
586,37,0.80,100.00,a,
587,37,1.00,100.00,a,
588,37,0.00,0.00,i,
589,37,0.00,0.00,u,
590,37,0.00,0.00,u,
591,37,0.00,100.00,a,
592,37,0.00,0.00,u,
593,37,1.20,100.00,a,
594,37,0.00,0.00,u,
595,37,0.00,,a,
596,37,0.20,100.00,a,2.00
597,37,5.50,100.00,a,5.00
598,37,0.00,0.00,u,
599,37,0.00,0.00,u,
600,37,0.00,100.00,a,
601,37,0.00,0.00,u,
602,37,0.00,0.00,u,
603,37,1.20,100.00,a,
604,37,0.00,0.00,u,
605,37,0.00,,a,
606,37,2.50,100.00,a,
607,37,0.00,0.00,u,
608,37,0.00,100.00,a,
609,37,0.50,100.00,a,
610,37,1.00,100.00,a,
611,37,0.00,0.00,u,
612,37,0.00,0.00,u,
613,37,3.80,100.00,a,
614,37,1.30,100.00,a,
615,37,1.50,100.00,a,
616,37,0.00,0.00,u,
617,37,0.00,0.00,u,
618,37,0.00,0.00,u,
619,37,0.00,0.00,u,
620,37,0.00,0.00,u,
621,37,0.00,0.00,u,
622,37,0.00,0.00,u,
623,37,0.20,100.00,a,
624,37,4.00,,a,2.00
625,37,0.00,0.00,u,
626,37,0.00,0.00,u,
627,37,0.00,0.00,i,
628,37,1.20,100.00,a,
629,37,1.00,100.00,a,
630,37,0.00,,a,
631,37,0.00,0.00,u,
632,37,0.00,0.00,i,
633,37,2.20,100.00,a,
634,37,1.80,100.00,a,
635,37,2.50,100.00,a,
636,37,3.80,100.00,a,
637,37,2.20,100.00,a,
638,37,0.00,0.00,u,
639,37,0.00,0.00,u,
640,37,1.20,100.00,a,
641,37,0.00,0.00,u,
642,37,1.80,100.00,a,3.00
643,37,1.80,100.00,a,
644,37,0.50,100.00,a,
645,37,0.00,0.00,u,
646,37,2.80,100.00,a,
647,37,0.00,0.00,u,
648,37,0.00,0.00,u,
649,37,0.00,0.00,u,
650,37,0.00,0.00,u,
651,37,0.20,,a,
652,37,0.00,,a,
653,37,0.00,0.00,u,
654,37,0.60,100.00,a,
655,37,0.00,0.00,u,
656,37,0.00,0.00,u,
657,37,0.00,100.00,a,
658,37,0.00,,a,
659,37,0.80,,a,
660,37,0.00,0.00,i,
661,37,0.00,0.00,i,
662,37,2.80,100.00,a,
663,37,0.00,0.00,u,
664,37,0.00,,a,
665,37,0.00,100.00,a,
666,37,6.00,100.00,a,2.00
667,37,0.00,100.00,a,
668,37,4.20,100.00,a,
669,37,0.00,75.00,d,
670,37,3.00,100.00,a,
671,37,2.00,100.00,a,
672,37,1.30,100.00,a,
673,37,4.50,100.00,a,
674,37,0.00,,a,
675,37,0.00,100.00,a,
676,37,2.30,100.00,a,
677,37,-0.80,100.00,a,
678,37,0.00,0.00,u,
679,37,2.80,,a,
680,37,0.30,100.00,a,
681,37,1.60,50.00,d,
682,37,1.00,,a,
683,37,1.60,50.00,d,
684,37,2.00,,a,
685,37,0.00,100.00,a,
686,37,2.70,,a,
687,37,0.00,,a,
688,37,-0.50,,a,
689,37,0.00,,a,
690,37,-1.00,100.00,a,
691,37,6.70,100.00,a,1.00
692,37,0.00,0.00,i,
693,37,1.80,,a,
694,37,4.80,100.00,a,
695,37,0.20,,a,
696,37,0.00,0.00,u,
697,37,0.70,,a,
698,37,0.00,0.00,i,
699,37,0.00,100.00,a,
700,37,1.20,100.00,a,
701,37,0.00,0.00,u,
702,37,-0.50,,a,
703,37,-0.50,,a,
704,37,0.00,0.00,u,
705,37,0.00,0.00,u,
706,37,4.00,100.00,a,
707,37,0.00,,a,
708,37,3.00,100.00,a,
709,37,0.50,100.00,a,
710,37,-0.50,,a,
711,37,1.00,,a,
712,37,-0.20,100.00,a,
713,37,0.00,0.00,n,
714,37,2.80,100.00,a,3.00
715,37,0.00,100.00,a,
716,37,0.00,0.00,i,
717,37,0.00,0.00,i,4.00
718,37,0.20,,a,
719,37,0.30,100.00,a,
720,37,1.20,,a,5.00
721,37,0.00,100.00,a,
722,37,3.00,,a,
723,37,1.00,100.00,a,
724,37,2.00,,a,
725,37,3.50,100.00,a,
726,37,1.50,100.00,a,
727,37,2.00,100.00,a,
728,37,4.00,100.00,a,
729,37,0.00,0.00,u,
730,37,3.00,100.00,a,
731,37,0.50,100.00,a,
732,37,-1.00,,a,
733,37,3.80,,a,
734,37,2.80,100.00,a,
735,37,0.00,100.00,a,
736,37,4.50,,a,
737,37,0.00,0.00,i,
738,37,0.00,100.00,a,
739,37,0.00,0.00,u,
740,37,0.00,0.00,u,
741,37,0.00,0.00,u,
742,37,0.50,,a,
743,37,0.00,,a,
744,37,0.00,,a,
745,37,0.00,,a,
746,37,0.50,,a,
747,37,0.00,,a,
748,37,0.00,100.00,a,
749,37,4.20,,a,
750,37,0.00,,a,
751,37,0.00,0.00,u,
752,37,0.00,,a,
753,37,0.00,,a,
754,37,-0.50,,a,
755,37,0.00,100.00,a,
756,37,0.00,,a,
757,37,-0.50,,a,
758,37,0.00,,a,
759,37,1.00,,a,
760,37,0.50,,a,
761,37,0.00,,a,
762,37,-1.00,,a,
763,37,0.50,,a,
764,37,0.50,,a,
765,37,0.00,,a,
766,37,0.00,,a,
767,37,0.00,,a,
768,37,-0.50,,a,
769,37,0.00,,a,
770,37,0.00,,a,
771,37,0.00,,a,
772,37,0.00,,a,
773,37,-1.00,,a,
774,37,0.00,,a,
775,37,0.00,0.00,u,
776,37,0.00,,a,
777,37,0.00,0.00,u,
778,37,0.00,,a,
779,37,0.00,,a,
780,37,-1.00,,a,
781,37,-0.50,,a,
782,37,0.00,,a,
783,37,3.70,,a,
784,37,0.00,,a,
785,37,1.50,100.00,a,
786,37,0.00,,a,
787,37,0.00,,a,
788,37,0.00,,a,
789,37,0.00,,a,
790,37,0.00,,a,
791,37,2.20,,a,
792,37,0.00,0.00,i,
793,37,-1.00,,a,
794,37,0.50,100.00,a,
795,37,0.00,,a,
796,37,4.20,100.00,a,
797,37,-0.30,100.00,a,
798,37,0.00,0.00,u,
799,37,0.00,,a,
800,37,0.00,100.00,a,
801,37,0.30,,a,
802,37,0.00,,a,
803,37,0.00,,a,
804,37,0.00,,a,
805,37,0.20,,a,
806,37,0.00,,a,
807,37,6.70,,a,
808,37,0.00,,a,
809,37,0.00,,a,
810,37,-0.50,,a,
811,37,0.00,,a,
812,37,0.00,,a,
813,37,0.80,100.00,a,
814,37,2.00,,a,
815,37,1.80,,a,
816,37,0.50,100.00,a,
817,37,2.00,,a,
818,37,0.00,,a,
819,37,-0.50,,a,
820,37,0.00,,a,
821,37,0.00,,a,
822,37,0.00,,a,
823,37,-0.50,,a,
824,37,-0.50,,a,
825,37,0.00,,a,
826,37,-0.50,,a,
827,37,0.00,,a,
828,37,0.00,,a,
829,37,0.30,100.00,a,
830,37,0.50,,a,
831,37,0.00,,a,
832,37,0.50,,a,
833,37,0.00,,a,
834,37,0.00,,a,
835,37,0.00,,a,
836,37,0.00,,a,
837,37,0.00,,a,
838,37,0.00,,a,
839,37,1.30,,a,
840,37,1.30,,a,
1,38,8.80,,a,
2,38,1.00,,a,
3,38,0.00,0.00,u,
4,38,1.00,,a,
5,38,8.80,100.00,a,
6,38,7.50,100.00,a,
7,38,4.80,100.00,a,
8,38,0.20,25.00,d,
9,38,0.00,0.00,u,
10,38,4.50,,a,
11,38,0.00,0.00,i,
12,38,0.00,0.00,u,
13,38,1.00,,a,
14,38,0.00,0.00,u,
15,38,1.00,,a,
16,38,7.00,100.00,a,1.00
17,38,3.50,100.00,a,3.00
18,38,2.20,100.00,a,
19,38,1.20,100.00,a,
20,38,5.50,100.00,a,4.00
21,38,4.80,100.00,a,
22,38,0.80,100.00,a,
23,38,0.00,0.00,u,
24,38,1.00,100.00,a,
25,38,0.00,0.00,u,
26,38,3.00,100.00,a,
27,38,0.50,100.00,a,
28,38,0.00,0.00,u,
29,38,0.00,0.00,u,
30,38,4.20,100.00,a,
31,38,1.20,100.00,a,
32,38,2.70,100.00,a,
33,38,-0.50,100.00,a,
34,38,0.00,0.00,u,
35,38,0.00,0.00,u,
36,38,1.50,100.00,a,
37,38,1.30,100.00,a,
38,38,0.50,100.00,a,
39,38,0.30,,a,
40,38,-0.30,100.00,a,
41,38,0.70,100.00,a,
42,38,-0.50,100.00,a,
43,38,0.00,0.00,u,
44,38,0.50,100.00,a,
45,38,0.00,0.00,u,
46,38,0.00,0.00,u,
47,38,3.70,100.00,a,
48,38,2.00,100.00,a,
49,38,0.30,100.00,a,
50,38,2.30,100.00,a,2.00
51,38,0.00,0.00,u,
52,38,4.00,100.00,a,
53,38,0.00,0.00,u,
54,38,2.70,100.00,a,
55,38,2.50,100.00,a,
56,38,0.00,0.00,u,
57,38,0.00,0.00,u,
58,38,0.00,0.00,i,
59,38,-0.50,100.00,a,
60,38,0.00,0.00,u,
61,38,0.00,0.00,u,
62,38,0.00,0.00,u,
63,38,0.00,0.00,u,
64,38,6.30,100.00,a,3.00
65,38,0.00,0.00,u,
66,38,0.00,0.00,u,
67,38,5.00,,a,
68,38,0.00,0.00,u,
69,38,0.00,,a,
70,38,0.00,0.00,u,
71,38,0.00,0.00,u,
72,38,8.70,100.00,a,
73,38,5.70,100.00,a,
74,38,6.70,,a,
75,38,0.00,100.00,a,
76,38,0.00,,a,
77,38,5.70,,a,
78,38,0.00,0.00,u,
79,38,0.00,0.00,u,
80,38,0.00,100.00,a,
81,38,0.00,100.00,a,1.00
82,38,4.30,100.00,a,
83,38,5.30,100.00,a,
84,38,2.30,100.00,a,4.00
85,38,2.30,100.00,a,
86,38,2.00,100.00,a,
87,38,0.00,0.00,s,
88,38,0.30,100.00,a,
89,38,0.00,0.00,u,
90,38,3.70,100.00,a,
91,38,0.00,0.00,u,
92,38,0.00,0.00,u,
93,38,0.00,0.00,u,
94,38,0.00,0.00,u,
95,38,0.00,0.00,u,
96,38,0.00,0.00,u,
97,38,2.70,100.00,a,
98,38,1.00,100.00,a,
99,38,0.00,0.00,u,
100,38,5.30,100.00,a,2.00
101,38,3.30,100.00,a,
102,38,-0.50,,a,
103,38,0.00,0.00,u,
104,38,-0.50,,a,
105,38,-0.50,,a,
106,38,2.50,,a,
107,38,3.00,,a,
108,38,1.00,100.00,a,
109,38,0.00,0.00,i,
110,38,1.30,100.00,a,
111,38,-0.50,100.00,a,
112,38,0.00,0.00,u,
113,38,2.00,100.00,a,
114,38,0.00,0.00,u,
115,38,0.00,0.00,u,
116,38,0.30,100.00,a,
117,38,0.00,0.00,u,
118,38,0.00,0.00,u,
119,38,3.20,100.00,a,
120,38,1.50,100.00,a,3.00
121,38,4.30,100.00,a,
122,38,0.00,0.00,i,
123,38,0.00,0.00,i,4.00
124,38,-0.30,100.00,a,
125,38,0.30,100.00,a,
126,38,4.30,,a,5.00
127,38,0.00,0.00,u,
128,38,0.00,0.00,u,
129,38,3.70,100.00,a,
130,38,-0.50,,a,
131,38,0.00,0.00,u,
132,38,0.00,0.00,u,
133,38,0.00,0.00,u,
134,38,0.00,0.00,u,
135,38,1.50,100.00,a,
136,38,2.30,100.00,a,2.00
137,38,0.00,0.00,u,
138,38,0.00,,a,
139,38,3.30,,a,
140,38,0.00,,a,
141,38,0.00,0.00,u,
142,38,0.00,0.00,u,
143,38,0.30,,a,
144,38,0.00,0.00,u,
145,38,6.00,100.00,a,
146,38,5.70,100.00,a,
147,38,0.00,0.00,u,
148,38,3.00,,a,
149,38,0.00,100.00,a,
150,38,0.00,0.00,u,
151,38,3.30,100.00,a,
152,38,2.70,100.00,a,
153,38,0.00,0.00,i,
154,38,0.00,0.00,u,
155,38,0.00,0.00,u,
156,38,0.00,,a,
157,38,0.00,0.00,i,
158,38,1.00,100.00,a,
159,38,0.70,100.00,a,
160,38,4.70,100.00,a,
161,38,0.00,0.00,u,
162,38,0.00,0.00,u,
163,38,6.00,100.00,a,
164,38,0.00,100.00,a,3.00
165,38,0.00,0.00,u,
166,38,0.70,100.00,a,
167,38,3.30,100.00,a,
168,38,0.00,100.00,a,
169,38,0.30,100.00,a,
170,38,0.00,100.00,a,1.00
171,38,0.00,0.00,u,
172,38,0.00,0.00,u,
173,38,0.30,100.00,a,
174,38,0.00,0.00,u,
175,38,0.00,0.00,u,
176,38,0.00,0.00,u,
177,38,0.00,0.00,u,
178,38,3.00,100.00,a,2.00
179,38,0.00,0.00,u,
180,38,0.00,0.00,i,
181,38,1.00,,a,
182,38,0.50,,a,
183,38,1.30,,a,
184,38,0.00,0.00,u,
185,38,0.00,,a,
186,38,0.00,100.00,a,
187,38,1.30,100.00,a,
188,38,0.00,0.00,u,
189,38,0.00,0.00,u,
190,38,1.00,,a,
191,38,2.70,100.00,a,
192,38,0.30,,a,
193,38,0.30,100.00,a,
194,38,0.00,0.00,i,
195,38,1.00,100.00,a,
196,38,0.00,0.00,u,
197,38,0.00,0.00,u,
198,38,1.70,100.00,a,
199,38,0.00,100.00,a,
200,38,4.70,100.00,a,
201,38,0.00,0.00,u,
202,38,0.70,100.00,a,3.00
203,38,0.00,,a,
204,38,0.00,0.00,u,
205,38,0.00,0.00,i,
206,38,0.00,100.00,a,
207,38,2.00,100.00,a,
208,38,0.00,0.00,u,
209,38,1.00,100.00,a,
210,38,4.00,,a,
211,38,0.00,0.00,u,
212,38,0.00,0.00,u,
213,38,0.00,0.00,u,
214,38,0.00,100.00,a,
215,38,2.70,100.00,a,1.00
216,38,1.00,100.00,a,
217,38,0.30,100.00,a,
218,38,0.00,,a,2.00
219,38,0.00,0.00,u,
220,38,1.00,100.00,a,
221,38,1.00,100.00,a,
222,38,0.00,0.00,u,
223,38,0.00,,a,
224,38,2.00,100.00,a,
225,38,0.30,100.00,a,
226,38,0.70,100.00,a,
227,38,1.70,100.00,a,
228,38,0.50,100.00,a,
229,38,0.00,100.00,a,
230,38,2.30,0.00,s,
231,38,0.30,100.00,a,
232,38,0.00,100.00,a,
233,38,0.70,100.00,a,
234,38,0.00,0.00,u,
235,38,1.30,100.00,a,1.00
236,38,1.70,100.00,a,
237,38,7.70,100.00,a,2.00
238,38,0.00,0.00,i,3.00
239,38,0.00,25.00,d,
240,38,0.00,0.00,u,
241,38,2.00,100.00,a,
242,38,4.20,100.00,a,
243,38,0.80,100.00,a,
244,38,0.20,75.00,d,
245,38,0.00,0.00,s,
246,38,4.30,100.00,a,
247,38,0.00,100.00,a,
248,38,0.00,0.00,u,
249,38,2.50,100.00,a,
250,38,0.30,100.00,a,
251,38,0.00,0.00,u,
252,38,0.00,100.00,a,
253,38,0.00,,a,
254,38,-1.00,100.00,a,
255,38,-1.00,,a,
256,38,2.00,100.00,a,
257,38,1.20,100.00,a,
258,38,0.60,,a,
259,38,-0.80,75.00,d,
260,38,5.70,100.00,a,
261,38,0.00,0.00,i,
262,38,-0.40,100.00,a,
263,38,-0.80,100.00,a,
264,38,0.00,0.00,u,
265,38,-1.00,100.00,a,
266,38,4.80,100.00,a,
267,38,3.20,100.00,a,3.00
268,38,0.00,0.00,i,
269,38,0.00,0.00,u,
270,38,-0.80,100.00,a,
271,38,1.20,100.00,a,
272,38,-0.40,100.00,a,
273,38,2.80,100.00,a,
274,38,-1.00,,a,
275,38,0.00,0.00,u,
276,38,-0.20,100.00,a,4.00
277,38,0.00,0.00,u,
278,38,0.00,0.00,u,
279,38,0.00,0.00,u,
280,38,0.00,0.00,u,
281,38,-1.00,,a,
282,38,0.00,0.00,u,
283,38,1.00,100.00,a,2.00
284,38,0.00,0.00,i,
285,38,0.00,0.00,u,
286,38,-1.00,,a,
287,38,1.50,,a,
288,38,0.00,100.00,a,
289,38,0.00,0.00,u,
290,38,0.00,0.00,i,
291,38,5.20,100.00,a,
292,38,0.80,100.00,a,
293,38,2.00,100.00,a,
294,38,0.20,100.00,a,
295,38,2.00,100.00,a,
296,38,0.20,100.00,a,
297,38,0.00,0.00,u,
298,38,0.00,,a,
299,38,2.00,100.00,a,1.00
300,38,0.80,,a,
301,38,0.50,100.00,a,
302,38,0.20,50.00,d,
303,38,2.50,,a,2.00
304,38,1.50,100.00,a,
305,38,0.20,100.00,a,
306,38,0.00,,a,
307,38,0.00,,a,
308,38,0.00,0.00,u,
309,38,0.00,0.00,u,
310,38,3.80,,a,
311,38,2.80,100.00,a,3.00
312,38,0.00,0.00,u,
313,38,0.00,0.00,u,
314,38,3.80,,a,
315,38,0.00,0.00,u,
316,38,3.80,100.00,a,4.00
317,38,0.00,0.00,s,
318,38,2.80,100.00,a,
319,38,3.20,,a,
320,38,0.80,,a,
321,38,0.00,,a,
322,38,0.00,100.00,a,
323,38,0.00,,a,
324,38,0.50,100.00,a,
325,38,2.00,100.00,a,
326,38,0.10,25.00,d,
327,38,0.00,0.00,u,
328,38,2.10,100.00,a,
329,38,1.80,100.00,a,3.00
330,38,1.00,,a,
331,38,0.80,100.00,a,
332,38,3.20,100.00,a,
333,38,0.00,0.00,u,
334,38,0.00,0.00,u,
335,38,0.80,100.00,a,
336,38,0.50,100.00,a,
337,38,1.20,100.00,a,1.00
338,38,1.20,100.00,a,
339,38,0.00,,a,
340,38,0.00,,a,
341,38,5.00,,a,
342,38,1.30,100.00,a,
343,38,0.50,100.00,a,
344,38,6.00,100.00,a,
345,38,2.30,100.00,a,
346,38,0.30,,a,
347,38,0.00,0.00,i,
348,38,2.70,100.00,a,
349,38,0.00,0.00,u,
350,38,1.00,100.00,a,
351,38,1.00,100.00,a,
352,38,0.00,0.00,u,
353,38,1.30,100.00,a,
354,38,4.70,100.00,a,
355,38,0.00,0.00,u,
356,38,0.00,0.00,i,
357,38,0.00,0.00,u,
358,38,4.00,100.00,a,
359,38,0.00,0.00,u,
360,38,0.00,0.00,u,
361,38,0.00,0.00,u,
362,38,0.30,100.00,a,3.00
363,38,0.00,0.00,u,
364,38,0.00,0.00,u,
365,38,1.00,100.00,a,2.00
366,38,0.40,100.00,a,
367,38,1.30,100.00,a,
368,38,0.50,,a,
369,38,1.70,,a,
370,38,1.10,100.00,a,
371,38,1.50,100.00,a,
372,38,2.50,,a,
373,38,5.70,,a,
374,38,2.30,100.00,a,
375,38,0.00,0.00,i,
376,38,0.70,100.00,a,
377,38,0.00,0.00,u,
378,38,0.50,100.00,a,
379,38,0.50,,a,
380,38,0.50,,a,
381,38,1.00,100.00,a,1.00
382,38,3.30,100.00,a,
383,38,0.00,0.00,u,
384,38,3.50,100.00,a,3.00
385,38,1.30,100.00,a,
386,38,5.50,100.00,a,4.00
387,38,6.70,100.00,a,2.00
388,38,3.50,100.00,a,
389,38,-0.50,100.00,a,
390,38,4.30,100.00,a,
391,38,0.30,100.00,a,
392,38,0.20,50.00,d,
393,38,0.00,0.00,i,
394,38,0.00,0.00,u,
395,38,0.00,0.00,u,
396,38,0.50,,a,
397,38,0.00,0.00,u,
398,38,0.00,0.00,i,
399,38,0.00,0.00,u,
400,38,0.00,100.00,a,
401,38,0.50,100.00,a,
402,38,2.00,100.00,a,
403,38,0.70,100.00,a,
404,38,0.00,0.00,u,
405,38,2.30,,a,
406,38,3.30,100.00,a,
407,38,2.70,100.00,a,4.00
408,38,0.50,100.00,a,
409,38,0.70,100.00,a,
410,38,0.50,100.00,a,
411,38,2.50,100.00,a,
412,38,0.00,0.00,u,
413,38,4.50,100.00,a,2.00
414,38,4.30,100.00,a,
415,38,3.30,100.00,a,
416,38,3.00,100.00,a,
417,38,3.30,100.00,a,
418,38,7.70,100.00,a,3.00
419,38,0.00,0.00,i,
420,38,0.00,0.00,u,
421,38,2.30,100.00,a,
422,38,2.00,100.00,a,
423,38,1.00,100.00,a,
424,38,1.20,100.00,a,
425,38,0.00,0.00,u,
426,38,1.80,,a,5.00
427,38,0.70,,a,
428,38,0.50,100.00,a,
429,38,0.00,0.00,u,
430,38,7.30,100.00,a,1.00
431,38,0.00,,a,
432,38,0.00,0.00,u,
433,38,0.00,0.00,u,
434,38,0.00,,a,
435,38,0.00,,a,
436,38,0.00,0.00,i,
437,38,2.20,100.00,a,
438,38,3.00,100.00,a,
439,38,0.00,,a,
440,38,1.50,100.00,a,
441,38,0.80,100.00,a,
442,38,5.20,100.00,a,
443,38,4.80,100.00,a,
444,38,0.50,100.00,a,
445,38,0.00,0.00,u,
446,38,0.00,,a,
447,38,0.80,100.00,a,
448,38,0.00,,a,
449,38,5.50,100.00,a,1.00
450,38,4.50,100.00,a,
451,38,0.00,0.00,u,
452,38,1.80,100.00,a,
453,38,0.30,100.00,a,
454,38,0.00,0.00,u,
455,38,1.50,100.00,a,
456,38,0.50,100.00,a,
457,38,0.00,100.00,a,
458,38,5.50,100.00,a,
459,38,0.00,100.00,a,
460,38,0.00,0.00,u,
461,38,0.00,,a,
462,38,0.00,,a,
463,38,0.00,0.00,u,
464,38,0.00,0.00,u,
465,38,0.00,0.00,u,
466,38,0.80,100.00,a,
467,38,0.00,,a,
468,38,0.00,0.00,u,
469,38,3.00,100.00,a,
470,38,0.70,100.00,a,
471,38,0.00,,a,
472,38,0.00,0.00,u,
473,38,1.00,100.00,a,
474,38,0.00,0.00,i,
475,38,4.00,100.00,a,
476,38,3.20,100.00,a,
477,38,0.00,0.00,i,
478,38,0.80,100.00,a,
479,38,0.00,0.00,i,
480,38,0.00,0.00,u,
481,38,0.00,,a,
482,38,0.00,0.00,u,
483,38,0.00,,a,
484,38,0.00,0.00,u,
485,38,0.00,100.00,a,1.00
486,38,0.50,100.00,a,
487,38,4.80,,a,
488,38,4.50,100.00,a,2.00
489,38,3.50,100.00,a,
490,38,0.00,0.00,i,
491,38,1.10,75.00,d,
492,38,0.00,0.00,u,
493,38,1.00,100.00,a,
494,38,2.00,100.00,a,
495,38,0.00,0.00,u,
496,38,0.00,0.00,u,
497,38,0.00,0.00,i,
498,38,0.00,0.00,u,
499,38,2.00,100.00,a,
500,38,6.50,100.00,a,
501,38,0.00,,a,
502,38,5.00,100.00,a,
503,38,0.00,0.00,u,
504,38,0.00,0.00,u,
505,38,3.00,,a,
506,38,0.00,0.00,i,
507,38,1.70,75.00,d,
508,38,2.20,100.00,a,
509,38,0.00,0.00,u,
510,38,1.20,100.00,a,
511,38,3.20,,a,
512,38,0.00,0.00,u,
513,38,0.20,100.00,a,
514,38,0.00,0.00,i,
515,38,6.00,100.00,a,2.00
516,38,0.00,0.00,i,
517,38,8.50,100.00,a,4.00
518,38,0.00,0.00,u,
519,38,1.00,100.00,a,
520,38,0.00,0.00,u,
521,38,0.50,100.00,a,
522,38,1.00,100.00,a,
523,38,0.00,100.00,a,
524,38,0.00,0.00,u,
525,38,2.80,100.00,a,1.00
526,38,5.50,100.00,a,3.00
527,38,5.80,100.00,a,
528,38,0.00,0.00,u,
529,38,0.00,100.00,a,
530,38,0.00,0.00,u,
531,38,0.00,100.00,a,
532,38,1.80,,a,
533,38,0.00,0.00,u,
534,38,0.00,0.00,u,
535,38,0.00,100.00,a,
536,38,0.00,0.00,u,
537,38,0.00,0.00,u,
538,38,0.00,0.00,u,
539,38,1.00,100.00,a,
540,38,0.00,0.00,u,
541,38,3.20,100.00,a,
542,38,0.00,0.00,u,
543,38,0.00,0.00,u,
544,38,1.50,100.00,a,1.00
545,38,0.00,0.00,u,
546,38,0.00,100.00,a,
547,38,5.50,100.00,a,2.00
548,38,0.00,0.00,i,
549,38,0.00,0.00,u,
550,38,0.00,,a,
551,38,1.20,,a,
552,38,2.80,100.00,a,
553,38,0.00,0.00,i,
554,38,0.00,,a,
555,38,0.00,0.00,u,
556,38,0.00,0.00,u,
557,38,0.00,,a,
558,38,0.00,0.00,u,
559,38,0.00,0.00,u,
560,38,1.80,100.00,a,
561,38,0.20,,a,
562,38,0.00,,a,
563,38,0.00,0.00,u,
564,38,0.00,0.00,u,
565,38,0.00,100.00,a,
566,38,0.00,,a,
567,38,3.00,,a,
568,38,3.20,100.00,a,
569,38,0.00,0.00,i,
570,38,3.50,100.00,a,
571,38,0.00,0.00,i,
572,38,0.20,100.00,a,
573,38,2.80,100.00,a,
574,38,1.00,100.00,a,
575,38,2.50,100.00,a,
576,38,0.00,0.00,u,
577,38,0.00,0.00,u,
578,38,0.00,0.00,u,
579,38,0.00,0.00,u,
580,38,0.60,,a,
581,38,0.50,100.00,a,
582,38,0.00,0.00,i,3.00
583,38,0.00,0.00,i,
584,38,4.20,100.00,a,
585,38,3.20,100.00,a,
586,38,0.80,100.00,a,
587,38,1.00,100.00,a,
588,38,0.00,0.00,i,
589,38,0.00,0.00,u,
590,38,0.00,0.00,u,
591,38,0.00,100.00,a,
592,38,0.00,0.00,u,
593,38,1.20,100.00,a,
594,38,0.00,0.00,u,
595,38,0.00,,a,
596,38,0.20,100.00,a,2.00
597,38,5.50,100.00,a,5.00
598,38,0.00,0.00,u,
599,38,0.00,0.00,u,
600,38,0.00,100.00,a,
601,38,0.00,0.00,u,
602,38,0.00,0.00,u,
603,38,1.20,100.00,a,
604,38,0.00,0.00,u,
605,38,0.00,,a,
606,38,2.50,100.00,a,
607,38,0.00,0.00,u,
608,38,0.00,100.00,a,
609,38,0.50,100.00,a,
610,38,1.00,100.00,a,
611,38,0.00,0.00,u,
612,38,0.00,0.00,u,
613,38,3.80,100.00,a,
614,38,1.30,100.00,a,
615,38,1.50,100.00,a,
616,38,0.00,0.00,u,
617,38,0.00,0.00,u,
618,38,0.00,0.00,u,
619,38,0.00,0.00,u,
620,38,0.00,0.00,u,
621,38,0.00,0.00,u,
622,38,0.00,0.00,u,
623,38,0.20,100.00,a,
624,38,4.00,,a,2.00
625,38,0.00,0.00,u,
626,38,0.00,0.00,u,
627,38,0.00,0.00,i,
628,38,1.20,100.00,a,
629,38,1.00,100.00,a,
630,38,0.00,,a,
631,38,0.00,0.00,u,
632,38,0.00,0.00,i,
633,38,2.20,100.00,a,
634,38,1.80,100.00,a,
635,38,2.50,100.00,a,
636,38,3.80,100.00,a,
637,38,2.20,100.00,a,
638,38,0.00,0.00,u,
639,38,0.00,0.00,u,
640,38,1.20,100.00,a,
641,38,0.00,0.00,u,
642,38,1.80,100.00,a,3.00
643,38,1.80,100.00,a,
644,38,0.50,100.00,a,
645,38,0.00,0.00,u,
646,38,2.80,100.00,a,
647,38,0.00,0.00,u,
648,38,0.00,0.00,u,
649,38,0.00,0.00,u,
650,38,0.00,0.00,u,
651,38,0.20,,a,
652,38,0.00,,a,
653,38,0.00,0.00,u,
654,38,0.60,100.00,a,
655,38,0.00,0.00,u,
656,38,0.00,0.00,u,
657,38,0.00,100.00,a,
658,38,0.00,,a,
659,38,0.80,,a,
660,38,0.00,0.00,i,
661,38,0.00,0.00,i,
662,38,2.80,100.00,a,
663,38,0.00,0.00,u,
664,38,0.00,,a,
665,38,0.00,100.00,a,
666,38,6.00,100.00,a,2.00
667,38,0.00,100.00,a,
668,38,4.20,100.00,a,
669,38,0.00,100.00,a,
670,38,3.00,100.00,a,
671,38,2.00,100.00,a,
672,38,1.30,100.00,a,
673,38,4.50,100.00,a,
674,38,0.00,,a,
675,38,0.00,100.00,a,
676,38,2.30,100.00,a,
677,38,-0.80,100.00,a,
678,38,0.00,0.00,u,
679,38,2.80,,a,
680,38,0.30,100.00,a,
681,38,1.60,50.00,d,
682,38,1.00,,a,
683,38,1.60,50.00,d,
684,38,2.00,,a,
685,38,0.00,100.00,a,
686,38,2.70,,a,
687,38,0.00,,a,
688,38,-0.50,,a,
689,38,0.00,,a,
690,38,-1.00,100.00,a,
691,38,6.70,100.00,a,1.00
692,38,0.00,0.00,i,
693,38,1.80,,a,
694,38,4.80,100.00,a,
695,38,0.20,,a,
696,38,0.00,0.00,u,
697,38,0.70,,a,
698,38,0.00,0.00,i,
699,38,0.00,100.00,a,
700,38,1.20,100.00,a,
701,38,0.00,0.00,u,
702,38,-0.50,,a,
703,38,-0.50,,a,
704,38,0.00,0.00,u,
705,38,0.00,0.00,u,
706,38,4.00,100.00,a,
707,38,0.00,,a,
708,38,3.00,100.00,a,
709,38,0.50,100.00,a,
710,38,-0.50,,a,
711,38,1.00,,a,
712,38,-0.20,100.00,a,
713,38,0.00,100.00,a,
714,38,2.80,100.00,a,3.00
715,38,0.00,100.00,a,
716,38,0.00,0.00,i,
717,38,0.00,0.00,i,4.00
718,38,0.20,,a,
719,38,0.30,100.00,a,
720,38,1.20,,a,5.00
721,38,0.00,100.00,a,
722,38,3.00,,a,
723,38,1.00,100.00,a,
724,38,2.00,,a,
725,38,3.50,100.00,a,
726,38,1.50,100.00,a,
727,38,2.00,100.00,a,
728,38,4.00,100.00,a,
729,38,0.00,0.00,u,
730,38,3.00,100.00,a,
731,38,0.50,100.00,a,
732,38,-1.00,,a,
733,38,3.80,,a,
734,38,2.80,100.00,a,
735,38,0.00,100.00,a,
736,38,4.50,,a,
737,38,0.00,0.00,i,
738,38,0.00,100.00,a,
739,38,0.00,0.00,u,
740,38,0.00,0.00,u,
741,38,0.00,0.00,u,
742,38,0.50,,a,
743,38,0.00,,a,
744,38,0.00,,a,
745,38,0.00,,a,
746,38,0.50,,a,
747,38,0.00,,a,
748,38,0.00,100.00,a,
749,38,4.20,,a,
750,38,0.00,,a,
751,38,0.00,0.00,u,
752,38,0.00,,a,
753,38,0.00,,a,
754,38,-0.50,,a,
755,38,0.00,100.00,a,
756,38,0.00,,a,
757,38,-0.50,,a,
758,38,0.00,,a,
759,38,1.00,,a,
760,38,0.50,,a,
761,38,0.00,,a,
762,38,-1.00,,a,
763,38,0.50,,a,
764,38,0.50,,a,
765,38,0.00,,a,
766,38,0.00,,a,
767,38,0.00,,a,
768,38,-0.50,,a,
769,38,0.00,,a,
770,38,0.00,,a,
771,38,0.00,,a,
772,38,0.00,,a,
773,38,-1.00,,a,
774,38,0.00,,a,
775,38,0.00,0.00,u,
776,38,0.00,,a,
777,38,0.00,0.00,u,
778,38,0.00,,a,
779,38,0.00,,a,
780,38,-1.00,,a,
781,38,-0.50,,a,
782,38,0.00,,a,
783,38,3.70,,a,
784,38,0.00,,a,
785,38,1.50,100.00,a,
786,38,0.00,,a,
787,38,0.00,,a,
788,38,0.00,,a,
789,38,0.00,,a,
790,38,0.00,,a,
791,38,2.20,,a,
792,38,0.00,0.00,i,
793,38,-1.00,,a,
794,38,0.50,100.00,a,
795,38,0.00,,a,
796,38,4.20,100.00,a,
797,38,-0.30,100.00,a,
798,38,0.00,0.00,u,
799,38,0.00,,a,
800,38,0.00,100.00,a,
801,38,0.30,,a,
802,38,0.00,,a,
803,38,0.00,,a,
804,38,0.00,,a,
805,38,0.20,,a,
806,38,0.00,,a,
807,38,6.70,,a,
808,38,0.00,,a,
809,38,0.00,,a,
810,38,-0.50,,a,
811,38,0.00,,a,
812,38,0.00,,a,
813,38,0.80,100.00,a,
814,38,2.00,,a,
815,38,1.80,,a,
816,38,0.50,100.00,a,
817,38,2.00,,a,
818,38,0.00,,a,
819,38,-0.50,,a,
820,38,0.00,,a,
821,38,0.00,,a,
822,38,0.00,,a,
823,38,-0.50,,a,
824,38,-0.50,,a,
825,38,0.00,,a,
826,38,-0.50,,a,
827,38,0.00,,a,
828,38,0.00,,a,
829,38,0.30,100.00,a,
830,38,0.50,,a,
831,38,0.00,,a,
832,38,0.50,,a,
833,38,0.00,,a,
834,38,0.00,,a,
835,38,0.00,,a,
836,38,0.00,,a,
837,38,0.00,,a,
838,38,0.00,,a,
839,38,1.30,,a,
840,38,1.30,,a,
841,38,,,a,
